[2026-08-01 16:49:32] testing.ERROR: App\Http\Controllers\Sale\SaleController::payInstallment(): Argument #3 ($installment) must be of type App\Models\Sale\SaleInstallment, string given, called in /home/mtsdrf/workspace/pegaticket-saas/api/vendor/laravel/framework/src/Illuminate/Routing/ControllerDispatcher.php on line 46 {"userId":1,"exception":"[object] (TypeError(code: 0): App\\Http\\Controllers\\Sale\\SaleController::payInstallment(): Argument #3 ($installment) must be of type App\\Models\\Sale\\SaleInstallment, string given, called in /home/mtsdrf/workspace/pegaticket-saas/api/vendor/laravel/framework/src/Illuminate/Routing/ControllerDispatcher.php on line 46 at /home/mtsdrf/workspace/pegaticket-saas/api/app/Http/Controllers/Sale/SaleController.php:310)
[stacktrace]
#0 /home/mtsdrf/workspace/pegaticket-saas/api/vendor/laravel/framework/src/Illuminate/Routing/ControllerDispatcher.php(46): App\\Http\\Controllers\\Sale\\SaleController->payInstallment()
#1 /home/mtsdrf/workspace/pegaticket-saas/api/vendor/laravel/framework/src/Illuminate/Routing/Route.php(276): Illuminate\\Routing\\ControllerDispatcher->dispatch()
#2 /home/mtsdrf/workspace/pegaticket-saas/api/vendor/laravel/framework/src/Illuminate/Routing/Route.php(216): Illuminate\\Routing\\Route->runController()
#3 /home/mtsdrf/workspace/pegaticket-saas/api/vendor/laravel/framework/src/Illuminate/Routing/Router.php(822): Illuminate\\Routing\\Route->run()
#4 /home/mtsdrf/workspace/pegaticket-saas/api/vendor/laravel/framework/src/Illuminate/Pipeline/Pipeline.php(180): Illuminate\\Routing\\Router->{closure:Illuminate\\Routing\\Router::runRouteWithinStack():821}()
#5 /home/mtsdrf/workspace/pegaticket-saas/api/app/Http/Middleware/ThrottleRequests.php(45): Illuminate\\Pipeline\\Pipeline->{closure:Illuminate\\Pipeline\\Pipeline::prepareDestination():178}()
#6 /home/mtsdrf/workspace/pegaticket-saas/api/vendor/laravel/framework/src/Illuminate/Pipeline/Pipeline.php(219): App\\Http\\Middleware\\ThrottleRequests->handle()
#7 /home/mtsdrf/workspace/pegaticket-saas/api/app/Http/Middleware/CheckPermission.php(58): Illuminate\\Pipeline\\Pipeline->{closure:{closure:Illuminate\\Pipeline\\Pipeline::carry():194}:195}()
#8 /home/mtsdrf/workspace/pegaticket-saas/api/vendor/laravel/framework/src/Illuminate/Pipeline/Pipeline.php(219): App\\Http\\Middleware\\CheckPermission->handle()
#9 /home/mtsdrf/workspace/pegaticket-saas/api/app/Http/Middleware/ResolveTenant.php(66): Illuminate\\Pipeline\\Pipeline->{closure:{closure:Illuminate\\Pipeline\\Pipeline::carry():194}:195}()
#10 /home/mtsdrf/workspace/pegaticket-saas/api/vendor/laravel/framework/src/Illuminate/Pipeline/Pipeline.php(219): App\\Http\\Middleware\\ResolveTenant->handle()
#11 /home/mtsdrf/workspace/pegaticket-saas/api/app/Http/Middleware/JwtAccessMiddleware.php(67): Illuminate\\Pipeline\\Pipeline->{closure:{closure:Illuminate\\Pipeline\\Pipeline::carry():194}:195}()
#12 /home/mtsdrf/workspace/pegaticket-saas/api/vendor/laravel/framework/src/Illuminate/Pipeline/Pipeline.php(219): App\\Http\\Middleware\\JwtAccessMiddleware->handle()
#13 /home/mtsdrf/workspace/pegaticket-saas/api/vendor/laravel/framework/src/Illuminate/Routing/Middleware/SubstituteBindings.php(52): Illuminate\\Pipeline\\Pipeline->{closure:{closure:Illuminate\\Pipeline\\Pipeline::carry():194}:195}()
#14 /home/mtsdrf/workspace/pegaticket-saas/api/vendor/laravel/framework/src/Illuminate/Pipeline/Pipeline.php(219): Illuminate\\Routing\\Middleware\\SubstituteBindings->handle()
#15 /home/mtsdrf/workspace/pegaticket-saas/api/vendor/laravel/framework/src/Illuminate/Pipeline/Pipeline.php(137): Illuminate\\Pipeline\\Pipeline->{closure:{closure:Illuminate\\Pipeline\\Pipeline::carry():194}:195}()
#16 /home/mtsdrf/workspace/pegaticket-saas/api/vendor/laravel/framework/src/Illuminate/Routing/Router.php(821): Illuminate\\Pipeline\\Pipeline->then()
#17 /home/mtsdrf/workspace/pegaticket-saas/api/vendor/laravel/framework/src/Illuminate/Routing/Router.php(800): Illuminate\\Routing\\Router->runRouteWithinStack()
#18 /home/mtsdrf/workspace/pegaticket-saas/api/vendor/laravel/framework/src/Illuminate/Routing/Router.php(764): Illuminate\\Routing\\Router->runRoute()
#19 /home/mtsdrf/workspace/pegaticket-saas/api/vendor/laravel/framework/src/Illuminate/Routing/Router.php(753): Illuminate\\Routing\\Router->dispatchToRoute()
#20 /home/mtsdrf/workspace/pegaticket-saas/api/vendor/laravel/framework/src/Illuminate/Foundation/Http/Kernel.php(200): Illuminate\\Routing\\Router->dispatch()
#21 /home/mtsdrf/workspace/pegaticket-saas/api/vendor/laravel/framework/src/Illuminate/Pipeline/Pipeline.php(180): Illuminate\\Foundation\\Http\\Kernel->{closure:Illuminate\\Foundation\\Http\\Kernel::dispatchToRouter():197}()
#22 /home/mtsdrf/workspace/pegaticket-saas/api/app/Http/Middleware/SetLocale.php(17): Illuminate\\Pipeline\\Pipeline->{closure:Illuminate\\Pipeline\\Pipeline::prepareDestination():178}()
#23 /home/mtsdrf/workspace/pegaticket-saas/api/vendor/laravel/framework/src/Illuminate/Pipeline/Pipeline.php(219): App\\Http\\Middleware\\SetLocale->handle()
#24 /home/mtsdrf/workspace/pegaticket-saas/api/app/Http/Middleware/ApplicationRequestLogger.php(15): Illuminate\\Pipeline\\Pipeline->{closure:{closure:Illuminate\\Pipeline\\Pipeline::carry():194}:195}()
#25 /home/mtsdrf/workspace/pegaticket-saas/api/vendor/laravel/framework/src/Illuminate/Pipeline/Pipeline.php(219): App\\Http\\Middleware\\ApplicationRequestLogger->handle()
#26 /home/mtsdrf/workspace/pegaticket-saas/api/app/Http/Middleware/RequestId.php(16): Illuminate\\Pipeline\\Pipeline->{closure:{closure:Illuminate\\Pipeline\\Pipeline::carry():194}:195}()
#27 /home/mtsdrf/workspace/pegaticket-saas/api/vendor/laravel/framework/src/Illuminate/Pipeline/Pipeline.php(219): App\\Http\\Middleware\\RequestId->handle()
#28 /home/mtsdrf/workspace/pegaticket-saas/api/app/Http/Middleware/ApiHardening.php(14): Illuminate\\Pipeline\\Pipeline->{closure:{closure:Illuminate\\Pipeline\\Pipeline::carry():194}:195}()
#29 /home/mtsdrf/workspace/pegaticket-saas/api/vendor/laravel/framework/src/Illuminate/Pipeline/Pipeline.php(219): App\\Http\\Middleware\\ApiHardening->handle()
#30 /home/mtsdrf/workspace/pegaticket-saas/api/vendor/laravel/framework/src/Illuminate/Foundation/Http/Middleware/TransformsRequest.php(21): Illuminate\\Pipeline\\Pipeline->{closure:{closure:Illuminate\\Pipeline\\Pipeline::carry():194}:195}()
#31 /home/mtsdrf/workspace/pegaticket-saas/api/vendor/laravel/framework/src/Illuminate/Foundation/Http/Middleware/ConvertEmptyStringsToNull.php(31): Illuminate\\Foundation\\Http\\Middleware\\TransformsRequest->handle()
#32 /home/mtsdrf/workspace/pegaticket-saas/api/vendor/laravel/framework/src/Illuminate/Pipeline/Pipeline.php(219): Illuminate\\Foundation\\Http\\Middleware\\ConvertEmptyStringsToNull->handle()
#33 /home/mtsdrf/workspace/pegaticket-saas/api/vendor/laravel/framework/src/Illuminate/Foundation/Http/Middleware/TransformsRequest.php(21): Illuminate\\Pipeline\\Pipeline->{closure:{closure:Illuminate\\Pipeline\\Pipeline::carry():194}:195}()
#34 /home/mtsdrf/workspace/pegaticket-saas/api/vendor/laravel/framework/src/Illuminate/Foundation/Http/Middleware/TrimStrings.php(51): Illuminate\\Foundation\\Http\\Middleware\\TransformsRequest->handle()
#35 /home/mtsdrf/workspace/pegaticket-saas/api/vendor/laravel/framework/src/Illuminate/Pipeline/Pipeline.php(219): Illuminate\\Foundation\\Http\\Middleware\\TrimStrings->handle()
#36 /home/mtsdrf/workspace/pegaticket-saas/api/vendor/laravel/framework/src/Illuminate/Http/Middleware/ValidatePostSize.php(27): Illuminate\\Pipeline\\Pipeline->{closure:{closure:Illuminate\\Pipeline\\Pipeline::carry():194}:195}()
#37 /home/mtsdrf/workspace/pegaticket-saas/api/vendor/laravel/framework/src/Illuminate/Pipeline/Pipeline.php(219): Illuminate\\Http\\Middleware\\ValidatePostSize->handle()
#38 /home/mtsdrf/workspace/pegaticket-saas/api/vendor/laravel/framework/src/Illuminate/Foundation/Http/Middleware/PreventRequestsDuringMaintenance.php(109): Illuminate\\Pipeline\\Pipeline->{closure:{closure:Illuminate\\Pipeline\\Pipeline::carry():194}:195}()
#39 /home/mtsdrf/workspace/pegaticket-saas/api/vendor/laravel/framework/src/Illuminate/Pipeline/Pipeline.php(219): Illuminate\\Foundation\\Http\\Middleware\\PreventRequestsDuringMaintenance->handle()
#40 /home/mtsdrf/workspace/pegaticket-saas/api/vendor/laravel/framework/src/Illuminate/Http/Middleware/HandleCors.php(74): Illuminate\\Pipeline\\Pipeline->{closure:{closure:Illuminate\\Pipeline\\Pipeline::carry():194}:195}()
#41 /home/mtsdrf/workspace/pegaticket-saas/api/vendor/laravel/framework/src/Illuminate/Pipeline/Pipeline.php(219): Illuminate\\Http\\Middleware\\HandleCors->handle()
#42 /home/mtsdrf/workspace/pegaticket-saas/api/vendor/laravel/framework/src/Illuminate/Http/Middleware/TrustProxies.php(58): Illuminate\\Pipeline\\Pipeline->{closure:{closure:Illuminate\\Pipeline\\Pipeline::carry():194}:195}()
#43 /home/mtsdrf/workspace/pegaticket-saas/api/vendor/laravel/framework/src/Illuminate/Pipeline/Pipeline.php(219): Illuminate\\Http\\Middleware\\TrustProxies->handle()
#44 /home/mtsdrf/workspace/pegaticket-saas/api/vendor/laravel/framework/src/Illuminate/Foundation/Http/Middleware/InvokeDeferredCallbacks.php(22): Illuminate\\Pipeline\\Pipeline->{closure:{closure:Illuminate\\Pipeline\\Pipeline::carry():194}:195}()
#45 /home/mtsdrf/workspace/pegaticket-saas/api/vendor/laravel/framework/src/Illuminate/Pipeline/Pipeline.php(219): Illuminate\\Foundation\\Http\\Middleware\\InvokeDeferredCallbacks->handle()
#46 /home/mtsdrf/workspace/pegaticket-saas/api/vendor/laravel/framework/src/Illuminate/Http/Middleware/ValidatePathEncoding.php(28): Illuminate\\Pipeline\\Pipeline->{closure:{closure:Illuminate\\Pipeline\\Pipeline::carry():194}:195}()
#47 /home/mtsdrf/workspace/pegaticket-saas/api/vendor/laravel/framework/src/Illuminate/Pipeline/Pipeline.php(219): Illuminate\\Http\\Middleware\\ValidatePathEncoding->handle()
#48 /home/mtsdrf/workspace/pegaticket-saas/api/vendor/laravel/framework/src/Illuminate/Pipeline/Pipeline.php(137): Illuminate\\Pipeline\\Pipeline->{closure:{closure:Illuminate\\Pipeline\\Pipeline::carry():194}:195}()
#49 /home/mtsdrf/workspace/pegaticket-saas/api/vendor/laravel/framework/src/Illuminate/Foundation/Http/Kernel.php(175): Illuminate\\Pipeline\\Pipeline->then()
#50 /home/mtsdrf/workspace/pegaticket-saas/api/vendor/laravel/framework/src/Illuminate/Foundation/Http/Kernel.php(144): Illuminate\\Foundation\\Http\\Kernel->sendRequestThroughRouter()
#51 /home/mtsdrf/workspace/pegaticket-saas/api/vendor/laravel/framework/src/Illuminate/Foundation/Testing/Concerns/MakesHttpRequests.php(638): Illuminate\\Foundation\\Http\\Kernel->handle()
#52 /home/mtsdrf/workspace/pegaticket-saas/api/vendor/laravel/framework/src/Illuminate/Foundation/Testing/Concerns/MakesHttpRequests.php(604): Illuminate\\Foundation\\Testing\\TestCase->call()
#53 /home/mtsdrf/workspace/pegaticket-saas/api/vendor/laravel/framework/src/Illuminate/Foundation/Testing/Concerns/MakesHttpRequests.php(471): Illuminate\\Foundation\\Testing\\TestCase->json()
#54 /home/mtsdrf/workspace/pegaticket-saas/api/tests/Feature/Sales/SaleInstallmentTest.php(129): Illuminate\\Foundation\\Testing\\TestCase->patchJson()
#55 /home/mtsdrf/workspace/pegaticket-saas/api/vendor/phpunit/phpunit/src/Framework/TestCase.php(1318): Tests\\Feature\\Sales\\SaleInstallmentTest->paid_installment_cannot_be_edited_or_deleted()
#56 /home/mtsdrf/workspace/pegaticket-saas/api/vendor/phpunit/phpunit/src/Framework/TestCase.php(1355): PHPUnit\\Framework\\TestCase->invokeTestMethod()
#57 /home/mtsdrf/workspace/pegaticket-saas/api/vendor/phpunit/phpunit/src/Framework/TestCase.php(521): PHPUnit\\Framework\\TestCase->runTest()
#58 /home/mtsdrf/workspace/pegaticket-saas/api/vendor/phpunit/phpunit/src/Framework/TestRunner/TestRunner.php(99): PHPUnit\\Framework\\TestCase->runBare()
#59 /home/mtsdrf/workspace/pegaticket-saas/api/vendor/phpunit/phpunit/src/Framework/TestCase.php(361): PHPUnit\\Framework\\TestRunner->run()
#60 /home/mtsdrf/workspace/pegaticket-saas/api/vendor/phpunit/phpunit/src/Framework/TestSuite.php(374): PHPUnit\\Framework\\TestCase->run()
#61 /home/mtsdrf/workspace/pegaticket-saas/api/vendor/phpunit/phpunit/src/Framework/TestSuite.php(374): PHPUnit\\Framework\\TestSuite->run()
#62 /home/mtsdrf/workspace/pegaticket-saas/api/vendor/phpunit/phpunit/src/Framework/TestSuite.php(374): PHPUnit\\Framework\\TestSuite->run()
#63 /home/mtsdrf/workspace/pegaticket-saas/api/vendor/phpunit/phpunit/src/TextUI/TestRunner.php(64): PHPUnit\\Framework\\TestSuite->run()
#64 /home/mtsdrf/workspace/pegaticket-saas/api/vendor/phpunit/phpunit/src/TextUI/Application.php(229): PHPUnit\\TextUI\\TestRunner->run()
#65 /home/mtsdrf/workspace/pegaticket-saas/api/vendor/phpunit/phpunit/phpunit(104): PHPUnit\\TextUI\\Application->run()
#66 {main}
"} 
[2026-08-01 16:49:33] testing.ERROR: App\Http\Controllers\Sale\SaleController::payInstallment(): Argument #3 ($installment) must be of type App\Models\Sale\SaleInstallment, string given, called in /home/mtsdrf/workspace/pegaticket-saas/api/vendor/laravel/framework/src/Illuminate/Routing/ControllerDispatcher.php on line 46 {"userId":1,"exception":"[object] (TypeError(code: 0): App\\Http\\Controllers\\Sale\\SaleController::payInstallment(): Argument #3 ($installment) must be of type App\\Models\\Sale\\SaleInstallment, string given, called in /home/mtsdrf/workspace/pegaticket-saas/api/vendor/laravel/framework/src/Illuminate/Routing/ControllerDispatcher.php on line 46 at /home/mtsdrf/workspace/pegaticket-saas/api/app/Http/Controllers/Sale/SaleController.php:310)
[stacktrace]
#0 /home/mtsdrf/workspace/pegaticket-saas/api/vendor/laravel/framework/src/Illuminate/Routing/ControllerDispatcher.php(46): App\\Http\\Controllers\\Sale\\SaleController->payInstallment()
#1 /home/mtsdrf/workspace/pegaticket-saas/api/vendor/laravel/framework/src/Illuminate/Routing/Route.php(276): Illuminate\\Routing\\ControllerDispatcher->dispatch()
#2 /home/mtsdrf/workspace/pegaticket-saas/api/vendor/laravel/framework/src/Illuminate/Routing/Route.php(216): Illuminate\\Routing\\Route->runController()
#3 /home/mtsdrf/workspace/pegaticket-saas/api/vendor/laravel/framework/src/Illuminate/Routing/Router.php(822): Illuminate\\Routing\\Route->run()
#4 /home/mtsdrf/workspace/pegaticket-saas/api/vendor/laravel/framework/src/Illuminate/Pipeline/Pipeline.php(180): Illuminate\\Routing\\Router->{closure:Illuminate\\Routing\\Router::runRouteWithinStack():821}()
#5 /home/mtsdrf/workspace/pegaticket-saas/api/app/Http/Middleware/ThrottleRequests.php(45): Illuminate\\Pipeline\\Pipeline->{closure:Illuminate\\Pipeline\\Pipeline::prepareDestination():178}()
#6 /home/mtsdrf/workspace/pegaticket-saas/api/vendor/laravel/framework/src/Illuminate/Pipeline/Pipeline.php(219): App\\Http\\Middleware\\ThrottleRequests->handle()
#7 /home/mtsdrf/workspace/pegaticket-saas/api/app/Http/Middleware/CheckPermission.php(58): Illuminate\\Pipeline\\Pipeline->{closure:{closure:Illuminate\\Pipeline\\Pipeline::carry():194}:195}()
#8 /home/mtsdrf/workspace/pegaticket-saas/api/vendor/laravel/framework/src/Illuminate/Pipeline/Pipeline.php(219): App\\Http\\Middleware\\CheckPermission->handle()
#9 /home/mtsdrf/workspace/pegaticket-saas/api/app/Http/Middleware/ResolveTenant.php(66): Illuminate\\Pipeline\\Pipeline->{closure:{closure:Illuminate\\Pipeline\\Pipeline::carry():194}:195}()
#10 /home/mtsdrf/workspace/pegaticket-saas/api/vendor/laravel/framework/src/Illuminate/Pipeline/Pipeline.php(219): App\\Http\\Middleware\\ResolveTenant->handle()
#11 /home/mtsdrf/workspace/pegaticket-saas/api/app/Http/Middleware/JwtAccessMiddleware.php(67): Illuminate\\Pipeline\\Pipeline->{closure:{closure:Illuminate\\Pipeline\\Pipeline::carry():194}:195}()
#12 /home/mtsdrf/workspace/pegaticket-saas/api/vendor/laravel/framework/src/Illuminate/Pipeline/Pipeline.php(219): App\\Http\\Middleware\\JwtAccessMiddleware->handle()
#13 /home/mtsdrf/workspace/pegaticket-saas/api/vendor/laravel/framework/src/Illuminate/Routing/Middleware/SubstituteBindings.php(52): Illuminate\\Pipeline\\Pipeline->{closure:{closure:Illuminate\\Pipeline\\Pipeline::carry():194}:195}()
#14 /home/mtsdrf/workspace/pegaticket-saas/api/vendor/laravel/framework/src/Illuminate/Pipeline/Pipeline.php(219): Illuminate\\Routing\\Middleware\\SubstituteBindings->handle()
#15 /home/mtsdrf/workspace/pegaticket-saas/api/vendor/laravel/framework/src/Illuminate/Pipeline/Pipeline.php(137): Illuminate\\Pipeline\\Pipeline->{closure:{closure:Illuminate\\Pipeline\\Pipeline::carry():194}:195}()
#16 /home/mtsdrf/workspace/pegaticket-saas/api/vendor/laravel/framework/src/Illuminate/Routing/Router.php(821): Illuminate\\Pipeline\\Pipeline->then()
#17 /home/mtsdrf/workspace/pegaticket-saas/api/vendor/laravel/framework/src/Illuminate/Routing/Router.php(800): Illuminate\\Routing\\Router->runRouteWithinStack()
#18 /home/mtsdrf/workspace/pegaticket-saas/api/vendor/laravel/framework/src/Illuminate/Routing/Router.php(764): Illuminate\\Routing\\Router->runRoute()
#19 /home/mtsdrf/workspace/pegaticket-saas/api/vendor/laravel/framework/src/Illuminate/Routing/Router.php(753): Illuminate\\Routing\\Router->dispatchToRoute()
#20 /home/mtsdrf/workspace/pegaticket-saas/api/vendor/laravel/framework/src/Illuminate/Foundation/Http/Kernel.php(200): Illuminate\\Routing\\Router->dispatch()
#21 /home/mtsdrf/workspace/pegaticket-saas/api/vendor/laravel/framework/src/Illuminate/Pipeline/Pipeline.php(180): Illuminate\\Foundation\\Http\\Kernel->{closure:Illuminate\\Foundation\\Http\\Kernel::dispatchToRouter():197}()
#22 /home/mtsdrf/workspace/pegaticket-saas/api/app/Http/Middleware/SetLocale.php(17): Illuminate\\Pipeline\\Pipeline->{closure:Illuminate\\Pipeline\\Pipeline::prepareDestination():178}()
#23 /home/mtsdrf/workspace/pegaticket-saas/api/vendor/laravel/framework/src/Illuminate/Pipeline/Pipeline.php(219): App\\Http\\Middleware\\SetLocale->handle()
#24 /home/mtsdrf/workspace/pegaticket-saas/api/app/Http/Middleware/ApplicationRequestLogger.php(15): Illuminate\\Pipeline\\Pipeline->{closure:{closure:Illuminate\\Pipeline\\Pipeline::carry():194}:195}()
#25 /home/mtsdrf/workspace/pegaticket-saas/api/vendor/laravel/framework/src/Illuminate/Pipeline/Pipeline.php(219): App\\Http\\Middleware\\ApplicationRequestLogger->handle()
#26 /home/mtsdrf/workspace/pegaticket-saas/api/app/Http/Middleware/RequestId.php(16): Illuminate\\Pipeline\\Pipeline->{closure:{closure:Illuminate\\Pipeline\\Pipeline::carry():194}:195}()
#27 /home/mtsdrf/workspace/pegaticket-saas/api/vendor/laravel/framework/src/Illuminate/Pipeline/Pipeline.php(219): App\\Http\\Middleware\\RequestId->handle()
#28 /home/mtsdrf/workspace/pegaticket-saas/api/app/Http/Middleware/ApiHardening.php(14): Illuminate\\Pipeline\\Pipeline->{closure:{closure:Illuminate\\Pipeline\\Pipeline::carry():194}:195}()
#29 /home/mtsdrf/workspace/pegaticket-saas/api/vendor/laravel/framework/src/Illuminate/Pipeline/Pipeline.php(219): App\\Http\\Middleware\\ApiHardening->handle()
#30 /home/mtsdrf/workspace/pegaticket-saas/api/vendor/laravel/framework/src/Illuminate/Foundation/Http/Middleware/TransformsRequest.php(21): Illuminate\\Pipeline\\Pipeline->{closure:{closure:Illuminate\\Pipeline\\Pipeline::carry():194}:195}()
#31 /home/mtsdrf/workspace/pegaticket-saas/api/vendor/laravel/framework/src/Illuminate/Foundation/Http/Middleware/ConvertEmptyStringsToNull.php(31): Illuminate\\Foundation\\Http\\Middleware\\TransformsRequest->handle()
#32 /home/mtsdrf/workspace/pegaticket-saas/api/vendor/laravel/framework/src/Illuminate/Pipeline/Pipeline.php(219): Illuminate\\Foundation\\Http\\Middleware\\ConvertEmptyStringsToNull->handle()
#33 /home/mtsdrf/workspace/pegaticket-saas/api/vendor/laravel/framework/src/Illuminate/Foundation/Http/Middleware/TransformsRequest.php(21): Illuminate\\Pipeline\\Pipeline->{closure:{closure:Illuminate\\Pipeline\\Pipeline::carry():194}:195}()
#34 /home/mtsdrf/workspace/pegaticket-saas/api/vendor/laravel/framework/src/Illuminate/Foundation/Http/Middleware/TrimStrings.php(51): Illuminate\\Foundation\\Http\\Middleware\\TransformsRequest->handle()
#35 /home/mtsdrf/workspace/pegaticket-saas/api/vendor/laravel/framework/src/Illuminate/Pipeline/Pipeline.php(219): Illuminate\\Foundation\\Http\\Middleware\\TrimStrings->handle()
#36 /home/mtsdrf/workspace/pegaticket-saas/api/vendor/laravel/framework/src/Illuminate/Http/Middleware/ValidatePostSize.php(27): Illuminate\\Pipeline\\Pipeline->{closure:{closure:Illuminate\\Pipeline\\Pipeline::carry():194}:195}()
#37 /home/mtsdrf/workspace/pegaticket-saas/api/vendor/laravel/framework/src/Illuminate/Pipeline/Pipeline.php(219): Illuminate\\Http\\Middleware\\ValidatePostSize->handle()
#38 /home/mtsdrf/workspace/pegaticket-saas/api/vendor/laravel/framework/src/Illuminate/Foundation/Http/Middleware/PreventRequestsDuringMaintenance.php(109): Illuminate\\Pipeline\\Pipeline->{closure:{closure:Illuminate\\Pipeline\\Pipeline::carry():194}:195}()
#39 /home/mtsdrf/workspace/pegaticket-saas/api/vendor/laravel/framework/src/Illuminate/Pipeline/Pipeline.php(219): Illuminate\\Foundation\\Http\\Middleware\\PreventRequestsDuringMaintenance->handle()
#40 /home/mtsdrf/workspace/pegaticket-saas/api/vendor/laravel/framework/src/Illuminate/Http/Middleware/HandleCors.php(74): Illuminate\\Pipeline\\Pipeline->{closure:{closure:Illuminate\\Pipeline\\Pipeline::carry():194}:195}()
#41 /home/mtsdrf/workspace/pegaticket-saas/api/vendor/laravel/framework/src/Illuminate/Pipeline/Pipeline.php(219): Illuminate\\Http\\Middleware\\HandleCors->handle()
#42 /home/mtsdrf/workspace/pegaticket-saas/api/vendor/laravel/framework/src/Illuminate/Http/Middleware/TrustProxies.php(58): Illuminate\\Pipeline\\Pipeline->{closure:{closure:Illuminate\\Pipeline\\Pipeline::carry():194}:195}()
#43 /home/mtsdrf/workspace/pegaticket-saas/api/vendor/laravel/framework/src/Illuminate/Pipeline/Pipeline.php(219): Illuminate\\Http\\Middleware\\TrustProxies->handle()
#44 /home/mtsdrf/workspace/pegaticket-saas/api/vendor/laravel/framework/src/Illuminate/Foundation/Http/Middleware/InvokeDeferredCallbacks.php(22): Illuminate\\Pipeline\\Pipeline->{closure:{closure:Illuminate\\Pipeline\\Pipeline::carry():194}:195}()
#45 /home/mtsdrf/workspace/pegaticket-saas/api/vendor/laravel/framework/src/Illuminate/Pipeline/Pipeline.php(219): Illuminate\\Foundation\\Http\\Middleware\\InvokeDeferredCallbacks->handle()
#46 /home/mtsdrf/workspace/pegaticket-saas/api/vendor/laravel/framework/src/Illuminate/Http/Middleware/ValidatePathEncoding.php(28): Illuminate\\Pipeline\\Pipeline->{closure:{closure:Illuminate\\Pipeline\\Pipeline::carry():194}:195}()
#47 /home/mtsdrf/workspace/pegaticket-saas/api/vendor/laravel/framework/src/Illuminate/Pipeline/Pipeline.php(219): Illuminate\\Http\\Middleware\\ValidatePathEncoding->handle()
#48 /home/mtsdrf/workspace/pegaticket-saas/api/vendor/laravel/framework/src/Illuminate/Pipeline/Pipeline.php(137): Illuminate\\Pipeline\\Pipeline->{closure:{closure:Illuminate\\Pipeline\\Pipeline::carry():194}:195}()
#49 /home/mtsdrf/workspace/pegaticket-saas/api/vendor/laravel/framework/src/Illuminate/Foundation/Http/Kernel.php(175): Illuminate\\Pipeline\\Pipeline->then()
#50 /home/mtsdrf/workspace/pegaticket-saas/api/vendor/laravel/framework/src/Illuminate/Foundation/Http/Kernel.php(144): Illuminate\\Foundation\\Http\\Kernel->sendRequestThroughRouter()
#51 /home/mtsdrf/workspace/pegaticket-saas/api/vendor/laravel/framework/src/Illuminate/Foundation/Testing/Concerns/MakesHttpRequests.php(638): Illuminate\\Foundation\\Http\\Kernel->handle()
#52 /home/mtsdrf/workspace/pegaticket-saas/api/vendor/laravel/framework/src/Illuminate/Foundation/Testing/Concerns/MakesHttpRequests.php(604): Illuminate\\Foundation\\Testing\\TestCase->call()
#53 /home/mtsdrf/workspace/pegaticket-saas/api/vendor/laravel/framework/src/Illuminate/Foundation/Testing/Concerns/MakesHttpRequests.php(471): Illuminate\\Foundation\\Testing\\TestCase->json()
#54 /home/mtsdrf/workspace/pegaticket-saas/api/tests/Feature/Sales/SaleInstallmentTest.php(447): Illuminate\\Foundation\\Testing\\TestCase->patchJson()
#55 /home/mtsdrf/workspace/pegaticket-saas/api/vendor/phpunit/phpunit/src/Framework/TestCase.php(1318): Tests\\Feature\\Sales\\SaleInstallmentTest->reallocate_rejects_payload_referencing_a_paid_installment()
#56 /home/mtsdrf/workspace/pegaticket-saas/api/vendor/phpunit/phpunit/src/Framework/TestCase.php(1355): PHPUnit\\Framework\\TestCase->invokeTestMethod()
#57 /home/mtsdrf/workspace/pegaticket-saas/api/vendor/phpunit/phpunit/src/Framework/TestCase.php(521): PHPUnit\\Framework\\TestCase->runTest()
#58 /home/mtsdrf/workspace/pegaticket-saas/api/vendor/phpunit/phpunit/src/Framework/TestRunner/TestRunner.php(99): PHPUnit\\Framework\\TestCase->runBare()
#59 /home/mtsdrf/workspace/pegaticket-saas/api/vendor/phpunit/phpunit/src/Framework/TestCase.php(361): PHPUnit\\Framework\\TestRunner->run()
#60 /home/mtsdrf/workspace/pegaticket-saas/api/vendor/phpunit/phpunit/src/Framework/TestSuite.php(374): PHPUnit\\Framework\\TestCase->run()
#61 /home/mtsdrf/workspace/pegaticket-saas/api/vendor/phpunit/phpunit/src/Framework/TestSuite.php(374): PHPUnit\\Framework\\TestSuite->run()
#62 /home/mtsdrf/workspace/pegaticket-saas/api/vendor/phpunit/phpunit/src/Framework/TestSuite.php(374): PHPUnit\\Framework\\TestSuite->run()
#63 /home/mtsdrf/workspace/pegaticket-saas/api/vendor/phpunit/phpunit/src/TextUI/TestRunner.php(64): PHPUnit\\Framework\\TestSuite->run()
#64 /home/mtsdrf/workspace/pegaticket-saas/api/vendor/phpunit/phpunit/src/TextUI/Application.php(229): PHPUnit\\TextUI\\TestRunner->run()
#65 /home/mtsdrf/workspace/pegaticket-saas/api/vendor/phpunit/phpunit/phpunit(104): PHPUnit\\TextUI\\Application->run()
#66 {main}
"} 
[2026-08-01 16:49:34] testing.ERROR: App\Http\Controllers\Sale\SaleController::payInstallment(): Argument #3 ($installment) must be of type App\Models\Sale\SaleInstallment, string given, called in /home/mtsdrf/workspace/pegaticket-saas/api/vendor/laravel/framework/src/Illuminate/Routing/ControllerDispatcher.php on line 46 {"userId":1,"exception":"[object] (TypeError(code: 0): App\\Http\\Controllers\\Sale\\SaleController::payInstallment(): Argument #3 ($installment) must be of type App\\Models\\Sale\\SaleInstallment, string given, called in /home/mtsdrf/workspace/pegaticket-saas/api/vendor/laravel/framework/src/Illuminate/Routing/ControllerDispatcher.php on line 46 at /home/mtsdrf/workspace/pegaticket-saas/api/app/Http/Controllers/Sale/SaleController.php:310)
[stacktrace]
#0 /home/mtsdrf/workspace/pegaticket-saas/api/vendor/laravel/framework/src/Illuminate/Routing/ControllerDispatcher.php(46): App\\Http\\Controllers\\Sale\\SaleController->payInstallment()
#1 /home/mtsdrf/workspace/pegaticket-saas/api/vendor/laravel/framework/src/Illuminate/Routing/Route.php(276): Illuminate\\Routing\\ControllerDispatcher->dispatch()
#2 /home/mtsdrf/workspace/pegaticket-saas/api/vendor/laravel/framework/src/Illuminate/Routing/Route.php(216): Illuminate\\Routing\\Route->runController()
#3 /home/mtsdrf/workspace/pegaticket-saas/api/vendor/laravel/framework/src/Illuminate/Routing/Router.php(822): Illuminate\\Routing\\Route->run()
#4 /home/mtsdrf/workspace/pegaticket-saas/api/vendor/laravel/framework/src/Illuminate/Pipeline/Pipeline.php(180): Illuminate\\Routing\\Router->{closure:Illuminate\\Routing\\Router::runRouteWithinStack():821}()
#5 /home/mtsdrf/workspace/pegaticket-saas/api/app/Http/Middleware/ThrottleRequests.php(45): Illuminate\\Pipeline\\Pipeline->{closure:Illuminate\\Pipeline\\Pipeline::prepareDestination():178}()
#6 /home/mtsdrf/workspace/pegaticket-saas/api/vendor/laravel/framework/src/Illuminate/Pipeline/Pipeline.php(219): App\\Http\\Middleware\\ThrottleRequests->handle()
#7 /home/mtsdrf/workspace/pegaticket-saas/api/app/Http/Middleware/CheckPermission.php(58): Illuminate\\Pipeline\\Pipeline->{closure:{closure:Illuminate\\Pipeline\\Pipeline::carry():194}:195}()
#8 /home/mtsdrf/workspace/pegaticket-saas/api/vendor/laravel/framework/src/Illuminate/Pipeline/Pipeline.php(219): App\\Http\\Middleware\\CheckPermission->handle()
#9 /home/mtsdrf/workspace/pegaticket-saas/api/app/Http/Middleware/ResolveTenant.php(66): Illuminate\\Pipeline\\Pipeline->{closure:{closure:Illuminate\\Pipeline\\Pipeline::carry():194}:195}()
#10 /home/mtsdrf/workspace/pegaticket-saas/api/vendor/laravel/framework/src/Illuminate/Pipeline/Pipeline.php(219): App\\Http\\Middleware\\ResolveTenant->handle()
#11 /home/mtsdrf/workspace/pegaticket-saas/api/app/Http/Middleware/JwtAccessMiddleware.php(67): Illuminate\\Pipeline\\Pipeline->{closure:{closure:Illuminate\\Pipeline\\Pipeline::carry():194}:195}()
#12 /home/mtsdrf/workspace/pegaticket-saas/api/vendor/laravel/framework/src/Illuminate/Pipeline/Pipeline.php(219): App\\Http\\Middleware\\JwtAccessMiddleware->handle()
#13 /home/mtsdrf/workspace/pegaticket-saas/api/vendor/laravel/framework/src/Illuminate/Routing/Middleware/SubstituteBindings.php(52): Illuminate\\Pipeline\\Pipeline->{closure:{closure:Illuminate\\Pipeline\\Pipeline::carry():194}:195}()
#14 /home/mtsdrf/workspace/pegaticket-saas/api/vendor/laravel/framework/src/Illuminate/Pipeline/Pipeline.php(219): Illuminate\\Routing\\Middleware\\SubstituteBindings->handle()
#15 /home/mtsdrf/workspace/pegaticket-saas/api/vendor/laravel/framework/src/Illuminate/Pipeline/Pipeline.php(137): Illuminate\\Pipeline\\Pipeline->{closure:{closure:Illuminate\\Pipeline\\Pipeline::carry():194}:195}()
#16 /home/mtsdrf/workspace/pegaticket-saas/api/vendor/laravel/framework/src/Illuminate/Routing/Router.php(821): Illuminate\\Pipeline\\Pipeline->then()
#17 /home/mtsdrf/workspace/pegaticket-saas/api/vendor/laravel/framework/src/Illuminate/Routing/Router.php(800): Illuminate\\Routing\\Router->runRouteWithinStack()
#18 /home/mtsdrf/workspace/pegaticket-saas/api/vendor/laravel/framework/src/Illuminate/Routing/Router.php(764): Illuminate\\Routing\\Router->runRoute()
#19 /home/mtsdrf/workspace/pegaticket-saas/api/vendor/laravel/framework/src/Illuminate/Routing/Router.php(753): Illuminate\\Routing\\Router->dispatchToRoute()
#20 /home/mtsdrf/workspace/pegaticket-saas/api/vendor/laravel/framework/src/Illuminate/Foundation/Http/Kernel.php(200): Illuminate\\Routing\\Router->dispatch()
#21 /home/mtsdrf/workspace/pegaticket-saas/api/vendor/laravel/framework/src/Illuminate/Pipeline/Pipeline.php(180): Illuminate\\Foundation\\Http\\Kernel->{closure:Illuminate\\Foundation\\Http\\Kernel::dispatchToRouter():197}()
#22 /home/mtsdrf/workspace/pegaticket-saas/api/app/Http/Middleware/SetLocale.php(17): Illuminate\\Pipeline\\Pipeline->{closure:Illuminate\\Pipeline\\Pipeline::prepareDestination():178}()
#23 /home/mtsdrf/workspace/pegaticket-saas/api/vendor/laravel/framework/src/Illuminate/Pipeline/Pipeline.php(219): App\\Http\\Middleware\\SetLocale->handle()
#24 /home/mtsdrf/workspace/pegaticket-saas/api/app/Http/Middleware/ApplicationRequestLogger.php(15): Illuminate\\Pipeline\\Pipeline->{closure:{closure:Illuminate\\Pipeline\\Pipeline::carry():194}:195}()
#25 /home/mtsdrf/workspace/pegaticket-saas/api/vendor/laravel/framework/src/Illuminate/Pipeline/Pipeline.php(219): App\\Http\\Middleware\\ApplicationRequestLogger->handle()
#26 /home/mtsdrf/workspace/pegaticket-saas/api/app/Http/Middleware/RequestId.php(16): Illuminate\\Pipeline\\Pipeline->{closure:{closure:Illuminate\\Pipeline\\Pipeline::carry():194}:195}()
#27 /home/mtsdrf/workspace/pegaticket-saas/api/vendor/laravel/framework/src/Illuminate/Pipeline/Pipeline.php(219): App\\Http\\Middleware\\RequestId->handle()
#28 /home/mtsdrf/workspace/pegaticket-saas/api/app/Http/Middleware/ApiHardening.php(14): Illuminate\\Pipeline\\Pipeline->{closure:{closure:Illuminate\\Pipeline\\Pipeline::carry():194}:195}()
#29 /home/mtsdrf/workspace/pegaticket-saas/api/vendor/laravel/framework/src/Illuminate/Pipeline/Pipeline.php(219): App\\Http\\Middleware\\ApiHardening->handle()
#30 /home/mtsdrf/workspace/pegaticket-saas/api/vendor/laravel/framework/src/Illuminate/Foundation/Http/Middleware/TransformsRequest.php(21): Illuminate\\Pipeline\\Pipeline->{closure:{closure:Illuminate\\Pipeline\\Pipeline::carry():194}:195}()
#31 /home/mtsdrf/workspace/pegaticket-saas/api/vendor/laravel/framework/src/Illuminate/Foundation/Http/Middleware/ConvertEmptyStringsToNull.php(31): Illuminate\\Foundation\\Http\\Middleware\\TransformsRequest->handle()
#32 /home/mtsdrf/workspace/pegaticket-saas/api/vendor/laravel/framework/src/Illuminate/Pipeline/Pipeline.php(219): Illuminate\\Foundation\\Http\\Middleware\\ConvertEmptyStringsToNull->handle()
#33 /home/mtsdrf/workspace/pegaticket-saas/api/vendor/laravel/framework/src/Illuminate/Foundation/Http/Middleware/TransformsRequest.php(21): Illuminate\\Pipeline\\Pipeline->{closure:{closure:Illuminate\\Pipeline\\Pipeline::carry():194}:195}()
#34 /home/mtsdrf/workspace/pegaticket-saas/api/vendor/laravel/framework/src/Illuminate/Foundation/Http/Middleware/TrimStrings.php(51): Illuminate\\Foundation\\Http\\Middleware\\TransformsRequest->handle()
#35 /home/mtsdrf/workspace/pegaticket-saas/api/vendor/laravel/framework/src/Illuminate/Pipeline/Pipeline.php(219): Illuminate\\Foundation\\Http\\Middleware\\TrimStrings->handle()
#36 /home/mtsdrf/workspace/pegaticket-saas/api/vendor/laravel/framework/src/Illuminate/Http/Middleware/ValidatePostSize.php(27): Illuminate\\Pipeline\\Pipeline->{closure:{closure:Illuminate\\Pipeline\\Pipeline::carry():194}:195}()
#37 /home/mtsdrf/workspace/pegaticket-saas/api/vendor/laravel/framework/src/Illuminate/Pipeline/Pipeline.php(219): Illuminate\\Http\\Middleware\\ValidatePostSize->handle()
#38 /home/mtsdrf/workspace/pegaticket-saas/api/vendor/laravel/framework/src/Illuminate/Foundation/Http/Middleware/PreventRequestsDuringMaintenance.php(109): Illuminate\\Pipeline\\Pipeline->{closure:{closure:Illuminate\\Pipeline\\Pipeline::carry():194}:195}()
#39 /home/mtsdrf/workspace/pegaticket-saas/api/vendor/laravel/framework/src/Illuminate/Pipeline/Pipeline.php(219): Illuminate\\Foundation\\Http\\Middleware\\PreventRequestsDuringMaintenance->handle()
#40 /home/mtsdrf/workspace/pegaticket-saas/api/vendor/laravel/framework/src/Illuminate/Http/Middleware/HandleCors.php(74): Illuminate\\Pipeline\\Pipeline->{closure:{closure:Illuminate\\Pipeline\\Pipeline::carry():194}:195}()
#41 /home/mtsdrf/workspace/pegaticket-saas/api/vendor/laravel/framework/src/Illuminate/Pipeline/Pipeline.php(219): Illuminate\\Http\\Middleware\\HandleCors->handle()
#42 /home/mtsdrf/workspace/pegaticket-saas/api/vendor/laravel/framework/src/Illuminate/Http/Middleware/TrustProxies.php(58): Illuminate\\Pipeline\\Pipeline->{closure:{closure:Illuminate\\Pipeline\\Pipeline::carry():194}:195}()
#43 /home/mtsdrf/workspace/pegaticket-saas/api/vendor/laravel/framework/src/Illuminate/Pipeline/Pipeline.php(219): Illuminate\\Http\\Middleware\\TrustProxies->handle()
#44 /home/mtsdrf/workspace/pegaticket-saas/api/vendor/laravel/framework/src/Illuminate/Foundation/Http/Middleware/InvokeDeferredCallbacks.php(22): Illuminate\\Pipeline\\Pipeline->{closure:{closure:Illuminate\\Pipeline\\Pipeline::carry():194}:195}()
#45 /home/mtsdrf/workspace/pegaticket-saas/api/vendor/laravel/framework/src/Illuminate/Pipeline/Pipeline.php(219): Illuminate\\Foundation\\Http\\Middleware\\InvokeDeferredCallbacks->handle()
#46 /home/mtsdrf/workspace/pegaticket-saas/api/vendor/laravel/framework/src/Illuminate/Http/Middleware/ValidatePathEncoding.php(28): Illuminate\\Pipeline\\Pipeline->{closure:{closure:Illuminate\\Pipeline\\Pipeline::carry():194}:195}()
#47 /home/mtsdrf/workspace/pegaticket-saas/api/vendor/laravel/framework/src/Illuminate/Pipeline/Pipeline.php(219): Illuminate\\Http\\Middleware\\ValidatePathEncoding->handle()
#48 /home/mtsdrf/workspace/pegaticket-saas/api/vendor/laravel/framework/src/Illuminate/Pipeline/Pipeline.php(137): Illuminate\\Pipeline\\Pipeline->{closure:{closure:Illuminate\\Pipeline\\Pipeline::carry():194}:195}()
#49 /home/mtsdrf/workspace/pegaticket-saas/api/vendor/laravel/framework/src/Illuminate/Foundation/Http/Kernel.php(175): Illuminate\\Pipeline\\Pipeline->then()
#50 /home/mtsdrf/workspace/pegaticket-saas/api/vendor/laravel/framework/src/Illuminate/Foundation/Http/Kernel.php(144): Illuminate\\Foundation\\Http\\Kernel->sendRequestThroughRouter()
#51 /home/mtsdrf/workspace/pegaticket-saas/api/vendor/laravel/framework/src/Illuminate/Foundation/Testing/Concerns/MakesHttpRequests.php(638): Illuminate\\Foundation\\Http\\Kernel->handle()
#52 /home/mtsdrf/workspace/pegaticket-saas/api/vendor/laravel/framework/src/Illuminate/Foundation/Testing/Concerns/MakesHttpRequests.php(604): Illuminate\\Foundation\\Testing\\TestCase->call()
#53 /home/mtsdrf/workspace/pegaticket-saas/api/vendor/laravel/framework/src/Illuminate/Foundation/Testing/Concerns/MakesHttpRequests.php(471): Illuminate\\Foundation\\Testing\\TestCase->json()
#54 /home/mtsdrf/workspace/pegaticket-saas/api/tests/Feature/Sales/SaleTest.php(299): Illuminate\\Foundation\\Testing\\TestCase->patchJson()
#55 /home/mtsdrf/workspace/pegaticket-saas/api/vendor/phpunit/phpunit/src/Framework/TestCase.php(1318): Tests\\Feature\\Sales\\SaleTest->paying_last_installment_cascades_to_order_paid_and_delivered()
#56 /home/mtsdrf/workspace/pegaticket-saas/api/vendor/phpunit/phpunit/src/Framework/TestCase.php(1355): PHPUnit\\Framework\\TestCase->invokeTestMethod()
#57 /home/mtsdrf/workspace/pegaticket-saas/api/vendor/phpunit/phpunit/src/Framework/TestCase.php(521): PHPUnit\\Framework\\TestCase->runTest()
#58 /home/mtsdrf/workspace/pegaticket-saas/api/vendor/phpunit/phpunit/src/Framework/TestRunner/TestRunner.php(99): PHPUnit\\Framework\\TestCase->runBare()
#59 /home/mtsdrf/workspace/pegaticket-saas/api/vendor/phpunit/phpunit/src/Framework/TestCase.php(361): PHPUnit\\Framework\\TestRunner->run()
#60 /home/mtsdrf/workspace/pegaticket-saas/api/vendor/phpunit/phpunit/src/Framework/TestSuite.php(374): PHPUnit\\Framework\\TestCase->run()
#61 /home/mtsdrf/workspace/pegaticket-saas/api/vendor/phpunit/phpunit/src/Framework/TestSuite.php(374): PHPUnit\\Framework\\TestSuite->run()
#62 /home/mtsdrf/workspace/pegaticket-saas/api/vendor/phpunit/phpunit/src/Framework/TestSuite.php(374): PHPUnit\\Framework\\TestSuite->run()
#63 /home/mtsdrf/workspace/pegaticket-saas/api/vendor/phpunit/phpunit/src/TextUI/TestRunner.php(64): PHPUnit\\Framework\\TestSuite->run()
#64 /home/mtsdrf/workspace/pegaticket-saas/api/vendor/phpunit/phpunit/src/TextUI/Application.php(229): PHPUnit\\TextUI\\TestRunner->run()
#65 /home/mtsdrf/workspace/pegaticket-saas/api/vendor/phpunit/phpunit/phpunit(104): PHPUnit\\TextUI\\Application->run()
#66 {main}
"} 
[2026-08-01 16:49:35] testing.ERROR: App\Http\Controllers\Sale\SaleController::payInstallment(): Argument #3 ($installment) must be of type App\Models\Sale\SaleInstallment, string given, called in /home/mtsdrf/workspace/pegaticket-saas/api/vendor/laravel/framework/src/Illuminate/Routing/ControllerDispatcher.php on line 46 {"userId":1,"exception":"[object] (TypeError(code: 0): App\\Http\\Controllers\\Sale\\SaleController::payInstallment(): Argument #3 ($installment) must be of type App\\Models\\Sale\\SaleInstallment, string given, called in /home/mtsdrf/workspace/pegaticket-saas/api/vendor/laravel/framework/src/Illuminate/Routing/ControllerDispatcher.php on line 46 at /home/mtsdrf/workspace/pegaticket-saas/api/app/Http/Controllers/Sale/SaleController.php:310)
[stacktrace]
#0 /home/mtsdrf/workspace/pegaticket-saas/api/vendor/laravel/framework/src/Illuminate/Routing/ControllerDispatcher.php(46): App\\Http\\Controllers\\Sale\\SaleController->payInstallment()
#1 /home/mtsdrf/workspace/pegaticket-saas/api/vendor/laravel/framework/src/Illuminate/Routing/Route.php(276): Illuminate\\Routing\\ControllerDispatcher->dispatch()
#2 /home/mtsdrf/workspace/pegaticket-saas/api/vendor/laravel/framework/src/Illuminate/Routing/Route.php(216): Illuminate\\Routing\\Route->runController()
#3 /home/mtsdrf/workspace/pegaticket-saas/api/vendor/laravel/framework/src/Illuminate/Routing/Router.php(822): Illuminate\\Routing\\Route->run()
#4 /home/mtsdrf/workspace/pegaticket-saas/api/vendor/laravel/framework/src/Illuminate/Pipeline/Pipeline.php(180): Illuminate\\Routing\\Router->{closure:Illuminate\\Routing\\Router::runRouteWithinStack():821}()
#5 /home/mtsdrf/workspace/pegaticket-saas/api/app/Http/Middleware/ThrottleRequests.php(45): Illuminate\\Pipeline\\Pipeline->{closure:Illuminate\\Pipeline\\Pipeline::prepareDestination():178}()
#6 /home/mtsdrf/workspace/pegaticket-saas/api/vendor/laravel/framework/src/Illuminate/Pipeline/Pipeline.php(219): App\\Http\\Middleware\\ThrottleRequests->handle()
#7 /home/mtsdrf/workspace/pegaticket-saas/api/app/Http/Middleware/CheckPermission.php(58): Illuminate\\Pipeline\\Pipeline->{closure:{closure:Illuminate\\Pipeline\\Pipeline::carry():194}:195}()
#8 /home/mtsdrf/workspace/pegaticket-saas/api/vendor/laravel/framework/src/Illuminate/Pipeline/Pipeline.php(219): App\\Http\\Middleware\\CheckPermission->handle()
#9 /home/mtsdrf/workspace/pegaticket-saas/api/app/Http/Middleware/ResolveTenant.php(66): Illuminate\\Pipeline\\Pipeline->{closure:{closure:Illuminate\\Pipeline\\Pipeline::carry():194}:195}()
#10 /home/mtsdrf/workspace/pegaticket-saas/api/vendor/laravel/framework/src/Illuminate/Pipeline/Pipeline.php(219): App\\Http\\Middleware\\ResolveTenant->handle()
#11 /home/mtsdrf/workspace/pegaticket-saas/api/app/Http/Middleware/JwtAccessMiddleware.php(67): Illuminate\\Pipeline\\Pipeline->{closure:{closure:Illuminate\\Pipeline\\Pipeline::carry():194}:195}()
#12 /home/mtsdrf/workspace/pegaticket-saas/api/vendor/laravel/framework/src/Illuminate/Pipeline/Pipeline.php(219): App\\Http\\Middleware\\JwtAccessMiddleware->handle()
#13 /home/mtsdrf/workspace/pegaticket-saas/api/vendor/laravel/framework/src/Illuminate/Routing/Middleware/SubstituteBindings.php(52): Illuminate\\Pipeline\\Pipeline->{closure:{closure:Illuminate\\Pipeline\\Pipeline::carry():194}:195}()
#14 /home/mtsdrf/workspace/pegaticket-saas/api/vendor/laravel/framework/src/Illuminate/Pipeline/Pipeline.php(219): Illuminate\\Routing\\Middleware\\SubstituteBindings->handle()
#15 /home/mtsdrf/workspace/pegaticket-saas/api/vendor/laravel/framework/src/Illuminate/Pipeline/Pipeline.php(137): Illuminate\\Pipeline\\Pipeline->{closure:{closure:Illuminate\\Pipeline\\Pipeline::carry():194}:195}()
#16 /home/mtsdrf/workspace/pegaticket-saas/api/vendor/laravel/framework/src/Illuminate/Routing/Router.php(821): Illuminate\\Pipeline\\Pipeline->then()
#17 /home/mtsdrf/workspace/pegaticket-saas/api/vendor/laravel/framework/src/Illuminate/Routing/Router.php(800): Illuminate\\Routing\\Router->runRouteWithinStack()
#18 /home/mtsdrf/workspace/pegaticket-saas/api/vendor/laravel/framework/src/Illuminate/Routing/Router.php(764): Illuminate\\Routing\\Router->runRoute()
#19 /home/mtsdrf/workspace/pegaticket-saas/api/vendor/laravel/framework/src/Illuminate/Routing/Router.php(753): Illuminate\\Routing\\Router->dispatchToRoute()
#20 /home/mtsdrf/workspace/pegaticket-saas/api/vendor/laravel/framework/src/Illuminate/Foundation/Http/Kernel.php(200): Illuminate\\Routing\\Router->dispatch()
#21 /home/mtsdrf/workspace/pegaticket-saas/api/vendor/laravel/framework/src/Illuminate/Pipeline/Pipeline.php(180): Illuminate\\Foundation\\Http\\Kernel->{closure:Illuminate\\Foundation\\Http\\Kernel::dispatchToRouter():197}()
#22 /home/mtsdrf/workspace/pegaticket-saas/api/app/Http/Middleware/SetLocale.php(17): Illuminate\\Pipeline\\Pipeline->{closure:Illuminate\\Pipeline\\Pipeline::prepareDestination():178}()
#23 /home/mtsdrf/workspace/pegaticket-saas/api/vendor/laravel/framework/src/Illuminate/Pipeline/Pipeline.php(219): App\\Http\\Middleware\\SetLocale->handle()
#24 /home/mtsdrf/workspace/pegaticket-saas/api/app/Http/Middleware/ApplicationRequestLogger.php(15): Illuminate\\Pipeline\\Pipeline->{closure:{closure:Illuminate\\Pipeline\\Pipeline::carry():194}:195}()
#25 /home/mtsdrf/workspace/pegaticket-saas/api/vendor/laravel/framework/src/Illuminate/Pipeline/Pipeline.php(219): App\\Http\\Middleware\\ApplicationRequestLogger->handle()
#26 /home/mtsdrf/workspace/pegaticket-saas/api/app/Http/Middleware/RequestId.php(16): Illuminate\\Pipeline\\Pipeline->{closure:{closure:Illuminate\\Pipeline\\Pipeline::carry():194}:195}()
#27 /home/mtsdrf/workspace/pegaticket-saas/api/vendor/laravel/framework/src/Illuminate/Pipeline/Pipeline.php(219): App\\Http\\Middleware\\RequestId->handle()
#28 /home/mtsdrf/workspace/pegaticket-saas/api/app/Http/Middleware/ApiHardening.php(14): Illuminate\\Pipeline\\Pipeline->{closure:{closure:Illuminate\\Pipeline\\Pipeline::carry():194}:195}()
#29 /home/mtsdrf/workspace/pegaticket-saas/api/vendor/laravel/framework/src/Illuminate/Pipeline/Pipeline.php(219): App\\Http\\Middleware\\ApiHardening->handle()
#30 /home/mtsdrf/workspace/pegaticket-saas/api/vendor/laravel/framework/src/Illuminate/Foundation/Http/Middleware/TransformsRequest.php(21): Illuminate\\Pipeline\\Pipeline->{closure:{closure:Illuminate\\Pipeline\\Pipeline::carry():194}:195}()
#31 /home/mtsdrf/workspace/pegaticket-saas/api/vendor/laravel/framework/src/Illuminate/Foundation/Http/Middleware/ConvertEmptyStringsToNull.php(31): Illuminate\\Foundation\\Http\\Middleware\\TransformsRequest->handle()
#32 /home/mtsdrf/workspace/pegaticket-saas/api/vendor/laravel/framework/src/Illuminate/Pipeline/Pipeline.php(219): Illuminate\\Foundation\\Http\\Middleware\\ConvertEmptyStringsToNull->handle()
#33 /home/mtsdrf/workspace/pegaticket-saas/api/vendor/laravel/framework/src/Illuminate/Foundation/Http/Middleware/TransformsRequest.php(21): Illuminate\\Pipeline\\Pipeline->{closure:{closure:Illuminate\\Pipeline\\Pipeline::carry():194}:195}()
#34 /home/mtsdrf/workspace/pegaticket-saas/api/vendor/laravel/framework/src/Illuminate/Foundation/Http/Middleware/TrimStrings.php(51): Illuminate\\Foundation\\Http\\Middleware\\TransformsRequest->handle()
#35 /home/mtsdrf/workspace/pegaticket-saas/api/vendor/laravel/framework/src/Illuminate/Pipeline/Pipeline.php(219): Illuminate\\Foundation\\Http\\Middleware\\TrimStrings->handle()
#36 /home/mtsdrf/workspace/pegaticket-saas/api/vendor/laravel/framework/src/Illuminate/Http/Middleware/ValidatePostSize.php(27): Illuminate\\Pipeline\\Pipeline->{closure:{closure:Illuminate\\Pipeline\\Pipeline::carry():194}:195}()
#37 /home/mtsdrf/workspace/pegaticket-saas/api/vendor/laravel/framework/src/Illuminate/Pipeline/Pipeline.php(219): Illuminate\\Http\\Middleware\\ValidatePostSize->handle()
#38 /home/mtsdrf/workspace/pegaticket-saas/api/vendor/laravel/framework/src/Illuminate/Foundation/Http/Middleware/PreventRequestsDuringMaintenance.php(109): Illuminate\\Pipeline\\Pipeline->{closure:{closure:Illuminate\\Pipeline\\Pipeline::carry():194}:195}()
#39 /home/mtsdrf/workspace/pegaticket-saas/api/vendor/laravel/framework/src/Illuminate/Pipeline/Pipeline.php(219): Illuminate\\Foundation\\Http\\Middleware\\PreventRequestsDuringMaintenance->handle()
#40 /home/mtsdrf/workspace/pegaticket-saas/api/vendor/laravel/framework/src/Illuminate/Http/Middleware/HandleCors.php(74): Illuminate\\Pipeline\\Pipeline->{closure:{closure:Illuminate\\Pipeline\\Pipeline::carry():194}:195}()
#41 /home/mtsdrf/workspace/pegaticket-saas/api/vendor/laravel/framework/src/Illuminate/Pipeline/Pipeline.php(219): Illuminate\\Http\\Middleware\\HandleCors->handle()
#42 /home/mtsdrf/workspace/pegaticket-saas/api/vendor/laravel/framework/src/Illuminate/Http/Middleware/TrustProxies.php(58): Illuminate\\Pipeline\\Pipeline->{closure:{closure:Illuminate\\Pipeline\\Pipeline::carry():194}:195}()
#43 /home/mtsdrf/workspace/pegaticket-saas/api/vendor/laravel/framework/src/Illuminate/Pipeline/Pipeline.php(219): Illuminate\\Http\\Middleware\\TrustProxies->handle()
#44 /home/mtsdrf/workspace/pegaticket-saas/api/vendor/laravel/framework/src/Illuminate/Foundation/Http/Middleware/InvokeDeferredCallbacks.php(22): Illuminate\\Pipeline\\Pipeline->{closure:{closure:Illuminate\\Pipeline\\Pipeline::carry():194}:195}()
#45 /home/mtsdrf/workspace/pegaticket-saas/api/vendor/laravel/framework/src/Illuminate/Pipeline/Pipeline.php(219): Illuminate\\Foundation\\Http\\Middleware\\InvokeDeferredCallbacks->handle()
#46 /home/mtsdrf/workspace/pegaticket-saas/api/vendor/laravel/framework/src/Illuminate/Http/Middleware/ValidatePathEncoding.php(28): Illuminate\\Pipeline\\Pipeline->{closure:{closure:Illuminate\\Pipeline\\Pipeline::carry():194}:195}()
#47 /home/mtsdrf/workspace/pegaticket-saas/api/vendor/laravel/framework/src/Illuminate/Pipeline/Pipeline.php(219): Illuminate\\Http\\Middleware\\ValidatePathEncoding->handle()
#48 /home/mtsdrf/workspace/pegaticket-saas/api/vendor/laravel/framework/src/Illuminate/Pipeline/Pipeline.php(137): Illuminate\\Pipeline\\Pipeline->{closure:{closure:Illuminate\\Pipeline\\Pipeline::carry():194}:195}()
#49 /home/mtsdrf/workspace/pegaticket-saas/api/vendor/laravel/framework/src/Illuminate/Foundation/Http/Kernel.php(175): Illuminate\\Pipeline\\Pipeline->then()
#50 /home/mtsdrf/workspace/pegaticket-saas/api/vendor/laravel/framework/src/Illuminate/Foundation/Http/Kernel.php(144): Illuminate\\Foundation\\Http\\Kernel->sendRequestThroughRouter()
#51 /home/mtsdrf/workspace/pegaticket-saas/api/vendor/laravel/framework/src/Illuminate/Foundation/Testing/Concerns/MakesHttpRequests.php(638): Illuminate\\Foundation\\Http\\Kernel->handle()
#52 /home/mtsdrf/workspace/pegaticket-saas/api/vendor/laravel/framework/src/Illuminate/Foundation/Testing/Concerns/MakesHttpRequests.php(604): Illuminate\\Foundation\\Testing\\TestCase->call()
#53 /home/mtsdrf/workspace/pegaticket-saas/api/vendor/laravel/framework/src/Illuminate/Foundation/Testing/Concerns/MakesHttpRequests.php(471): Illuminate\\Foundation\\Testing\\TestCase->json()
#54 /home/mtsdrf/workspace/pegaticket-saas/api/tests/Feature/Sales/SaleTest.php(418): Illuminate\\Foundation\\Testing\\TestCase->patchJson()
#55 /home/mtsdrf/workspace/pegaticket-saas/api/vendor/phpunit/phpunit/src/Framework/TestCase.php(1318): Tests\\Feature\\Sales\\SaleTest->paying_last_installment_with_explicit_paid_at_reflects_on_order_paid_at()
#56 /home/mtsdrf/workspace/pegaticket-saas/api/vendor/phpunit/phpunit/src/Framework/TestCase.php(1355): PHPUnit\\Framework\\TestCase->invokeTestMethod()
#57 /home/mtsdrf/workspace/pegaticket-saas/api/vendor/phpunit/phpunit/src/Framework/TestCase.php(521): PHPUnit\\Framework\\TestCase->runTest()
#58 /home/mtsdrf/workspace/pegaticket-saas/api/vendor/phpunit/phpunit/src/Framework/TestRunner/TestRunner.php(99): PHPUnit\\Framework\\TestCase->runBare()
#59 /home/mtsdrf/workspace/pegaticket-saas/api/vendor/phpunit/phpunit/src/Framework/TestCase.php(361): PHPUnit\\Framework\\TestRunner->run()
#60 /home/mtsdrf/workspace/pegaticket-saas/api/vendor/phpunit/phpunit/src/Framework/TestSuite.php(374): PHPUnit\\Framework\\TestCase->run()
#61 /home/mtsdrf/workspace/pegaticket-saas/api/vendor/phpunit/phpunit/src/Framework/TestSuite.php(374): PHPUnit\\Framework\\TestSuite->run()
#62 /home/mtsdrf/workspace/pegaticket-saas/api/vendor/phpunit/phpunit/src/Framework/TestSuite.php(374): PHPUnit\\Framework\\TestSuite->run()
#63 /home/mtsdrf/workspace/pegaticket-saas/api/vendor/phpunit/phpunit/src/TextUI/TestRunner.php(64): PHPUnit\\Framework\\TestSuite->run()
#64 /home/mtsdrf/workspace/pegaticket-saas/api/vendor/phpunit/phpunit/src/TextUI/Application.php(229): PHPUnit\\TextUI\\TestRunner->run()
#65 /home/mtsdrf/workspace/pegaticket-saas/api/vendor/phpunit/phpunit/phpunit(104): PHPUnit\\TextUI\\Application->run()
#66 {main}
"} 
[2026-08-01 16:49:35] testing.ERROR: App\Http\Controllers\Sale\SaleController::payInstallment(): Argument #3 ($installment) must be of type App\Models\Sale\SaleInstallment, string given, called in /home/mtsdrf/workspace/pegaticket-saas/api/vendor/laravel/framework/src/Illuminate/Routing/ControllerDispatcher.php on line 46 {"userId":1,"exception":"[object] (TypeError(code: 0): App\\Http\\Controllers\\Sale\\SaleController::payInstallment(): Argument #3 ($installment) must be of type App\\Models\\Sale\\SaleInstallment, string given, called in /home/mtsdrf/workspace/pegaticket-saas/api/vendor/laravel/framework/src/Illuminate/Routing/ControllerDispatcher.php on line 46 at /home/mtsdrf/workspace/pegaticket-saas/api/app/Http/Controllers/Sale/SaleController.php:310)
[stacktrace]
#0 /home/mtsdrf/workspace/pegaticket-saas/api/vendor/laravel/framework/src/Illuminate/Routing/ControllerDispatcher.php(46): App\\Http\\Controllers\\Sale\\SaleController->payInstallment()
#1 /home/mtsdrf/workspace/pegaticket-saas/api/vendor/laravel/framework/src/Illuminate/Routing/Route.php(276): Illuminate\\Routing\\ControllerDispatcher->dispatch()
#2 /home/mtsdrf/workspace/pegaticket-saas/api/vendor/laravel/framework/src/Illuminate/Routing/Route.php(216): Illuminate\\Routing\\Route->runController()
#3 /home/mtsdrf/workspace/pegaticket-saas/api/vendor/laravel/framework/src/Illuminate/Routing/Router.php(822): Illuminate\\Routing\\Route->run()
#4 /home/mtsdrf/workspace/pegaticket-saas/api/vendor/laravel/framework/src/Illuminate/Pipeline/Pipeline.php(180): Illuminate\\Routing\\Router->{closure:Illuminate\\Routing\\Router::runRouteWithinStack():821}()
#5 /home/mtsdrf/workspace/pegaticket-saas/api/app/Http/Middleware/ThrottleRequests.php(45): Illuminate\\Pipeline\\Pipeline->{closure:Illuminate\\Pipeline\\Pipeline::prepareDestination():178}()
#6 /home/mtsdrf/workspace/pegaticket-saas/api/vendor/laravel/framework/src/Illuminate/Pipeline/Pipeline.php(219): App\\Http\\Middleware\\ThrottleRequests->handle()
#7 /home/mtsdrf/workspace/pegaticket-saas/api/app/Http/Middleware/CheckPermission.php(58): Illuminate\\Pipeline\\Pipeline->{closure:{closure:Illuminate\\Pipeline\\Pipeline::carry():194}:195}()
#8 /home/mtsdrf/workspace/pegaticket-saas/api/vendor/laravel/framework/src/Illuminate/Pipeline/Pipeline.php(219): App\\Http\\Middleware\\CheckPermission->handle()
#9 /home/mtsdrf/workspace/pegaticket-saas/api/app/Http/Middleware/ResolveTenant.php(66): Illuminate\\Pipeline\\Pipeline->{closure:{closure:Illuminate\\Pipeline\\Pipeline::carry():194}:195}()
#10 /home/mtsdrf/workspace/pegaticket-saas/api/vendor/laravel/framework/src/Illuminate/Pipeline/Pipeline.php(219): App\\Http\\Middleware\\ResolveTenant->handle()
#11 /home/mtsdrf/workspace/pegaticket-saas/api/app/Http/Middleware/JwtAccessMiddleware.php(67): Illuminate\\Pipeline\\Pipeline->{closure:{closure:Illuminate\\Pipeline\\Pipeline::carry():194}:195}()
#12 /home/mtsdrf/workspace/pegaticket-saas/api/vendor/laravel/framework/src/Illuminate/Pipeline/Pipeline.php(219): App\\Http\\Middleware\\JwtAccessMiddleware->handle()
#13 /home/mtsdrf/workspace/pegaticket-saas/api/vendor/laravel/framework/src/Illuminate/Routing/Middleware/SubstituteBindings.php(52): Illuminate\\Pipeline\\Pipeline->{closure:{closure:Illuminate\\Pipeline\\Pipeline::carry():194}:195}()
#14 /home/mtsdrf/workspace/pegaticket-saas/api/vendor/laravel/framework/src/Illuminate/Pipeline/Pipeline.php(219): Illuminate\\Routing\\Middleware\\SubstituteBindings->handle()
#15 /home/mtsdrf/workspace/pegaticket-saas/api/vendor/laravel/framework/src/Illuminate/Pipeline/Pipeline.php(137): Illuminate\\Pipeline\\Pipeline->{closure:{closure:Illuminate\\Pipeline\\Pipeline::carry():194}:195}()
#16 /home/mtsdrf/workspace/pegaticket-saas/api/vendor/laravel/framework/src/Illuminate/Routing/Router.php(821): Illuminate\\Pipeline\\Pipeline->then()
#17 /home/mtsdrf/workspace/pegaticket-saas/api/vendor/laravel/framework/src/Illuminate/Routing/Router.php(800): Illuminate\\Routing\\Router->runRouteWithinStack()
#18 /home/mtsdrf/workspace/pegaticket-saas/api/vendor/laravel/framework/src/Illuminate/Routing/Router.php(764): Illuminate\\Routing\\Router->runRoute()
#19 /home/mtsdrf/workspace/pegaticket-saas/api/vendor/laravel/framework/src/Illuminate/Routing/Router.php(753): Illuminate\\Routing\\Router->dispatchToRoute()
#20 /home/mtsdrf/workspace/pegaticket-saas/api/vendor/laravel/framework/src/Illuminate/Foundation/Http/Kernel.php(200): Illuminate\\Routing\\Router->dispatch()
#21 /home/mtsdrf/workspace/pegaticket-saas/api/vendor/laravel/framework/src/Illuminate/Pipeline/Pipeline.php(180): Illuminate\\Foundation\\Http\\Kernel->{closure:Illuminate\\Foundation\\Http\\Kernel::dispatchToRouter():197}()
#22 /home/mtsdrf/workspace/pegaticket-saas/api/app/Http/Middleware/SetLocale.php(17): Illuminate\\Pipeline\\Pipeline->{closure:Illuminate\\Pipeline\\Pipeline::prepareDestination():178}()
#23 /home/mtsdrf/workspace/pegaticket-saas/api/vendor/laravel/framework/src/Illuminate/Pipeline/Pipeline.php(219): App\\Http\\Middleware\\SetLocale->handle()
#24 /home/mtsdrf/workspace/pegaticket-saas/api/app/Http/Middleware/ApplicationRequestLogger.php(15): Illuminate\\Pipeline\\Pipeline->{closure:{closure:Illuminate\\Pipeline\\Pipeline::carry():194}:195}()
#25 /home/mtsdrf/workspace/pegaticket-saas/api/vendor/laravel/framework/src/Illuminate/Pipeline/Pipeline.php(219): App\\Http\\Middleware\\ApplicationRequestLogger->handle()
#26 /home/mtsdrf/workspace/pegaticket-saas/api/app/Http/Middleware/RequestId.php(16): Illuminate\\Pipeline\\Pipeline->{closure:{closure:Illuminate\\Pipeline\\Pipeline::carry():194}:195}()
#27 /home/mtsdrf/workspace/pegaticket-saas/api/vendor/laravel/framework/src/Illuminate/Pipeline/Pipeline.php(219): App\\Http\\Middleware\\RequestId->handle()
#28 /home/mtsdrf/workspace/pegaticket-saas/api/app/Http/Middleware/ApiHardening.php(14): Illuminate\\Pipeline\\Pipeline->{closure:{closure:Illuminate\\Pipeline\\Pipeline::carry():194}:195}()
#29 /home/mtsdrf/workspace/pegaticket-saas/api/vendor/laravel/framework/src/Illuminate/Pipeline/Pipeline.php(219): App\\Http\\Middleware\\ApiHardening->handle()
#30 /home/mtsdrf/workspace/pegaticket-saas/api/vendor/laravel/framework/src/Illuminate/Foundation/Http/Middleware/TransformsRequest.php(21): Illuminate\\Pipeline\\Pipeline->{closure:{closure:Illuminate\\Pipeline\\Pipeline::carry():194}:195}()
#31 /home/mtsdrf/workspace/pegaticket-saas/api/vendor/laravel/framework/src/Illuminate/Foundation/Http/Middleware/ConvertEmptyStringsToNull.php(31): Illuminate\\Foundation\\Http\\Middleware\\TransformsRequest->handle()
#32 /home/mtsdrf/workspace/pegaticket-saas/api/vendor/laravel/framework/src/Illuminate/Pipeline/Pipeline.php(219): Illuminate\\Foundation\\Http\\Middleware\\ConvertEmptyStringsToNull->handle()
#33 /home/mtsdrf/workspace/pegaticket-saas/api/vendor/laravel/framework/src/Illuminate/Foundation/Http/Middleware/TransformsRequest.php(21): Illuminate\\Pipeline\\Pipeline->{closure:{closure:Illuminate\\Pipeline\\Pipeline::carry():194}:195}()
#34 /home/mtsdrf/workspace/pegaticket-saas/api/vendor/laravel/framework/src/Illuminate/Foundation/Http/Middleware/TrimStrings.php(51): Illuminate\\Foundation\\Http\\Middleware\\TransformsRequest->handle()
#35 /home/mtsdrf/workspace/pegaticket-saas/api/vendor/laravel/framework/src/Illuminate/Pipeline/Pipeline.php(219): Illuminate\\Foundation\\Http\\Middleware\\TrimStrings->handle()
#36 /home/mtsdrf/workspace/pegaticket-saas/api/vendor/laravel/framework/src/Illuminate/Http/Middleware/ValidatePostSize.php(27): Illuminate\\Pipeline\\Pipeline->{closure:{closure:Illuminate\\Pipeline\\Pipeline::carry():194}:195}()
#37 /home/mtsdrf/workspace/pegaticket-saas/api/vendor/laravel/framework/src/Illuminate/Pipeline/Pipeline.php(219): Illuminate\\Http\\Middleware\\ValidatePostSize->handle()
#38 /home/mtsdrf/workspace/pegaticket-saas/api/vendor/laravel/framework/src/Illuminate/Foundation/Http/Middleware/PreventRequestsDuringMaintenance.php(109): Illuminate\\Pipeline\\Pipeline->{closure:{closure:Illuminate\\Pipeline\\Pipeline::carry():194}:195}()
#39 /home/mtsdrf/workspace/pegaticket-saas/api/vendor/laravel/framework/src/Illuminate/Pipeline/Pipeline.php(219): Illuminate\\Foundation\\Http\\Middleware\\PreventRequestsDuringMaintenance->handle()
#40 /home/mtsdrf/workspace/pegaticket-saas/api/vendor/laravel/framework/src/Illuminate/Http/Middleware/HandleCors.php(74): Illuminate\\Pipeline\\Pipeline->{closure:{closure:Illuminate\\Pipeline\\Pipeline::carry():194}:195}()
#41 /home/mtsdrf/workspace/pegaticket-saas/api/vendor/laravel/framework/src/Illuminate/Pipeline/Pipeline.php(219): Illuminate\\Http\\Middleware\\HandleCors->handle()
#42 /home/mtsdrf/workspace/pegaticket-saas/api/vendor/laravel/framework/src/Illuminate/Http/Middleware/TrustProxies.php(58): Illuminate\\Pipeline\\Pipeline->{closure:{closure:Illuminate\\Pipeline\\Pipeline::carry():194}:195}()
#43 /home/mtsdrf/workspace/pegaticket-saas/api/vendor/laravel/framework/src/Illuminate/Pipeline/Pipeline.php(219): Illuminate\\Http\\Middleware\\TrustProxies->handle()
#44 /home/mtsdrf/workspace/pegaticket-saas/api/vendor/laravel/framework/src/Illuminate/Foundation/Http/Middleware/InvokeDeferredCallbacks.php(22): Illuminate\\Pipeline\\Pipeline->{closure:{closure:Illuminate\\Pipeline\\Pipeline::carry():194}:195}()
#45 /home/mtsdrf/workspace/pegaticket-saas/api/vendor/laravel/framework/src/Illuminate/Pipeline/Pipeline.php(219): Illuminate\\Foundation\\Http\\Middleware\\InvokeDeferredCallbacks->handle()
#46 /home/mtsdrf/workspace/pegaticket-saas/api/vendor/laravel/framework/src/Illuminate/Http/Middleware/ValidatePathEncoding.php(28): Illuminate\\Pipeline\\Pipeline->{closure:{closure:Illuminate\\Pipeline\\Pipeline::carry():194}:195}()
#47 /home/mtsdrf/workspace/pegaticket-saas/api/vendor/laravel/framework/src/Illuminate/Pipeline/Pipeline.php(219): Illuminate\\Http\\Middleware\\ValidatePathEncoding->handle()
#48 /home/mtsdrf/workspace/pegaticket-saas/api/vendor/laravel/framework/src/Illuminate/Pipeline/Pipeline.php(137): Illuminate\\Pipeline\\Pipeline->{closure:{closure:Illuminate\\Pipeline\\Pipeline::carry():194}:195}()
#49 /home/mtsdrf/workspace/pegaticket-saas/api/vendor/laravel/framework/src/Illuminate/Foundation/Http/Kernel.php(175): Illuminate\\Pipeline\\Pipeline->then()
#50 /home/mtsdrf/workspace/pegaticket-saas/api/vendor/laravel/framework/src/Illuminate/Foundation/Http/Kernel.php(144): Illuminate\\Foundation\\Http\\Kernel->sendRequestThroughRouter()
#51 /home/mtsdrf/workspace/pegaticket-saas/api/vendor/laravel/framework/src/Illuminate/Foundation/Testing/Concerns/MakesHttpRequests.php(638): Illuminate\\Foundation\\Http\\Kernel->handle()
#52 /home/mtsdrf/workspace/pegaticket-saas/api/vendor/laravel/framework/src/Illuminate/Foundation/Testing/Concerns/MakesHttpRequests.php(604): Illuminate\\Foundation\\Testing\\TestCase->call()
#53 /home/mtsdrf/workspace/pegaticket-saas/api/vendor/laravel/framework/src/Illuminate/Foundation/Testing/Concerns/MakesHttpRequests.php(471): Illuminate\\Foundation\\Testing\\TestCase->json()
#54 /home/mtsdrf/workspace/pegaticket-saas/api/tests/Feature/Sales/SaleTest.php(457): Illuminate\\Foundation\\Testing\\TestCase->patchJson()
#55 /home/mtsdrf/workspace/pegaticket-saas/api/vendor/phpunit/phpunit/src/Framework/TestCase.php(1318): Tests\\Feature\\Sales\\SaleTest->cancel_is_blocked_when_an_installment_is_already_paid()
#56 /home/mtsdrf/workspace/pegaticket-saas/api/vendor/phpunit/phpunit/src/Framework/TestCase.php(1355): PHPUnit\\Framework\\TestCase->invokeTestMethod()
#57 /home/mtsdrf/workspace/pegaticket-saas/api/vendor/phpunit/phpunit/src/Framework/TestCase.php(521): PHPUnit\\Framework\\TestCase->runTest()
#58 /home/mtsdrf/workspace/pegaticket-saas/api/vendor/phpunit/phpunit/src/Framework/TestRunner/TestRunner.php(99): PHPUnit\\Framework\\TestCase->runBare()
#59 /home/mtsdrf/workspace/pegaticket-saas/api/vendor/phpunit/phpunit/src/Framework/TestCase.php(361): PHPUnit\\Framework\\TestRunner->run()
#60 /home/mtsdrf/workspace/pegaticket-saas/api/vendor/phpunit/phpunit/src/Framework/TestSuite.php(374): PHPUnit\\Framework\\TestCase->run()
#61 /home/mtsdrf/workspace/pegaticket-saas/api/vendor/phpunit/phpunit/src/Framework/TestSuite.php(374): PHPUnit\\Framework\\TestSuite->run()
#62 /home/mtsdrf/workspace/pegaticket-saas/api/vendor/phpunit/phpunit/src/Framework/TestSuite.php(374): PHPUnit\\Framework\\TestSuite->run()
#63 /home/mtsdrf/workspace/pegaticket-saas/api/vendor/phpunit/phpunit/src/TextUI/TestRunner.php(64): PHPUnit\\Framework\\TestSuite->run()
#64 /home/mtsdrf/workspace/pegaticket-saas/api/vendor/phpunit/phpunit/src/TextUI/Application.php(229): PHPUnit\\TextUI\\TestRunner->run()
#65 /home/mtsdrf/workspace/pegaticket-saas/api/vendor/phpunit/phpunit/phpunit(104): PHPUnit\\TextUI\\Application->run()
#66 {main}
"} 
[2026-08-01 16:49:35] testing.ERROR: App\Http\Controllers\Sale\SaleController::payInstallment(): Argument #3 ($installment) must be of type App\Models\Sale\SaleInstallment, string given, called in /home/mtsdrf/workspace/pegaticket-saas/api/vendor/laravel/framework/src/Illuminate/Routing/ControllerDispatcher.php on line 46 {"userId":1,"exception":"[object] (TypeError(code: 0): App\\Http\\Controllers\\Sale\\SaleController::payInstallment(): Argument #3 ($installment) must be of type App\\Models\\Sale\\SaleInstallment, string given, called in /home/mtsdrf/workspace/pegaticket-saas/api/vendor/laravel/framework/src/Illuminate/Routing/ControllerDispatcher.php on line 46 at /home/mtsdrf/workspace/pegaticket-saas/api/app/Http/Controllers/Sale/SaleController.php:310)
[stacktrace]
#0 /home/mtsdrf/workspace/pegaticket-saas/api/vendor/laravel/framework/src/Illuminate/Routing/ControllerDispatcher.php(46): App\\Http\\Controllers\\Sale\\SaleController->payInstallment()
#1 /home/mtsdrf/workspace/pegaticket-saas/api/vendor/laravel/framework/src/Illuminate/Routing/Route.php(276): Illuminate\\Routing\\ControllerDispatcher->dispatch()
#2 /home/mtsdrf/workspace/pegaticket-saas/api/vendor/laravel/framework/src/Illuminate/Routing/Route.php(216): Illuminate\\Routing\\Route->runController()
#3 /home/mtsdrf/workspace/pegaticket-saas/api/vendor/laravel/framework/src/Illuminate/Routing/Router.php(822): Illuminate\\Routing\\Route->run()
#4 /home/mtsdrf/workspace/pegaticket-saas/api/vendor/laravel/framework/src/Illuminate/Pipeline/Pipeline.php(180): Illuminate\\Routing\\Router->{closure:Illuminate\\Routing\\Router::runRouteWithinStack():821}()
#5 /home/mtsdrf/workspace/pegaticket-saas/api/app/Http/Middleware/ThrottleRequests.php(45): Illuminate\\Pipeline\\Pipeline->{closure:Illuminate\\Pipeline\\Pipeline::prepareDestination():178}()
#6 /home/mtsdrf/workspace/pegaticket-saas/api/vendor/laravel/framework/src/Illuminate/Pipeline/Pipeline.php(219): App\\Http\\Middleware\\ThrottleRequests->handle()
#7 /home/mtsdrf/workspace/pegaticket-saas/api/app/Http/Middleware/CheckPermission.php(58): Illuminate\\Pipeline\\Pipeline->{closure:{closure:Illuminate\\Pipeline\\Pipeline::carry():194}:195}()
#8 /home/mtsdrf/workspace/pegaticket-saas/api/vendor/laravel/framework/src/Illuminate/Pipeline/Pipeline.php(219): App\\Http\\Middleware\\CheckPermission->handle()
#9 /home/mtsdrf/workspace/pegaticket-saas/api/app/Http/Middleware/ResolveTenant.php(66): Illuminate\\Pipeline\\Pipeline->{closure:{closure:Illuminate\\Pipeline\\Pipeline::carry():194}:195}()
#10 /home/mtsdrf/workspace/pegaticket-saas/api/vendor/laravel/framework/src/Illuminate/Pipeline/Pipeline.php(219): App\\Http\\Middleware\\ResolveTenant->handle()
#11 /home/mtsdrf/workspace/pegaticket-saas/api/app/Http/Middleware/JwtAccessMiddleware.php(67): Illuminate\\Pipeline\\Pipeline->{closure:{closure:Illuminate\\Pipeline\\Pipeline::carry():194}:195}()
#12 /home/mtsdrf/workspace/pegaticket-saas/api/vendor/laravel/framework/src/Illuminate/Pipeline/Pipeline.php(219): App\\Http\\Middleware\\JwtAccessMiddleware->handle()
#13 /home/mtsdrf/workspace/pegaticket-saas/api/vendor/laravel/framework/src/Illuminate/Routing/Middleware/SubstituteBindings.php(52): Illuminate\\Pipeline\\Pipeline->{closure:{closure:Illuminate\\Pipeline\\Pipeline::carry():194}:195}()
#14 /home/mtsdrf/workspace/pegaticket-saas/api/vendor/laravel/framework/src/Illuminate/Pipeline/Pipeline.php(219): Illuminate\\Routing\\Middleware\\SubstituteBindings->handle()
#15 /home/mtsdrf/workspace/pegaticket-saas/api/vendor/laravel/framework/src/Illuminate/Pipeline/Pipeline.php(137): Illuminate\\Pipeline\\Pipeline->{closure:{closure:Illuminate\\Pipeline\\Pipeline::carry():194}:195}()
#16 /home/mtsdrf/workspace/pegaticket-saas/api/vendor/laravel/framework/src/Illuminate/Routing/Router.php(821): Illuminate\\Pipeline\\Pipeline->then()
#17 /home/mtsdrf/workspace/pegaticket-saas/api/vendor/laravel/framework/src/Illuminate/Routing/Router.php(800): Illuminate\\Routing\\Router->runRouteWithinStack()
#18 /home/mtsdrf/workspace/pegaticket-saas/api/vendor/laravel/framework/src/Illuminate/Routing/Router.php(764): Illuminate\\Routing\\Router->runRoute()
#19 /home/mtsdrf/workspace/pegaticket-saas/api/vendor/laravel/framework/src/Illuminate/Routing/Router.php(753): Illuminate\\Routing\\Router->dispatchToRoute()
#20 /home/mtsdrf/workspace/pegaticket-saas/api/vendor/laravel/framework/src/Illuminate/Foundation/Http/Kernel.php(200): Illuminate\\Routing\\Router->dispatch()
#21 /home/mtsdrf/workspace/pegaticket-saas/api/vendor/laravel/framework/src/Illuminate/Pipeline/Pipeline.php(180): Illuminate\\Foundation\\Http\\Kernel->{closure:Illuminate\\Foundation\\Http\\Kernel::dispatchToRouter():197}()
#22 /home/mtsdrf/workspace/pegaticket-saas/api/app/Http/Middleware/SetLocale.php(17): Illuminate\\Pipeline\\Pipeline->{closure:Illuminate\\Pipeline\\Pipeline::prepareDestination():178}()
#23 /home/mtsdrf/workspace/pegaticket-saas/api/vendor/laravel/framework/src/Illuminate/Pipeline/Pipeline.php(219): App\\Http\\Middleware\\SetLocale->handle()
#24 /home/mtsdrf/workspace/pegaticket-saas/api/app/Http/Middleware/ApplicationRequestLogger.php(15): Illuminate\\Pipeline\\Pipeline->{closure:{closure:Illuminate\\Pipeline\\Pipeline::carry():194}:195}()
#25 /home/mtsdrf/workspace/pegaticket-saas/api/vendor/laravel/framework/src/Illuminate/Pipeline/Pipeline.php(219): App\\Http\\Middleware\\ApplicationRequestLogger->handle()
#26 /home/mtsdrf/workspace/pegaticket-saas/api/app/Http/Middleware/RequestId.php(16): Illuminate\\Pipeline\\Pipeline->{closure:{closure:Illuminate\\Pipeline\\Pipeline::carry():194}:195}()
#27 /home/mtsdrf/workspace/pegaticket-saas/api/vendor/laravel/framework/src/Illuminate/Pipeline/Pipeline.php(219): App\\Http\\Middleware\\RequestId->handle()
#28 /home/mtsdrf/workspace/pegaticket-saas/api/app/Http/Middleware/ApiHardening.php(14): Illuminate\\Pipeline\\Pipeline->{closure:{closure:Illuminate\\Pipeline\\Pipeline::carry():194}:195}()
#29 /home/mtsdrf/workspace/pegaticket-saas/api/vendor/laravel/framework/src/Illuminate/Pipeline/Pipeline.php(219): App\\Http\\Middleware\\ApiHardening->handle()
#30 /home/mtsdrf/workspace/pegaticket-saas/api/vendor/laravel/framework/src/Illuminate/Foundation/Http/Middleware/TransformsRequest.php(21): Illuminate\\Pipeline\\Pipeline->{closure:{closure:Illuminate\\Pipeline\\Pipeline::carry():194}:195}()
#31 /home/mtsdrf/workspace/pegaticket-saas/api/vendor/laravel/framework/src/Illuminate/Foundation/Http/Middleware/ConvertEmptyStringsToNull.php(31): Illuminate\\Foundation\\Http\\Middleware\\TransformsRequest->handle()
#32 /home/mtsdrf/workspace/pegaticket-saas/api/vendor/laravel/framework/src/Illuminate/Pipeline/Pipeline.php(219): Illuminate\\Foundation\\Http\\Middleware\\ConvertEmptyStringsToNull->handle()
#33 /home/mtsdrf/workspace/pegaticket-saas/api/vendor/laravel/framework/src/Illuminate/Foundation/Http/Middleware/TransformsRequest.php(21): Illuminate\\Pipeline\\Pipeline->{closure:{closure:Illuminate\\Pipeline\\Pipeline::carry():194}:195}()
#34 /home/mtsdrf/workspace/pegaticket-saas/api/vendor/laravel/framework/src/Illuminate/Foundation/Http/Middleware/TrimStrings.php(51): Illuminate\\Foundation\\Http\\Middleware\\TransformsRequest->handle()
#35 /home/mtsdrf/workspace/pegaticket-saas/api/vendor/laravel/framework/src/Illuminate/Pipeline/Pipeline.php(219): Illuminate\\Foundation\\Http\\Middleware\\TrimStrings->handle()
#36 /home/mtsdrf/workspace/pegaticket-saas/api/vendor/laravel/framework/src/Illuminate/Http/Middleware/ValidatePostSize.php(27): Illuminate\\Pipeline\\Pipeline->{closure:{closure:Illuminate\\Pipeline\\Pipeline::carry():194}:195}()
#37 /home/mtsdrf/workspace/pegaticket-saas/api/vendor/laravel/framework/src/Illuminate/Pipeline/Pipeline.php(219): Illuminate\\Http\\Middleware\\ValidatePostSize->handle()
#38 /home/mtsdrf/workspace/pegaticket-saas/api/vendor/laravel/framework/src/Illuminate/Foundation/Http/Middleware/PreventRequestsDuringMaintenance.php(109): Illuminate\\Pipeline\\Pipeline->{closure:{closure:Illuminate\\Pipeline\\Pipeline::carry():194}:195}()
#39 /home/mtsdrf/workspace/pegaticket-saas/api/vendor/laravel/framework/src/Illuminate/Pipeline/Pipeline.php(219): Illuminate\\Foundation\\Http\\Middleware\\PreventRequestsDuringMaintenance->handle()
#40 /home/mtsdrf/workspace/pegaticket-saas/api/vendor/laravel/framework/src/Illuminate/Http/Middleware/HandleCors.php(74): Illuminate\\Pipeline\\Pipeline->{closure:{closure:Illuminate\\Pipeline\\Pipeline::carry():194}:195}()
#41 /home/mtsdrf/workspace/pegaticket-saas/api/vendor/laravel/framework/src/Illuminate/Pipeline/Pipeline.php(219): Illuminate\\Http\\Middleware\\HandleCors->handle()
#42 /home/mtsdrf/workspace/pegaticket-saas/api/vendor/laravel/framework/src/Illuminate/Http/Middleware/TrustProxies.php(58): Illuminate\\Pipeline\\Pipeline->{closure:{closure:Illuminate\\Pipeline\\Pipeline::carry():194}:195}()
#43 /home/mtsdrf/workspace/pegaticket-saas/api/vendor/laravel/framework/src/Illuminate/Pipeline/Pipeline.php(219): Illuminate\\Http\\Middleware\\TrustProxies->handle()
#44 /home/mtsdrf/workspace/pegaticket-saas/api/vendor/laravel/framework/src/Illuminate/Foundation/Http/Middleware/InvokeDeferredCallbacks.php(22): Illuminate\\Pipeline\\Pipeline->{closure:{closure:Illuminate\\Pipeline\\Pipeline::carry():194}:195}()
#45 /home/mtsdrf/workspace/pegaticket-saas/api/vendor/laravel/framework/src/Illuminate/Pipeline/Pipeline.php(219): Illuminate\\Foundation\\Http\\Middleware\\InvokeDeferredCallbacks->handle()
#46 /home/mtsdrf/workspace/pegaticket-saas/api/vendor/laravel/framework/src/Illuminate/Http/Middleware/ValidatePathEncoding.php(28): Illuminate\\Pipeline\\Pipeline->{closure:{closure:Illuminate\\Pipeline\\Pipeline::carry():194}:195}()
#47 /home/mtsdrf/workspace/pegaticket-saas/api/vendor/laravel/framework/src/Illuminate/Pipeline/Pipeline.php(219): Illuminate\\Http\\Middleware\\ValidatePathEncoding->handle()
#48 /home/mtsdrf/workspace/pegaticket-saas/api/vendor/laravel/framework/src/Illuminate/Pipeline/Pipeline.php(137): Illuminate\\Pipeline\\Pipeline->{closure:{closure:Illuminate\\Pipeline\\Pipeline::carry():194}:195}()
#49 /home/mtsdrf/workspace/pegaticket-saas/api/vendor/laravel/framework/src/Illuminate/Foundation/Http/Kernel.php(175): Illuminate\\Pipeline\\Pipeline->then()
#50 /home/mtsdrf/workspace/pegaticket-saas/api/vendor/laravel/framework/src/Illuminate/Foundation/Http/Kernel.php(144): Illuminate\\Foundation\\Http\\Kernel->sendRequestThroughRouter()
#51 /home/mtsdrf/workspace/pegaticket-saas/api/vendor/laravel/framework/src/Illuminate/Foundation/Testing/Concerns/MakesHttpRequests.php(638): Illuminate\\Foundation\\Http\\Kernel->handle()
#52 /home/mtsdrf/workspace/pegaticket-saas/api/vendor/laravel/framework/src/Illuminate/Foundation/Testing/Concerns/MakesHttpRequests.php(604): Illuminate\\Foundation\\Testing\\TestCase->call()
#53 /home/mtsdrf/workspace/pegaticket-saas/api/vendor/laravel/framework/src/Illuminate/Foundation/Testing/Concerns/MakesHttpRequests.php(471): Illuminate\\Foundation\\Testing\\TestCase->json()
#54 /home/mtsdrf/workspace/pegaticket-saas/api/tests/Feature/Sales/SaleTest.php(789): Illuminate\\Foundation\\Testing\\TestCase->patchJson()
#55 /home/mtsdrf/workspace/pegaticket-saas/api/vendor/phpunit/phpunit/src/Framework/TestCase.php(1318): Tests\\Feature\\Sales\\SaleTest->unpay_installment_reverts_order_cascade_without_touching_delivery()
#56 /home/mtsdrf/workspace/pegaticket-saas/api/vendor/phpunit/phpunit/src/Framework/TestCase.php(1355): PHPUnit\\Framework\\TestCase->invokeTestMethod()
#57 /home/mtsdrf/workspace/pegaticket-saas/api/vendor/phpunit/phpunit/src/Framework/TestCase.php(521): PHPUnit\\Framework\\TestCase->runTest()
#58 /home/mtsdrf/workspace/pegaticket-saas/api/vendor/phpunit/phpunit/src/Framework/TestRunner/TestRunner.php(99): PHPUnit\\Framework\\TestCase->runBare()
#59 /home/mtsdrf/workspace/pegaticket-saas/api/vendor/phpunit/phpunit/src/Framework/TestCase.php(361): PHPUnit\\Framework\\TestRunner->run()
#60 /home/mtsdrf/workspace/pegaticket-saas/api/vendor/phpunit/phpunit/src/Framework/TestSuite.php(374): PHPUnit\\Framework\\TestCase->run()
#61 /home/mtsdrf/workspace/pegaticket-saas/api/vendor/phpunit/phpunit/src/Framework/TestSuite.php(374): PHPUnit\\Framework\\TestSuite->run()
#62 /home/mtsdrf/workspace/pegaticket-saas/api/vendor/phpunit/phpunit/src/Framework/TestSuite.php(374): PHPUnit\\Framework\\TestSuite->run()
#63 /home/mtsdrf/workspace/pegaticket-saas/api/vendor/phpunit/phpunit/src/TextUI/TestRunner.php(64): PHPUnit\\Framework\\TestSuite->run()
#64 /home/mtsdrf/workspace/pegaticket-saas/api/vendor/phpunit/phpunit/src/TextUI/Application.php(229): PHPUnit\\TextUI\\TestRunner->run()
#65 /home/mtsdrf/workspace/pegaticket-saas/api/vendor/phpunit/phpunit/phpunit(104): PHPUnit\\TextUI\\Application->run()
#66 {main}
"} 
[2026-08-01 16:49:35] testing.ERROR: App\Http\Controllers\Sale\SaleController::unpayInstallment(): Argument #2 ($installment) must be of type App\Models\Sale\SaleInstallment, string given, called in /home/mtsdrf/workspace/pegaticket-saas/api/vendor/laravel/framework/src/Illuminate/Routing/ControllerDispatcher.php on line 46 {"userId":1,"exception":"[object] (TypeError(code: 0): App\\Http\\Controllers\\Sale\\SaleController::unpayInstallment(): Argument #2 ($installment) must be of type App\\Models\\Sale\\SaleInstallment, string given, called in /home/mtsdrf/workspace/pegaticket-saas/api/vendor/laravel/framework/src/Illuminate/Routing/ControllerDispatcher.php on line 46 at /home/mtsdrf/workspace/pegaticket-saas/api/app/Http/Controllers/Sale/SaleController.php:326)
[stacktrace]
#0 /home/mtsdrf/workspace/pegaticket-saas/api/vendor/laravel/framework/src/Illuminate/Routing/ControllerDispatcher.php(46): App\\Http\\Controllers\\Sale\\SaleController->unpayInstallment()
#1 /home/mtsdrf/workspace/pegaticket-saas/api/vendor/laravel/framework/src/Illuminate/Routing/Route.php(276): Illuminate\\Routing\\ControllerDispatcher->dispatch()
#2 /home/mtsdrf/workspace/pegaticket-saas/api/vendor/laravel/framework/src/Illuminate/Routing/Route.php(216): Illuminate\\Routing\\Route->runController()
#3 /home/mtsdrf/workspace/pegaticket-saas/api/vendor/laravel/framework/src/Illuminate/Routing/Router.php(822): Illuminate\\Routing\\Route->run()
#4 /home/mtsdrf/workspace/pegaticket-saas/api/vendor/laravel/framework/src/Illuminate/Pipeline/Pipeline.php(180): Illuminate\\Routing\\Router->{closure:Illuminate\\Routing\\Router::runRouteWithinStack():821}()
#5 /home/mtsdrf/workspace/pegaticket-saas/api/app/Http/Middleware/ThrottleRequests.php(45): Illuminate\\Pipeline\\Pipeline->{closure:Illuminate\\Pipeline\\Pipeline::prepareDestination():178}()
#6 /home/mtsdrf/workspace/pegaticket-saas/api/vendor/laravel/framework/src/Illuminate/Pipeline/Pipeline.php(219): App\\Http\\Middleware\\ThrottleRequests->handle()
#7 /home/mtsdrf/workspace/pegaticket-saas/api/app/Http/Middleware/CheckPermission.php(58): Illuminate\\Pipeline\\Pipeline->{closure:{closure:Illuminate\\Pipeline\\Pipeline::carry():194}:195}()
#8 /home/mtsdrf/workspace/pegaticket-saas/api/vendor/laravel/framework/src/Illuminate/Pipeline/Pipeline.php(219): App\\Http\\Middleware\\CheckPermission->handle()
#9 /home/mtsdrf/workspace/pegaticket-saas/api/app/Http/Middleware/ResolveTenant.php(66): Illuminate\\Pipeline\\Pipeline->{closure:{closure:Illuminate\\Pipeline\\Pipeline::carry():194}:195}()
#10 /home/mtsdrf/workspace/pegaticket-saas/api/vendor/laravel/framework/src/Illuminate/Pipeline/Pipeline.php(219): App\\Http\\Middleware\\ResolveTenant->handle()
#11 /home/mtsdrf/workspace/pegaticket-saas/api/app/Http/Middleware/JwtAccessMiddleware.php(67): Illuminate\\Pipeline\\Pipeline->{closure:{closure:Illuminate\\Pipeline\\Pipeline::carry():194}:195}()
#12 /home/mtsdrf/workspace/pegaticket-saas/api/vendor/laravel/framework/src/Illuminate/Pipeline/Pipeline.php(219): App\\Http\\Middleware\\JwtAccessMiddleware->handle()
#13 /home/mtsdrf/workspace/pegaticket-saas/api/vendor/laravel/framework/src/Illuminate/Routing/Middleware/SubstituteBindings.php(52): Illuminate\\Pipeline\\Pipeline->{closure:{closure:Illuminate\\Pipeline\\Pipeline::carry():194}:195}()
#14 /home/mtsdrf/workspace/pegaticket-saas/api/vendor/laravel/framework/src/Illuminate/Pipeline/Pipeline.php(219): Illuminate\\Routing\\Middleware\\SubstituteBindings->handle()
#15 /home/mtsdrf/workspace/pegaticket-saas/api/vendor/laravel/framework/src/Illuminate/Pipeline/Pipeline.php(137): Illuminate\\Pipeline\\Pipeline->{closure:{closure:Illuminate\\Pipeline\\Pipeline::carry():194}:195}()
#16 /home/mtsdrf/workspace/pegaticket-saas/api/vendor/laravel/framework/src/Illuminate/Routing/Router.php(821): Illuminate\\Pipeline\\Pipeline->then()
#17 /home/mtsdrf/workspace/pegaticket-saas/api/vendor/laravel/framework/src/Illuminate/Routing/Router.php(800): Illuminate\\Routing\\Router->runRouteWithinStack()
#18 /home/mtsdrf/workspace/pegaticket-saas/api/vendor/laravel/framework/src/Illuminate/Routing/Router.php(764): Illuminate\\Routing\\Router->runRoute()
#19 /home/mtsdrf/workspace/pegaticket-saas/api/vendor/laravel/framework/src/Illuminate/Routing/Router.php(753): Illuminate\\Routing\\Router->dispatchToRoute()
#20 /home/mtsdrf/workspace/pegaticket-saas/api/vendor/laravel/framework/src/Illuminate/Foundation/Http/Kernel.php(200): Illuminate\\Routing\\Router->dispatch()
#21 /home/mtsdrf/workspace/pegaticket-saas/api/vendor/laravel/framework/src/Illuminate/Pipeline/Pipeline.php(180): Illuminate\\Foundation\\Http\\Kernel->{closure:Illuminate\\Foundation\\Http\\Kernel::dispatchToRouter():197}()
#22 /home/mtsdrf/workspace/pegaticket-saas/api/app/Http/Middleware/SetLocale.php(17): Illuminate\\Pipeline\\Pipeline->{closure:Illuminate\\Pipeline\\Pipeline::prepareDestination():178}()
#23 /home/mtsdrf/workspace/pegaticket-saas/api/vendor/laravel/framework/src/Illuminate/Pipeline/Pipeline.php(219): App\\Http\\Middleware\\SetLocale->handle()
#24 /home/mtsdrf/workspace/pegaticket-saas/api/app/Http/Middleware/ApplicationRequestLogger.php(15): Illuminate\\Pipeline\\Pipeline->{closure:{closure:Illuminate\\Pipeline\\Pipeline::carry():194}:195}()
#25 /home/mtsdrf/workspace/pegaticket-saas/api/vendor/laravel/framework/src/Illuminate/Pipeline/Pipeline.php(219): App\\Http\\Middleware\\ApplicationRequestLogger->handle()
#26 /home/mtsdrf/workspace/pegaticket-saas/api/app/Http/Middleware/RequestId.php(16): Illuminate\\Pipeline\\Pipeline->{closure:{closure:Illuminate\\Pipeline\\Pipeline::carry():194}:195}()
#27 /home/mtsdrf/workspace/pegaticket-saas/api/vendor/laravel/framework/src/Illuminate/Pipeline/Pipeline.php(219): App\\Http\\Middleware\\RequestId->handle()
#28 /home/mtsdrf/workspace/pegaticket-saas/api/app/Http/Middleware/ApiHardening.php(14): Illuminate\\Pipeline\\Pipeline->{closure:{closure:Illuminate\\Pipeline\\Pipeline::carry():194}:195}()
#29 /home/mtsdrf/workspace/pegaticket-saas/api/vendor/laravel/framework/src/Illuminate/Pipeline/Pipeline.php(219): App\\Http\\Middleware\\ApiHardening->handle()
#30 /home/mtsdrf/workspace/pegaticket-saas/api/vendor/laravel/framework/src/Illuminate/Foundation/Http/Middleware/TransformsRequest.php(21): Illuminate\\Pipeline\\Pipeline->{closure:{closure:Illuminate\\Pipeline\\Pipeline::carry():194}:195}()
#31 /home/mtsdrf/workspace/pegaticket-saas/api/vendor/laravel/framework/src/Illuminate/Foundation/Http/Middleware/ConvertEmptyStringsToNull.php(31): Illuminate\\Foundation\\Http\\Middleware\\TransformsRequest->handle()
#32 /home/mtsdrf/workspace/pegaticket-saas/api/vendor/laravel/framework/src/Illuminate/Pipeline/Pipeline.php(219): Illuminate\\Foundation\\Http\\Middleware\\ConvertEmptyStringsToNull->handle()
#33 /home/mtsdrf/workspace/pegaticket-saas/api/vendor/laravel/framework/src/Illuminate/Foundation/Http/Middleware/TransformsRequest.php(21): Illuminate\\Pipeline\\Pipeline->{closure:{closure:Illuminate\\Pipeline\\Pipeline::carry():194}:195}()
#34 /home/mtsdrf/workspace/pegaticket-saas/api/vendor/laravel/framework/src/Illuminate/Foundation/Http/Middleware/TrimStrings.php(51): Illuminate\\Foundation\\Http\\Middleware\\TransformsRequest->handle()
#35 /home/mtsdrf/workspace/pegaticket-saas/api/vendor/laravel/framework/src/Illuminate/Pipeline/Pipeline.php(219): Illuminate\\Foundation\\Http\\Middleware\\TrimStrings->handle()
#36 /home/mtsdrf/workspace/pegaticket-saas/api/vendor/laravel/framework/src/Illuminate/Http/Middleware/ValidatePostSize.php(27): Illuminate\\Pipeline\\Pipeline->{closure:{closure:Illuminate\\Pipeline\\Pipeline::carry():194}:195}()
#37 /home/mtsdrf/workspace/pegaticket-saas/api/vendor/laravel/framework/src/Illuminate/Pipeline/Pipeline.php(219): Illuminate\\Http\\Middleware\\ValidatePostSize->handle()
#38 /home/mtsdrf/workspace/pegaticket-saas/api/vendor/laravel/framework/src/Illuminate/Foundation/Http/Middleware/PreventRequestsDuringMaintenance.php(109): Illuminate\\Pipeline\\Pipeline->{closure:{closure:Illuminate\\Pipeline\\Pipeline::carry():194}:195}()
#39 /home/mtsdrf/workspace/pegaticket-saas/api/vendor/laravel/framework/src/Illuminate/Pipeline/Pipeline.php(219): Illuminate\\Foundation\\Http\\Middleware\\PreventRequestsDuringMaintenance->handle()
#40 /home/mtsdrf/workspace/pegaticket-saas/api/vendor/laravel/framework/src/Illuminate/Http/Middleware/HandleCors.php(74): Illuminate\\Pipeline\\Pipeline->{closure:{closure:Illuminate\\Pipeline\\Pipeline::carry():194}:195}()
#41 /home/mtsdrf/workspace/pegaticket-saas/api/vendor/laravel/framework/src/Illuminate/Pipeline/Pipeline.php(219): Illuminate\\Http\\Middleware\\HandleCors->handle()
#42 /home/mtsdrf/workspace/pegaticket-saas/api/vendor/laravel/framework/src/Illuminate/Http/Middleware/TrustProxies.php(58): Illuminate\\Pipeline\\Pipeline->{closure:{closure:Illuminate\\Pipeline\\Pipeline::carry():194}:195}()
#43 /home/mtsdrf/workspace/pegaticket-saas/api/vendor/laravel/framework/src/Illuminate/Pipeline/Pipeline.php(219): Illuminate\\Http\\Middleware\\TrustProxies->handle()
#44 /home/mtsdrf/workspace/pegaticket-saas/api/vendor/laravel/framework/src/Illuminate/Foundation/Http/Middleware/InvokeDeferredCallbacks.php(22): Illuminate\\Pipeline\\Pipeline->{closure:{closure:Illuminate\\Pipeline\\Pipeline::carry():194}:195}()
#45 /home/mtsdrf/workspace/pegaticket-saas/api/vendor/laravel/framework/src/Illuminate/Pipeline/Pipeline.php(219): Illuminate\\Foundation\\Http\\Middleware\\InvokeDeferredCallbacks->handle()
#46 /home/mtsdrf/workspace/pegaticket-saas/api/vendor/laravel/framework/src/Illuminate/Http/Middleware/ValidatePathEncoding.php(28): Illuminate\\Pipeline\\Pipeline->{closure:{closure:Illuminate\\Pipeline\\Pipeline::carry():194}:195}()
#47 /home/mtsdrf/workspace/pegaticket-saas/api/vendor/laravel/framework/src/Illuminate/Pipeline/Pipeline.php(219): Illuminate\\Http\\Middleware\\ValidatePathEncoding->handle()
#48 /home/mtsdrf/workspace/pegaticket-saas/api/vendor/laravel/framework/src/Illuminate/Pipeline/Pipeline.php(137): Illuminate\\Pipeline\\Pipeline->{closure:{closure:Illuminate\\Pipeline\\Pipeline::carry():194}:195}()
#49 /home/mtsdrf/workspace/pegaticket-saas/api/vendor/laravel/framework/src/Illuminate/Foundation/Http/Kernel.php(175): Illuminate\\Pipeline\\Pipeline->then()
#50 /home/mtsdrf/workspace/pegaticket-saas/api/vendor/laravel/framework/src/Illuminate/Foundation/Http/Kernel.php(144): Illuminate\\Foundation\\Http\\Kernel->sendRequestThroughRouter()
#51 /home/mtsdrf/workspace/pegaticket-saas/api/vendor/laravel/framework/src/Illuminate/Foundation/Testing/Concerns/MakesHttpRequests.php(638): Illuminate\\Foundation\\Http\\Kernel->handle()
#52 /home/mtsdrf/workspace/pegaticket-saas/api/vendor/laravel/framework/src/Illuminate/Foundation/Testing/Concerns/MakesHttpRequests.php(604): Illuminate\\Foundation\\Testing\\TestCase->call()
#53 /home/mtsdrf/workspace/pegaticket-saas/api/vendor/laravel/framework/src/Illuminate/Foundation/Testing/Concerns/MakesHttpRequests.php(471): Illuminate\\Foundation\\Testing\\TestCase->json()
#54 /home/mtsdrf/workspace/pegaticket-saas/api/tests/Feature/Sales/SaleTest.php(836): Illuminate\\Foundation\\Testing\\TestCase->patchJson()
#55 /home/mtsdrf/workspace/pegaticket-saas/api/vendor/phpunit/phpunit/src/Framework/TestCase.php(1318): Tests\\Feature\\Sales\\SaleTest->unpay_installment_is_blocked_when_installment_is_not_paid()
#56 /home/mtsdrf/workspace/pegaticket-saas/api/vendor/phpunit/phpunit/src/Framework/TestCase.php(1355): PHPUnit\\Framework\\TestCase->invokeTestMethod()
#57 /home/mtsdrf/workspace/pegaticket-saas/api/vendor/phpunit/phpunit/src/Framework/TestCase.php(521): PHPUnit\\Framework\\TestCase->runTest()
#58 /home/mtsdrf/workspace/pegaticket-saas/api/vendor/phpunit/phpunit/src/Framework/TestRunner/TestRunner.php(99): PHPUnit\\Framework\\TestCase->runBare()
#59 /home/mtsdrf/workspace/pegaticket-saas/api/vendor/phpunit/phpunit/src/Framework/TestCase.php(361): PHPUnit\\Framework\\TestRunner->run()
#60 /home/mtsdrf/workspace/pegaticket-saas/api/vendor/phpunit/phpunit/src/Framework/TestSuite.php(374): PHPUnit\\Framework\\TestCase->run()
#61 /home/mtsdrf/workspace/pegaticket-saas/api/vendor/phpunit/phpunit/src/Framework/TestSuite.php(374): PHPUnit\\Framework\\TestSuite->run()
#62 /home/mtsdrf/workspace/pegaticket-saas/api/vendor/phpunit/phpunit/src/Framework/TestSuite.php(374): PHPUnit\\Framework\\TestSuite->run()
#63 /home/mtsdrf/workspace/pegaticket-saas/api/vendor/phpunit/phpunit/src/TextUI/TestRunner.php(64): PHPUnit\\Framework\\TestSuite->run()
#64 /home/mtsdrf/workspace/pegaticket-saas/api/vendor/phpunit/phpunit/src/TextUI/Application.php(229): PHPUnit\\TextUI\\TestRunner->run()
#65 /home/mtsdrf/workspace/pegaticket-saas/api/vendor/phpunit/phpunit/phpunit(104): PHPUnit\\TextUI\\Application->run()
#66 {main}
"} 
[2026-08-01 16:49:38] testing.WARNING: Falha ao enviar Web Push notification {"push_subscription_id":1,"final_customer_id":1,"error":"timeout"} 
[2026-08-01 16:50:53] testing.ERROR: App\Http\Controllers\Sale\SaleController::payInstallment(): Argument #3 ($installment) must be of type App\Models\Sale\SaleInstallment, string given, called in /home/mtsdrf/workspace/pegaticket-saas/api/vendor/laravel/framework/src/Illuminate/Routing/ControllerDispatcher.php on line 46 {"userId":1,"exception":"[object] (TypeError(code: 0): App\\Http\\Controllers\\Sale\\SaleController::payInstallment(): Argument #3 ($installment) must be of type App\\Models\\Sale\\SaleInstallment, string given, called in /home/mtsdrf/workspace/pegaticket-saas/api/vendor/laravel/framework/src/Illuminate/Routing/ControllerDispatcher.php on line 46 at /home/mtsdrf/workspace/pegaticket-saas/api/app/Http/Controllers/Sale/SaleController.php:310)
[stacktrace]
#0 /home/mtsdrf/workspace/pegaticket-saas/api/vendor/laravel/framework/src/Illuminate/Routing/ControllerDispatcher.php(46): App\\Http\\Controllers\\Sale\\SaleController->payInstallment()
#1 /home/mtsdrf/workspace/pegaticket-saas/api/vendor/laravel/framework/src/Illuminate/Routing/Route.php(275): Illuminate\\Routing\\ControllerDispatcher->dispatch()
#2 /home/mtsdrf/workspace/pegaticket-saas/api/vendor/laravel/framework/src/Illuminate/Routing/Route.php(215): Illuminate\\Routing\\Route->runController()
#3 /home/mtsdrf/workspace/pegaticket-saas/api/vendor/laravel/framework/src/Illuminate/Routing/Router.php(822): Illuminate\\Routing\\Route->run()
#4 /home/mtsdrf/workspace/pegaticket-saas/api/vendor/laravel/framework/src/Illuminate/Pipeline/Pipeline.php(180): Illuminate\\Routing\\Router->{closure:Illuminate\\Routing\\Router::runRouteWithinStack():821}()
#5 /home/mtsdrf/workspace/pegaticket-saas/api/app/Http/Middleware/ThrottleRequests.php(45): Illuminate\\Pipeline\\Pipeline->{closure:Illuminate\\Pipeline\\Pipeline::prepareDestination():178}()
#6 /home/mtsdrf/workspace/pegaticket-saas/api/vendor/laravel/framework/src/Illuminate/Pipeline/Pipeline.php(219): App\\Http\\Middleware\\ThrottleRequests->handle()
#7 /home/mtsdrf/workspace/pegaticket-saas/api/app/Http/Middleware/CheckPermission.php(58): Illuminate\\Pipeline\\Pipeline->{closure:{closure:Illuminate\\Pipeline\\Pipeline::carry():194}:195}()
#8 /home/mtsdrf/workspace/pegaticket-saas/api/vendor/laravel/framework/src/Illuminate/Pipeline/Pipeline.php(219): App\\Http\\Middleware\\CheckPermission->handle()
#9 /home/mtsdrf/workspace/pegaticket-saas/api/app/Http/Middleware/ResolveTenant.php(66): Illuminate\\Pipeline\\Pipeline->{closure:{closure:Illuminate\\Pipeline\\Pipeline::carry():194}:195}()
#10 /home/mtsdrf/workspace/pegaticket-saas/api/vendor/laravel/framework/src/Illuminate/Pipeline/Pipeline.php(219): App\\Http\\Middleware\\ResolveTenant->handle()
#11 /home/mtsdrf/workspace/pegaticket-saas/api/app/Http/Middleware/JwtAccessMiddleware.php(67): Illuminate\\Pipeline\\Pipeline->{closure:{closure:Illuminate\\Pipeline\\Pipeline::carry():194}:195}()
#12 /home/mtsdrf/workspace/pegaticket-saas/api/vendor/laravel/framework/src/Illuminate/Pipeline/Pipeline.php(219): App\\Http\\Middleware\\JwtAccessMiddleware->handle()
#13 /home/mtsdrf/workspace/pegaticket-saas/api/vendor/laravel/framework/src/Illuminate/Routing/Middleware/SubstituteBindings.php(52): Illuminate\\Pipeline\\Pipeline->{closure:{closure:Illuminate\\Pipeline\\Pipeline::carry():194}:195}()
#14 /home/mtsdrf/workspace/pegaticket-saas/api/vendor/laravel/framework/src/Illuminate/Pipeline/Pipeline.php(219): Illuminate\\Routing\\Middleware\\SubstituteBindings->handle()
#15 /home/mtsdrf/workspace/pegaticket-saas/api/vendor/laravel/framework/src/Illuminate/Pipeline/Pipeline.php(137): Illuminate\\Pipeline\\Pipeline->{closure:{closure:Illuminate\\Pipeline\\Pipeline::carry():194}:195}()
#16 /home/mtsdrf/workspace/pegaticket-saas/api/vendor/laravel/framework/src/Illuminate/Routing/Router.php(821): Illuminate\\Pipeline\\Pipeline->then()
#17 /home/mtsdrf/workspace/pegaticket-saas/api/vendor/laravel/framework/src/Illuminate/Routing/Router.php(800): Illuminate\\Routing\\Router->runRouteWithinStack()
#18 /home/mtsdrf/workspace/pegaticket-saas/api/vendor/laravel/framework/src/Illuminate/Routing/Router.php(764): Illuminate\\Routing\\Router->runRoute()
#19 /home/mtsdrf/workspace/pegaticket-saas/api/vendor/laravel/framework/src/Illuminate/Routing/Router.php(753): Illuminate\\Routing\\Router->dispatchToRoute()
#20 /home/mtsdrf/workspace/pegaticket-saas/api/vendor/laravel/framework/src/Illuminate/Foundation/Http/Kernel.php(200): Illuminate\\Routing\\Router->dispatch()
#21 /home/mtsdrf/workspace/pegaticket-saas/api/vendor/laravel/framework/src/Illuminate/Pipeline/Pipeline.php(180): Illuminate\\Foundation\\Http\\Kernel->{closure:Illuminate\\Foundation\\Http\\Kernel::dispatchToRouter():197}()
#22 /home/mtsdrf/workspace/pegaticket-saas/api/app/Http/Middleware/SetLocale.php(17): Illuminate\\Pipeline\\Pipeline->{closure:Illuminate\\Pipeline\\Pipeline::prepareDestination():178}()
#23 /home/mtsdrf/workspace/pegaticket-saas/api/vendor/laravel/framework/src/Illuminate/Pipeline/Pipeline.php(219): App\\Http\\Middleware\\SetLocale->handle()
#24 /home/mtsdrf/workspace/pegaticket-saas/api/app/Http/Middleware/ApplicationRequestLogger.php(15): Illuminate\\Pipeline\\Pipeline->{closure:{closure:Illuminate\\Pipeline\\Pipeline::carry():194}:195}()
#25 /home/mtsdrf/workspace/pegaticket-saas/api/vendor/laravel/framework/src/Illuminate/Pipeline/Pipeline.php(219): App\\Http\\Middleware\\ApplicationRequestLogger->handle()
#26 /home/mtsdrf/workspace/pegaticket-saas/api/app/Http/Middleware/RequestId.php(16): Illuminate\\Pipeline\\Pipeline->{closure:{closure:Illuminate\\Pipeline\\Pipeline::carry():194}:195}()
#27 /home/mtsdrf/workspace/pegaticket-saas/api/vendor/laravel/framework/src/Illuminate/Pipeline/Pipeline.php(219): App\\Http\\Middleware\\RequestId->handle()
#28 /home/mtsdrf/workspace/pegaticket-saas/api/app/Http/Middleware/ApiHardening.php(14): Illuminate\\Pipeline\\Pipeline->{closure:{closure:Illuminate\\Pipeline\\Pipeline::carry():194}:195}()
#29 /home/mtsdrf/workspace/pegaticket-saas/api/vendor/laravel/framework/src/Illuminate/Pipeline/Pipeline.php(219): App\\Http\\Middleware\\ApiHardening->handle()
#30 /home/mtsdrf/workspace/pegaticket-saas/api/vendor/laravel/framework/src/Illuminate/Foundation/Http/Middleware/TransformsRequest.php(21): Illuminate\\Pipeline\\Pipeline->{closure:{closure:Illuminate\\Pipeline\\Pipeline::carry():194}:195}()
#31 /home/mtsdrf/workspace/pegaticket-saas/api/vendor/laravel/framework/src/Illuminate/Foundation/Http/Middleware/ConvertEmptyStringsToNull.php(31): Illuminate\\Foundation\\Http\\Middleware\\TransformsRequest->handle()
#32 /home/mtsdrf/workspace/pegaticket-saas/api/vendor/laravel/framework/src/Illuminate/Pipeline/Pipeline.php(219): Illuminate\\Foundation\\Http\\Middleware\\ConvertEmptyStringsToNull->handle()
#33 /home/mtsdrf/workspace/pegaticket-saas/api/vendor/laravel/framework/src/Illuminate/Foundation/Http/Middleware/TransformsRequest.php(21): Illuminate\\Pipeline\\Pipeline->{closure:{closure:Illuminate\\Pipeline\\Pipeline::carry():194}:195}()
#34 /home/mtsdrf/workspace/pegaticket-saas/api/vendor/laravel/framework/src/Illuminate/Foundation/Http/Middleware/TrimStrings.php(51): Illuminate\\Foundation\\Http\\Middleware\\TransformsRequest->handle()
#35 /home/mtsdrf/workspace/pegaticket-saas/api/vendor/laravel/framework/src/Illuminate/Pipeline/Pipeline.php(219): Illuminate\\Foundation\\Http\\Middleware\\TrimStrings->handle()
#36 /home/mtsdrf/workspace/pegaticket-saas/api/vendor/laravel/framework/src/Illuminate/Http/Middleware/ValidatePostSize.php(27): Illuminate\\Pipeline\\Pipeline->{closure:{closure:Illuminate\\Pipeline\\Pipeline::carry():194}:195}()
#37 /home/mtsdrf/workspace/pegaticket-saas/api/vendor/laravel/framework/src/Illuminate/Pipeline/Pipeline.php(219): Illuminate\\Http\\Middleware\\ValidatePostSize->handle()
#38 /home/mtsdrf/workspace/pegaticket-saas/api/vendor/laravel/framework/src/Illuminate/Foundation/Http/Middleware/PreventRequestsDuringMaintenance.php(109): Illuminate\\Pipeline\\Pipeline->{closure:{closure:Illuminate\\Pipeline\\Pipeline::carry():194}:195}()
#39 /home/mtsdrf/workspace/pegaticket-saas/api/vendor/laravel/framework/src/Illuminate/Pipeline/Pipeline.php(219): Illuminate\\Foundation\\Http\\Middleware\\PreventRequestsDuringMaintenance->handle()
#40 /home/mtsdrf/workspace/pegaticket-saas/api/vendor/laravel/framework/src/Illuminate/Http/Middleware/HandleCors.php(74): Illuminate\\Pipeline\\Pipeline->{closure:{closure:Illuminate\\Pipeline\\Pipeline::carry():194}:195}()
#41 /home/mtsdrf/workspace/pegaticket-saas/api/vendor/laravel/framework/src/Illuminate/Pipeline/Pipeline.php(219): Illuminate\\Http\\Middleware\\HandleCors->handle()
#42 /home/mtsdrf/workspace/pegaticket-saas/api/vendor/laravel/framework/src/Illuminate/Http/Middleware/TrustProxies.php(58): Illuminate\\Pipeline\\Pipeline->{closure:{closure:Illuminate\\Pipeline\\Pipeline::carry():194}:195}()
#43 /home/mtsdrf/workspace/pegaticket-saas/api/vendor/laravel/framework/src/Illuminate/Pipeline/Pipeline.php(219): Illuminate\\Http\\Middleware\\TrustProxies->handle()
#44 /home/mtsdrf/workspace/pegaticket-saas/api/vendor/laravel/framework/src/Illuminate/Foundation/Http/Middleware/InvokeDeferredCallbacks.php(22): Illuminate\\Pipeline\\Pipeline->{closure:{closure:Illuminate\\Pipeline\\Pipeline::carry():194}:195}()
#45 /home/mtsdrf/workspace/pegaticket-saas/api/vendor/laravel/framework/src/Illuminate/Pipeline/Pipeline.php(219): Illuminate\\Foundation\\Http\\Middleware\\InvokeDeferredCallbacks->handle()
#46 /home/mtsdrf/workspace/pegaticket-saas/api/vendor/laravel/framework/src/Illuminate/Http/Middleware/ValidatePathEncoding.php(28): Illuminate\\Pipeline\\Pipeline->{closure:{closure:Illuminate\\Pipeline\\Pipeline::carry():194}:195}()
#47 /home/mtsdrf/workspace/pegaticket-saas/api/vendor/laravel/framework/src/Illuminate/Pipeline/Pipeline.php(219): Illuminate\\Http\\Middleware\\ValidatePathEncoding->handle()
#48 /home/mtsdrf/workspace/pegaticket-saas/api/vendor/laravel/framework/src/Illuminate/Pipeline/Pipeline.php(137): Illuminate\\Pipeline\\Pipeline->{closure:{closure:Illuminate\\Pipeline\\Pipeline::carry():194}:195}()
#49 /home/mtsdrf/workspace/pegaticket-saas/api/vendor/laravel/framework/src/Illuminate/Foundation/Http/Kernel.php(175): Illuminate\\Pipeline\\Pipeline->then()
#50 /home/mtsdrf/workspace/pegaticket-saas/api/vendor/laravel/framework/src/Illuminate/Foundation/Http/Kernel.php(144): Illuminate\\Foundation\\Http\\Kernel->sendRequestThroughRouter()
#51 /home/mtsdrf/workspace/pegaticket-saas/api/vendor/laravel/framework/src/Illuminate/Foundation/Testing/Concerns/MakesHttpRequests.php(607): Illuminate\\Foundation\\Http\\Kernel->handle()
#52 /home/mtsdrf/workspace/pegaticket-saas/api/vendor/laravel/framework/src/Illuminate/Foundation/Testing/Concerns/MakesHttpRequests.php(573): Illuminate\\Foundation\\Testing\\TestCase->call()
#53 /home/mtsdrf/workspace/pegaticket-saas/api/vendor/laravel/framework/src/Illuminate/Foundation/Testing/Concerns/MakesHttpRequests.php(471): Illuminate\\Foundation\\Testing\\TestCase->json()
#54 /home/mtsdrf/workspace/pegaticket-saas/api/tests/Feature/Sales/SaleInstallmentTest.php(129): Illuminate\\Foundation\\Testing\\TestCase->patchJson()
#55 /home/mtsdrf/workspace/pegaticket-saas/api/vendor/phpunit/phpunit/src/Framework/TestCase.php(1318): Tests\\Feature\\Sales\\SaleInstallmentTest->paid_installment_cannot_be_edited_or_deleted()
#56 /home/mtsdrf/workspace/pegaticket-saas/api/vendor/phpunit/phpunit/src/Framework/TestCase.php(1355): PHPUnit\\Framework\\TestCase->invokeTestMethod()
#57 /home/mtsdrf/workspace/pegaticket-saas/api/vendor/phpunit/phpunit/src/Framework/TestCase.php(521): PHPUnit\\Framework\\TestCase->runTest()
#58 /home/mtsdrf/workspace/pegaticket-saas/api/vendor/phpunit/phpunit/src/Framework/TestRunner/TestRunner.php(99): PHPUnit\\Framework\\TestCase->runBare()
#59 /home/mtsdrf/workspace/pegaticket-saas/api/vendor/phpunit/phpunit/src/Framework/TestCase.php(361): PHPUnit\\Framework\\TestRunner->run()
#60 /home/mtsdrf/workspace/pegaticket-saas/api/vendor/phpunit/phpunit/src/Framework/TestSuite.php(374): PHPUnit\\Framework\\TestCase->run()
#61 /home/mtsdrf/workspace/pegaticket-saas/api/vendor/phpunit/phpunit/src/Framework/TestSuite.php(374): PHPUnit\\Framework\\TestSuite->run()
#62 /home/mtsdrf/workspace/pegaticket-saas/api/vendor/phpunit/phpunit/src/Framework/TestSuite.php(374): PHPUnit\\Framework\\TestSuite->run()
#63 /home/mtsdrf/workspace/pegaticket-saas/api/vendor/phpunit/phpunit/src/TextUI/TestRunner.php(64): PHPUnit\\Framework\\TestSuite->run()
#64 /home/mtsdrf/workspace/pegaticket-saas/api/vendor/phpunit/phpunit/src/TextUI/Application.php(229): PHPUnit\\TextUI\\TestRunner->run()
#65 /home/mtsdrf/workspace/pegaticket-saas/api/vendor/phpunit/phpunit/phpunit(104): PHPUnit\\TextUI\\Application->run()
#66 {main}
"} 
[2026-08-01 16:50:55] testing.ERROR: App\Http\Controllers\Sale\SaleController::payInstallment(): Argument #3 ($installment) must be of type App\Models\Sale\SaleInstallment, string given, called in /home/mtsdrf/workspace/pegaticket-saas/api/vendor/laravel/framework/src/Illuminate/Routing/ControllerDispatcher.php on line 46 {"userId":1,"exception":"[object] (TypeError(code: 0): App\\Http\\Controllers\\Sale\\SaleController::payInstallment(): Argument #3 ($installment) must be of type App\\Models\\Sale\\SaleInstallment, string given, called in /home/mtsdrf/workspace/pegaticket-saas/api/vendor/laravel/framework/src/Illuminate/Routing/ControllerDispatcher.php on line 46 at /home/mtsdrf/workspace/pegaticket-saas/api/app/Http/Controllers/Sale/SaleController.php:310)
[stacktrace]
#0 /home/mtsdrf/workspace/pegaticket-saas/api/vendor/laravel/framework/src/Illuminate/Routing/ControllerDispatcher.php(46): App\\Http\\Controllers\\Sale\\SaleController->payInstallment()
#1 /home/mtsdrf/workspace/pegaticket-saas/api/vendor/laravel/framework/src/Illuminate/Routing/Route.php(275): Illuminate\\Routing\\ControllerDispatcher->dispatch()
#2 /home/mtsdrf/workspace/pegaticket-saas/api/vendor/laravel/framework/src/Illuminate/Routing/Route.php(215): Illuminate\\Routing\\Route->runController()
#3 /home/mtsdrf/workspace/pegaticket-saas/api/vendor/laravel/framework/src/Illuminate/Routing/Router.php(822): Illuminate\\Routing\\Route->run()
#4 /home/mtsdrf/workspace/pegaticket-saas/api/vendor/laravel/framework/src/Illuminate/Pipeline/Pipeline.php(180): Illuminate\\Routing\\Router->{closure:Illuminate\\Routing\\Router::runRouteWithinStack():821}()
#5 /home/mtsdrf/workspace/pegaticket-saas/api/app/Http/Middleware/ThrottleRequests.php(45): Illuminate\\Pipeline\\Pipeline->{closure:Illuminate\\Pipeline\\Pipeline::prepareDestination():178}()
#6 /home/mtsdrf/workspace/pegaticket-saas/api/vendor/laravel/framework/src/Illuminate/Pipeline/Pipeline.php(219): App\\Http\\Middleware\\ThrottleRequests->handle()
#7 /home/mtsdrf/workspace/pegaticket-saas/api/app/Http/Middleware/CheckPermission.php(58): Illuminate\\Pipeline\\Pipeline->{closure:{closure:Illuminate\\Pipeline\\Pipeline::carry():194}:195}()
#8 /home/mtsdrf/workspace/pegaticket-saas/api/vendor/laravel/framework/src/Illuminate/Pipeline/Pipeline.php(219): App\\Http\\Middleware\\CheckPermission->handle()
#9 /home/mtsdrf/workspace/pegaticket-saas/api/app/Http/Middleware/ResolveTenant.php(66): Illuminate\\Pipeline\\Pipeline->{closure:{closure:Illuminate\\Pipeline\\Pipeline::carry():194}:195}()
#10 /home/mtsdrf/workspace/pegaticket-saas/api/vendor/laravel/framework/src/Illuminate/Pipeline/Pipeline.php(219): App\\Http\\Middleware\\ResolveTenant->handle()
#11 /home/mtsdrf/workspace/pegaticket-saas/api/app/Http/Middleware/JwtAccessMiddleware.php(67): Illuminate\\Pipeline\\Pipeline->{closure:{closure:Illuminate\\Pipeline\\Pipeline::carry():194}:195}()
#12 /home/mtsdrf/workspace/pegaticket-saas/api/vendor/laravel/framework/src/Illuminate/Pipeline/Pipeline.php(219): App\\Http\\Middleware\\JwtAccessMiddleware->handle()
#13 /home/mtsdrf/workspace/pegaticket-saas/api/vendor/laravel/framework/src/Illuminate/Routing/Middleware/SubstituteBindings.php(52): Illuminate\\Pipeline\\Pipeline->{closure:{closure:Illuminate\\Pipeline\\Pipeline::carry():194}:195}()
#14 /home/mtsdrf/workspace/pegaticket-saas/api/vendor/laravel/framework/src/Illuminate/Pipeline/Pipeline.php(219): Illuminate\\Routing\\Middleware\\SubstituteBindings->handle()
#15 /home/mtsdrf/workspace/pegaticket-saas/api/vendor/laravel/framework/src/Illuminate/Pipeline/Pipeline.php(137): Illuminate\\Pipeline\\Pipeline->{closure:{closure:Illuminate\\Pipeline\\Pipeline::carry():194}:195}()
#16 /home/mtsdrf/workspace/pegaticket-saas/api/vendor/laravel/framework/src/Illuminate/Routing/Router.php(821): Illuminate\\Pipeline\\Pipeline->then()
#17 /home/mtsdrf/workspace/pegaticket-saas/api/vendor/laravel/framework/src/Illuminate/Routing/Router.php(800): Illuminate\\Routing\\Router->runRouteWithinStack()
#18 /home/mtsdrf/workspace/pegaticket-saas/api/vendor/laravel/framework/src/Illuminate/Routing/Router.php(764): Illuminate\\Routing\\Router->runRoute()
#19 /home/mtsdrf/workspace/pegaticket-saas/api/vendor/laravel/framework/src/Illuminate/Routing/Router.php(753): Illuminate\\Routing\\Router->dispatchToRoute()
#20 /home/mtsdrf/workspace/pegaticket-saas/api/vendor/laravel/framework/src/Illuminate/Foundation/Http/Kernel.php(200): Illuminate\\Routing\\Router->dispatch()
#21 /home/mtsdrf/workspace/pegaticket-saas/api/vendor/laravel/framework/src/Illuminate/Pipeline/Pipeline.php(180): Illuminate\\Foundation\\Http\\Kernel->{closure:Illuminate\\Foundation\\Http\\Kernel::dispatchToRouter():197}()
#22 /home/mtsdrf/workspace/pegaticket-saas/api/app/Http/Middleware/SetLocale.php(17): Illuminate\\Pipeline\\Pipeline->{closure:Illuminate\\Pipeline\\Pipeline::prepareDestination():178}()
#23 /home/mtsdrf/workspace/pegaticket-saas/api/vendor/laravel/framework/src/Illuminate/Pipeline/Pipeline.php(219): App\\Http\\Middleware\\SetLocale->handle()
#24 /home/mtsdrf/workspace/pegaticket-saas/api/app/Http/Middleware/ApplicationRequestLogger.php(15): Illuminate\\Pipeline\\Pipeline->{closure:{closure:Illuminate\\Pipeline\\Pipeline::carry():194}:195}()
#25 /home/mtsdrf/workspace/pegaticket-saas/api/vendor/laravel/framework/src/Illuminate/Pipeline/Pipeline.php(219): App\\Http\\Middleware\\ApplicationRequestLogger->handle()
#26 /home/mtsdrf/workspace/pegaticket-saas/api/app/Http/Middleware/RequestId.php(16): Illuminate\\Pipeline\\Pipeline->{closure:{closure:Illuminate\\Pipeline\\Pipeline::carry():194}:195}()
#27 /home/mtsdrf/workspace/pegaticket-saas/api/vendor/laravel/framework/src/Illuminate/Pipeline/Pipeline.php(219): App\\Http\\Middleware\\RequestId->handle()
#28 /home/mtsdrf/workspace/pegaticket-saas/api/app/Http/Middleware/ApiHardening.php(14): Illuminate\\Pipeline\\Pipeline->{closure:{closure:Illuminate\\Pipeline\\Pipeline::carry():194}:195}()
#29 /home/mtsdrf/workspace/pegaticket-saas/api/vendor/laravel/framework/src/Illuminate/Pipeline/Pipeline.php(219): App\\Http\\Middleware\\ApiHardening->handle()
#30 /home/mtsdrf/workspace/pegaticket-saas/api/vendor/laravel/framework/src/Illuminate/Foundation/Http/Middleware/TransformsRequest.php(21): Illuminate\\Pipeline\\Pipeline->{closure:{closure:Illuminate\\Pipeline\\Pipeline::carry():194}:195}()
#31 /home/mtsdrf/workspace/pegaticket-saas/api/vendor/laravel/framework/src/Illuminate/Foundation/Http/Middleware/ConvertEmptyStringsToNull.php(31): Illuminate\\Foundation\\Http\\Middleware\\TransformsRequest->handle()
#32 /home/mtsdrf/workspace/pegaticket-saas/api/vendor/laravel/framework/src/Illuminate/Pipeline/Pipeline.php(219): Illuminate\\Foundation\\Http\\Middleware\\ConvertEmptyStringsToNull->handle()
#33 /home/mtsdrf/workspace/pegaticket-saas/api/vendor/laravel/framework/src/Illuminate/Foundation/Http/Middleware/TransformsRequest.php(21): Illuminate\\Pipeline\\Pipeline->{closure:{closure:Illuminate\\Pipeline\\Pipeline::carry():194}:195}()
#34 /home/mtsdrf/workspace/pegaticket-saas/api/vendor/laravel/framework/src/Illuminate/Foundation/Http/Middleware/TrimStrings.php(51): Illuminate\\Foundation\\Http\\Middleware\\TransformsRequest->handle()
#35 /home/mtsdrf/workspace/pegaticket-saas/api/vendor/laravel/framework/src/Illuminate/Pipeline/Pipeline.php(219): Illuminate\\Foundation\\Http\\Middleware\\TrimStrings->handle()
#36 /home/mtsdrf/workspace/pegaticket-saas/api/vendor/laravel/framework/src/Illuminate/Http/Middleware/ValidatePostSize.php(27): Illuminate\\Pipeline\\Pipeline->{closure:{closure:Illuminate\\Pipeline\\Pipeline::carry():194}:195}()
#37 /home/mtsdrf/workspace/pegaticket-saas/api/vendor/laravel/framework/src/Illuminate/Pipeline/Pipeline.php(219): Illuminate\\Http\\Middleware\\ValidatePostSize->handle()
#38 /home/mtsdrf/workspace/pegaticket-saas/api/vendor/laravel/framework/src/Illuminate/Foundation/Http/Middleware/PreventRequestsDuringMaintenance.php(109): Illuminate\\Pipeline\\Pipeline->{closure:{closure:Illuminate\\Pipeline\\Pipeline::carry():194}:195}()
#39 /home/mtsdrf/workspace/pegaticket-saas/api/vendor/laravel/framework/src/Illuminate/Pipeline/Pipeline.php(219): Illuminate\\Foundation\\Http\\Middleware\\PreventRequestsDuringMaintenance->handle()
#40 /home/mtsdrf/workspace/pegaticket-saas/api/vendor/laravel/framework/src/Illuminate/Http/Middleware/HandleCors.php(74): Illuminate\\Pipeline\\Pipeline->{closure:{closure:Illuminate\\Pipeline\\Pipeline::carry():194}:195}()
#41 /home/mtsdrf/workspace/pegaticket-saas/api/vendor/laravel/framework/src/Illuminate/Pipeline/Pipeline.php(219): Illuminate\\Http\\Middleware\\HandleCors->handle()
#42 /home/mtsdrf/workspace/pegaticket-saas/api/vendor/laravel/framework/src/Illuminate/Http/Middleware/TrustProxies.php(58): Illuminate\\Pipeline\\Pipeline->{closure:{closure:Illuminate\\Pipeline\\Pipeline::carry():194}:195}()
#43 /home/mtsdrf/workspace/pegaticket-saas/api/vendor/laravel/framework/src/Illuminate/Pipeline/Pipeline.php(219): Illuminate\\Http\\Middleware\\TrustProxies->handle()
#44 /home/mtsdrf/workspace/pegaticket-saas/api/vendor/laravel/framework/src/Illuminate/Foundation/Http/Middleware/InvokeDeferredCallbacks.php(22): Illuminate\\Pipeline\\Pipeline->{closure:{closure:Illuminate\\Pipeline\\Pipeline::carry():194}:195}()
#45 /home/mtsdrf/workspace/pegaticket-saas/api/vendor/laravel/framework/src/Illuminate/Pipeline/Pipeline.php(219): Illuminate\\Foundation\\Http\\Middleware\\InvokeDeferredCallbacks->handle()
#46 /home/mtsdrf/workspace/pegaticket-saas/api/vendor/laravel/framework/src/Illuminate/Http/Middleware/ValidatePathEncoding.php(28): Illuminate\\Pipeline\\Pipeline->{closure:{closure:Illuminate\\Pipeline\\Pipeline::carry():194}:195}()
#47 /home/mtsdrf/workspace/pegaticket-saas/api/vendor/laravel/framework/src/Illuminate/Pipeline/Pipeline.php(219): Illuminate\\Http\\Middleware\\ValidatePathEncoding->handle()
#48 /home/mtsdrf/workspace/pegaticket-saas/api/vendor/laravel/framework/src/Illuminate/Pipeline/Pipeline.php(137): Illuminate\\Pipeline\\Pipeline->{closure:{closure:Illuminate\\Pipeline\\Pipeline::carry():194}:195}()
#49 /home/mtsdrf/workspace/pegaticket-saas/api/vendor/laravel/framework/src/Illuminate/Foundation/Http/Kernel.php(175): Illuminate\\Pipeline\\Pipeline->then()
#50 /home/mtsdrf/workspace/pegaticket-saas/api/vendor/laravel/framework/src/Illuminate/Foundation/Http/Kernel.php(144): Illuminate\\Foundation\\Http\\Kernel->sendRequestThroughRouter()
#51 /home/mtsdrf/workspace/pegaticket-saas/api/vendor/laravel/framework/src/Illuminate/Foundation/Testing/Concerns/MakesHttpRequests.php(607): Illuminate\\Foundation\\Http\\Kernel->handle()
#52 /home/mtsdrf/workspace/pegaticket-saas/api/vendor/laravel/framework/src/Illuminate/Foundation/Testing/Concerns/MakesHttpRequests.php(573): Illuminate\\Foundation\\Testing\\TestCase->call()
#53 /home/mtsdrf/workspace/pegaticket-saas/api/vendor/laravel/framework/src/Illuminate/Foundation/Testing/Concerns/MakesHttpRequests.php(471): Illuminate\\Foundation\\Testing\\TestCase->json()
#54 /home/mtsdrf/workspace/pegaticket-saas/api/tests/Feature/Sales/SaleInstallmentTest.php(447): Illuminate\\Foundation\\Testing\\TestCase->patchJson()
#55 /home/mtsdrf/workspace/pegaticket-saas/api/vendor/phpunit/phpunit/src/Framework/TestCase.php(1318): Tests\\Feature\\Sales\\SaleInstallmentTest->reallocate_rejects_payload_referencing_a_paid_installment()
#56 /home/mtsdrf/workspace/pegaticket-saas/api/vendor/phpunit/phpunit/src/Framework/TestCase.php(1355): PHPUnit\\Framework\\TestCase->invokeTestMethod()
#57 /home/mtsdrf/workspace/pegaticket-saas/api/vendor/phpunit/phpunit/src/Framework/TestCase.php(521): PHPUnit\\Framework\\TestCase->runTest()
#58 /home/mtsdrf/workspace/pegaticket-saas/api/vendor/phpunit/phpunit/src/Framework/TestRunner/TestRunner.php(99): PHPUnit\\Framework\\TestCase->runBare()
#59 /home/mtsdrf/workspace/pegaticket-saas/api/vendor/phpunit/phpunit/src/Framework/TestCase.php(361): PHPUnit\\Framework\\TestRunner->run()
#60 /home/mtsdrf/workspace/pegaticket-saas/api/vendor/phpunit/phpunit/src/Framework/TestSuite.php(374): PHPUnit\\Framework\\TestCase->run()
#61 /home/mtsdrf/workspace/pegaticket-saas/api/vendor/phpunit/phpunit/src/Framework/TestSuite.php(374): PHPUnit\\Framework\\TestSuite->run()
#62 /home/mtsdrf/workspace/pegaticket-saas/api/vendor/phpunit/phpunit/src/Framework/TestSuite.php(374): PHPUnit\\Framework\\TestSuite->run()
#63 /home/mtsdrf/workspace/pegaticket-saas/api/vendor/phpunit/phpunit/src/TextUI/TestRunner.php(64): PHPUnit\\Framework\\TestSuite->run()
#64 /home/mtsdrf/workspace/pegaticket-saas/api/vendor/phpunit/phpunit/src/TextUI/Application.php(229): PHPUnit\\TextUI\\TestRunner->run()
#65 /home/mtsdrf/workspace/pegaticket-saas/api/vendor/phpunit/phpunit/phpunit(104): PHPUnit\\TextUI\\Application->run()
#66 {main}
"} 
[2026-08-01 16:50:58] testing.ERROR: App\Http\Controllers\Sale\SaleController::payInstallment(): Argument #3 ($installment) must be of type App\Models\Sale\SaleInstallment, string given, called in /home/mtsdrf/workspace/pegaticket-saas/api/vendor/laravel/framework/src/Illuminate/Routing/ControllerDispatcher.php on line 46 {"userId":1,"exception":"[object] (TypeError(code: 0): App\\Http\\Controllers\\Sale\\SaleController::payInstallment(): Argument #3 ($installment) must be of type App\\Models\\Sale\\SaleInstallment, string given, called in /home/mtsdrf/workspace/pegaticket-saas/api/vendor/laravel/framework/src/Illuminate/Routing/ControllerDispatcher.php on line 46 at /home/mtsdrf/workspace/pegaticket-saas/api/app/Http/Controllers/Sale/SaleController.php:310)
[stacktrace]
#0 /home/mtsdrf/workspace/pegaticket-saas/api/vendor/laravel/framework/src/Illuminate/Routing/ControllerDispatcher.php(46): App\\Http\\Controllers\\Sale\\SaleController->payInstallment()
#1 /home/mtsdrf/workspace/pegaticket-saas/api/vendor/laravel/framework/src/Illuminate/Routing/Route.php(275): Illuminate\\Routing\\ControllerDispatcher->dispatch()
#2 /home/mtsdrf/workspace/pegaticket-saas/api/vendor/laravel/framework/src/Illuminate/Routing/Route.php(215): Illuminate\\Routing\\Route->runController()
#3 /home/mtsdrf/workspace/pegaticket-saas/api/vendor/laravel/framework/src/Illuminate/Routing/Router.php(822): Illuminate\\Routing\\Route->run()
#4 /home/mtsdrf/workspace/pegaticket-saas/api/vendor/laravel/framework/src/Illuminate/Pipeline/Pipeline.php(180): Illuminate\\Routing\\Router->{closure:Illuminate\\Routing\\Router::runRouteWithinStack():821}()
#5 /home/mtsdrf/workspace/pegaticket-saas/api/app/Http/Middleware/ThrottleRequests.php(45): Illuminate\\Pipeline\\Pipeline->{closure:Illuminate\\Pipeline\\Pipeline::prepareDestination():178}()
#6 /home/mtsdrf/workspace/pegaticket-saas/api/vendor/laravel/framework/src/Illuminate/Pipeline/Pipeline.php(219): App\\Http\\Middleware\\ThrottleRequests->handle()
#7 /home/mtsdrf/workspace/pegaticket-saas/api/app/Http/Middleware/CheckPermission.php(58): Illuminate\\Pipeline\\Pipeline->{closure:{closure:Illuminate\\Pipeline\\Pipeline::carry():194}:195}()
#8 /home/mtsdrf/workspace/pegaticket-saas/api/vendor/laravel/framework/src/Illuminate/Pipeline/Pipeline.php(219): App\\Http\\Middleware\\CheckPermission->handle()
#9 /home/mtsdrf/workspace/pegaticket-saas/api/app/Http/Middleware/ResolveTenant.php(66): Illuminate\\Pipeline\\Pipeline->{closure:{closure:Illuminate\\Pipeline\\Pipeline::carry():194}:195}()
#10 /home/mtsdrf/workspace/pegaticket-saas/api/vendor/laravel/framework/src/Illuminate/Pipeline/Pipeline.php(219): App\\Http\\Middleware\\ResolveTenant->handle()
#11 /home/mtsdrf/workspace/pegaticket-saas/api/app/Http/Middleware/JwtAccessMiddleware.php(67): Illuminate\\Pipeline\\Pipeline->{closure:{closure:Illuminate\\Pipeline\\Pipeline::carry():194}:195}()
#12 /home/mtsdrf/workspace/pegaticket-saas/api/vendor/laravel/framework/src/Illuminate/Pipeline/Pipeline.php(219): App\\Http\\Middleware\\JwtAccessMiddleware->handle()
#13 /home/mtsdrf/workspace/pegaticket-saas/api/vendor/laravel/framework/src/Illuminate/Routing/Middleware/SubstituteBindings.php(52): Illuminate\\Pipeline\\Pipeline->{closure:{closure:Illuminate\\Pipeline\\Pipeline::carry():194}:195}()
#14 /home/mtsdrf/workspace/pegaticket-saas/api/vendor/laravel/framework/src/Illuminate/Pipeline/Pipeline.php(219): Illuminate\\Routing\\Middleware\\SubstituteBindings->handle()
#15 /home/mtsdrf/workspace/pegaticket-saas/api/vendor/laravel/framework/src/Illuminate/Pipeline/Pipeline.php(137): Illuminate\\Pipeline\\Pipeline->{closure:{closure:Illuminate\\Pipeline\\Pipeline::carry():194}:195}()
#16 /home/mtsdrf/workspace/pegaticket-saas/api/vendor/laravel/framework/src/Illuminate/Routing/Router.php(821): Illuminate\\Pipeline\\Pipeline->then()
#17 /home/mtsdrf/workspace/pegaticket-saas/api/vendor/laravel/framework/src/Illuminate/Routing/Router.php(800): Illuminate\\Routing\\Router->runRouteWithinStack()
#18 /home/mtsdrf/workspace/pegaticket-saas/api/vendor/laravel/framework/src/Illuminate/Routing/Router.php(764): Illuminate\\Routing\\Router->runRoute()
#19 /home/mtsdrf/workspace/pegaticket-saas/api/vendor/laravel/framework/src/Illuminate/Routing/Router.php(753): Illuminate\\Routing\\Router->dispatchToRoute()
#20 /home/mtsdrf/workspace/pegaticket-saas/api/vendor/laravel/framework/src/Illuminate/Foundation/Http/Kernel.php(200): Illuminate\\Routing\\Router->dispatch()
#21 /home/mtsdrf/workspace/pegaticket-saas/api/vendor/laravel/framework/src/Illuminate/Pipeline/Pipeline.php(180): Illuminate\\Foundation\\Http\\Kernel->{closure:Illuminate\\Foundation\\Http\\Kernel::dispatchToRouter():197}()
#22 /home/mtsdrf/workspace/pegaticket-saas/api/app/Http/Middleware/SetLocale.php(17): Illuminate\\Pipeline\\Pipeline->{closure:Illuminate\\Pipeline\\Pipeline::prepareDestination():178}()
#23 /home/mtsdrf/workspace/pegaticket-saas/api/vendor/laravel/framework/src/Illuminate/Pipeline/Pipeline.php(219): App\\Http\\Middleware\\SetLocale->handle()
#24 /home/mtsdrf/workspace/pegaticket-saas/api/app/Http/Middleware/ApplicationRequestLogger.php(15): Illuminate\\Pipeline\\Pipeline->{closure:{closure:Illuminate\\Pipeline\\Pipeline::carry():194}:195}()
#25 /home/mtsdrf/workspace/pegaticket-saas/api/vendor/laravel/framework/src/Illuminate/Pipeline/Pipeline.php(219): App\\Http\\Middleware\\ApplicationRequestLogger->handle()
#26 /home/mtsdrf/workspace/pegaticket-saas/api/app/Http/Middleware/RequestId.php(16): Illuminate\\Pipeline\\Pipeline->{closure:{closure:Illuminate\\Pipeline\\Pipeline::carry():194}:195}()
#27 /home/mtsdrf/workspace/pegaticket-saas/api/vendor/laravel/framework/src/Illuminate/Pipeline/Pipeline.php(219): App\\Http\\Middleware\\RequestId->handle()
#28 /home/mtsdrf/workspace/pegaticket-saas/api/app/Http/Middleware/ApiHardening.php(14): Illuminate\\Pipeline\\Pipeline->{closure:{closure:Illuminate\\Pipeline\\Pipeline::carry():194}:195}()
#29 /home/mtsdrf/workspace/pegaticket-saas/api/vendor/laravel/framework/src/Illuminate/Pipeline/Pipeline.php(219): App\\Http\\Middleware\\ApiHardening->handle()
#30 /home/mtsdrf/workspace/pegaticket-saas/api/vendor/laravel/framework/src/Illuminate/Foundation/Http/Middleware/TransformsRequest.php(21): Illuminate\\Pipeline\\Pipeline->{closure:{closure:Illuminate\\Pipeline\\Pipeline::carry():194}:195}()
#31 /home/mtsdrf/workspace/pegaticket-saas/api/vendor/laravel/framework/src/Illuminate/Foundation/Http/Middleware/ConvertEmptyStringsToNull.php(31): Illuminate\\Foundation\\Http\\Middleware\\TransformsRequest->handle()
#32 /home/mtsdrf/workspace/pegaticket-saas/api/vendor/laravel/framework/src/Illuminate/Pipeline/Pipeline.php(219): Illuminate\\Foundation\\Http\\Middleware\\ConvertEmptyStringsToNull->handle()
#33 /home/mtsdrf/workspace/pegaticket-saas/api/vendor/laravel/framework/src/Illuminate/Foundation/Http/Middleware/TransformsRequest.php(21): Illuminate\\Pipeline\\Pipeline->{closure:{closure:Illuminate\\Pipeline\\Pipeline::carry():194}:195}()
#34 /home/mtsdrf/workspace/pegaticket-saas/api/vendor/laravel/framework/src/Illuminate/Foundation/Http/Middleware/TrimStrings.php(51): Illuminate\\Foundation\\Http\\Middleware\\TransformsRequest->handle()
#35 /home/mtsdrf/workspace/pegaticket-saas/api/vendor/laravel/framework/src/Illuminate/Pipeline/Pipeline.php(219): Illuminate\\Foundation\\Http\\Middleware\\TrimStrings->handle()
#36 /home/mtsdrf/workspace/pegaticket-saas/api/vendor/laravel/framework/src/Illuminate/Http/Middleware/ValidatePostSize.php(27): Illuminate\\Pipeline\\Pipeline->{closure:{closure:Illuminate\\Pipeline\\Pipeline::carry():194}:195}()
#37 /home/mtsdrf/workspace/pegaticket-saas/api/vendor/laravel/framework/src/Illuminate/Pipeline/Pipeline.php(219): Illuminate\\Http\\Middleware\\ValidatePostSize->handle()
#38 /home/mtsdrf/workspace/pegaticket-saas/api/vendor/laravel/framework/src/Illuminate/Foundation/Http/Middleware/PreventRequestsDuringMaintenance.php(109): Illuminate\\Pipeline\\Pipeline->{closure:{closure:Illuminate\\Pipeline\\Pipeline::carry():194}:195}()
#39 /home/mtsdrf/workspace/pegaticket-saas/api/vendor/laravel/framework/src/Illuminate/Pipeline/Pipeline.php(219): Illuminate\\Foundation\\Http\\Middleware\\PreventRequestsDuringMaintenance->handle()
#40 /home/mtsdrf/workspace/pegaticket-saas/api/vendor/laravel/framework/src/Illuminate/Http/Middleware/HandleCors.php(74): Illuminate\\Pipeline\\Pipeline->{closure:{closure:Illuminate\\Pipeline\\Pipeline::carry():194}:195}()
#41 /home/mtsdrf/workspace/pegaticket-saas/api/vendor/laravel/framework/src/Illuminate/Pipeline/Pipeline.php(219): Illuminate\\Http\\Middleware\\HandleCors->handle()
#42 /home/mtsdrf/workspace/pegaticket-saas/api/vendor/laravel/framework/src/Illuminate/Http/Middleware/TrustProxies.php(58): Illuminate\\Pipeline\\Pipeline->{closure:{closure:Illuminate\\Pipeline\\Pipeline::carry():194}:195}()
#43 /home/mtsdrf/workspace/pegaticket-saas/api/vendor/laravel/framework/src/Illuminate/Pipeline/Pipeline.php(219): Illuminate\\Http\\Middleware\\TrustProxies->handle()
#44 /home/mtsdrf/workspace/pegaticket-saas/api/vendor/laravel/framework/src/Illuminate/Foundation/Http/Middleware/InvokeDeferredCallbacks.php(22): Illuminate\\Pipeline\\Pipeline->{closure:{closure:Illuminate\\Pipeline\\Pipeline::carry():194}:195}()
#45 /home/mtsdrf/workspace/pegaticket-saas/api/vendor/laravel/framework/src/Illuminate/Pipeline/Pipeline.php(219): Illuminate\\Foundation\\Http\\Middleware\\InvokeDeferredCallbacks->handle()
#46 /home/mtsdrf/workspace/pegaticket-saas/api/vendor/laravel/framework/src/Illuminate/Http/Middleware/ValidatePathEncoding.php(28): Illuminate\\Pipeline\\Pipeline->{closure:{closure:Illuminate\\Pipeline\\Pipeline::carry():194}:195}()
#47 /home/mtsdrf/workspace/pegaticket-saas/api/vendor/laravel/framework/src/Illuminate/Pipeline/Pipeline.php(219): Illuminate\\Http\\Middleware\\ValidatePathEncoding->handle()
#48 /home/mtsdrf/workspace/pegaticket-saas/api/vendor/laravel/framework/src/Illuminate/Pipeline/Pipeline.php(137): Illuminate\\Pipeline\\Pipeline->{closure:{closure:Illuminate\\Pipeline\\Pipeline::carry():194}:195}()
#49 /home/mtsdrf/workspace/pegaticket-saas/api/vendor/laravel/framework/src/Illuminate/Foundation/Http/Kernel.php(175): Illuminate\\Pipeline\\Pipeline->then()
#50 /home/mtsdrf/workspace/pegaticket-saas/api/vendor/laravel/framework/src/Illuminate/Foundation/Http/Kernel.php(144): Illuminate\\Foundation\\Http\\Kernel->sendRequestThroughRouter()
#51 /home/mtsdrf/workspace/pegaticket-saas/api/vendor/laravel/framework/src/Illuminate/Foundation/Testing/Concerns/MakesHttpRequests.php(607): Illuminate\\Foundation\\Http\\Kernel->handle()
#52 /home/mtsdrf/workspace/pegaticket-saas/api/vendor/laravel/framework/src/Illuminate/Foundation/Testing/Concerns/MakesHttpRequests.php(573): Illuminate\\Foundation\\Testing\\TestCase->call()
#53 /home/mtsdrf/workspace/pegaticket-saas/api/vendor/laravel/framework/src/Illuminate/Foundation/Testing/Concerns/MakesHttpRequests.php(471): Illuminate\\Foundation\\Testing\\TestCase->json()
#54 /home/mtsdrf/workspace/pegaticket-saas/api/tests/Feature/Sales/SaleTest.php(299): Illuminate\\Foundation\\Testing\\TestCase->patchJson()
#55 /home/mtsdrf/workspace/pegaticket-saas/api/vendor/phpunit/phpunit/src/Framework/TestCase.php(1318): Tests\\Feature\\Sales\\SaleTest->paying_last_installment_cascades_to_order_paid_and_delivered()
#56 /home/mtsdrf/workspace/pegaticket-saas/api/vendor/phpunit/phpunit/src/Framework/TestCase.php(1355): PHPUnit\\Framework\\TestCase->invokeTestMethod()
#57 /home/mtsdrf/workspace/pegaticket-saas/api/vendor/phpunit/phpunit/src/Framework/TestCase.php(521): PHPUnit\\Framework\\TestCase->runTest()
#58 /home/mtsdrf/workspace/pegaticket-saas/api/vendor/phpunit/phpunit/src/Framework/TestRunner/TestRunner.php(99): PHPUnit\\Framework\\TestCase->runBare()
#59 /home/mtsdrf/workspace/pegaticket-saas/api/vendor/phpunit/phpunit/src/Framework/TestCase.php(361): PHPUnit\\Framework\\TestRunner->run()
#60 /home/mtsdrf/workspace/pegaticket-saas/api/vendor/phpunit/phpunit/src/Framework/TestSuite.php(374): PHPUnit\\Framework\\TestCase->run()
#61 /home/mtsdrf/workspace/pegaticket-saas/api/vendor/phpunit/phpunit/src/Framework/TestSuite.php(374): PHPUnit\\Framework\\TestSuite->run()
#62 /home/mtsdrf/workspace/pegaticket-saas/api/vendor/phpunit/phpunit/src/Framework/TestSuite.php(374): PHPUnit\\Framework\\TestSuite->run()
#63 /home/mtsdrf/workspace/pegaticket-saas/api/vendor/phpunit/phpunit/src/TextUI/TestRunner.php(64): PHPUnit\\Framework\\TestSuite->run()
#64 /home/mtsdrf/workspace/pegaticket-saas/api/vendor/phpunit/phpunit/src/TextUI/Application.php(229): PHPUnit\\TextUI\\TestRunner->run()
#65 /home/mtsdrf/workspace/pegaticket-saas/api/vendor/phpunit/phpunit/phpunit(104): PHPUnit\\TextUI\\Application->run()
#66 {main}
"} 
[2026-08-01 16:50:58] testing.ERROR: App\Http\Controllers\Sale\SaleController::payInstallment(): Argument #3 ($installment) must be of type App\Models\Sale\SaleInstallment, string given, called in /home/mtsdrf/workspace/pegaticket-saas/api/vendor/laravel/framework/src/Illuminate/Routing/ControllerDispatcher.php on line 46 {"userId":1,"exception":"[object] (TypeError(code: 0): App\\Http\\Controllers\\Sale\\SaleController::payInstallment(): Argument #3 ($installment) must be of type App\\Models\\Sale\\SaleInstallment, string given, called in /home/mtsdrf/workspace/pegaticket-saas/api/vendor/laravel/framework/src/Illuminate/Routing/ControllerDispatcher.php on line 46 at /home/mtsdrf/workspace/pegaticket-saas/api/app/Http/Controllers/Sale/SaleController.php:310)
[stacktrace]
#0 /home/mtsdrf/workspace/pegaticket-saas/api/vendor/laravel/framework/src/Illuminate/Routing/ControllerDispatcher.php(46): App\\Http\\Controllers\\Sale\\SaleController->payInstallment()
#1 /home/mtsdrf/workspace/pegaticket-saas/api/vendor/laravel/framework/src/Illuminate/Routing/Route.php(275): Illuminate\\Routing\\ControllerDispatcher->dispatch()
#2 /home/mtsdrf/workspace/pegaticket-saas/api/vendor/laravel/framework/src/Illuminate/Routing/Route.php(215): Illuminate\\Routing\\Route->runController()
#3 /home/mtsdrf/workspace/pegaticket-saas/api/vendor/laravel/framework/src/Illuminate/Routing/Router.php(822): Illuminate\\Routing\\Route->run()
#4 /home/mtsdrf/workspace/pegaticket-saas/api/vendor/laravel/framework/src/Illuminate/Pipeline/Pipeline.php(180): Illuminate\\Routing\\Router->{closure:Illuminate\\Routing\\Router::runRouteWithinStack():821}()
#5 /home/mtsdrf/workspace/pegaticket-saas/api/app/Http/Middleware/ThrottleRequests.php(45): Illuminate\\Pipeline\\Pipeline->{closure:Illuminate\\Pipeline\\Pipeline::prepareDestination():178}()
#6 /home/mtsdrf/workspace/pegaticket-saas/api/vendor/laravel/framework/src/Illuminate/Pipeline/Pipeline.php(219): App\\Http\\Middleware\\ThrottleRequests->handle()
#7 /home/mtsdrf/workspace/pegaticket-saas/api/app/Http/Middleware/CheckPermission.php(58): Illuminate\\Pipeline\\Pipeline->{closure:{closure:Illuminate\\Pipeline\\Pipeline::carry():194}:195}()
#8 /home/mtsdrf/workspace/pegaticket-saas/api/vendor/laravel/framework/src/Illuminate/Pipeline/Pipeline.php(219): App\\Http\\Middleware\\CheckPermission->handle()
#9 /home/mtsdrf/workspace/pegaticket-saas/api/app/Http/Middleware/ResolveTenant.php(66): Illuminate\\Pipeline\\Pipeline->{closure:{closure:Illuminate\\Pipeline\\Pipeline::carry():194}:195}()
#10 /home/mtsdrf/workspace/pegaticket-saas/api/vendor/laravel/framework/src/Illuminate/Pipeline/Pipeline.php(219): App\\Http\\Middleware\\ResolveTenant->handle()
#11 /home/mtsdrf/workspace/pegaticket-saas/api/app/Http/Middleware/JwtAccessMiddleware.php(67): Illuminate\\Pipeline\\Pipeline->{closure:{closure:Illuminate\\Pipeline\\Pipeline::carry():194}:195}()
#12 /home/mtsdrf/workspace/pegaticket-saas/api/vendor/laravel/framework/src/Illuminate/Pipeline/Pipeline.php(219): App\\Http\\Middleware\\JwtAccessMiddleware->handle()
#13 /home/mtsdrf/workspace/pegaticket-saas/api/vendor/laravel/framework/src/Illuminate/Routing/Middleware/SubstituteBindings.php(52): Illuminate\\Pipeline\\Pipeline->{closure:{closure:Illuminate\\Pipeline\\Pipeline::carry():194}:195}()
#14 /home/mtsdrf/workspace/pegaticket-saas/api/vendor/laravel/framework/src/Illuminate/Pipeline/Pipeline.php(219): Illuminate\\Routing\\Middleware\\SubstituteBindings->handle()
#15 /home/mtsdrf/workspace/pegaticket-saas/api/vendor/laravel/framework/src/Illuminate/Pipeline/Pipeline.php(137): Illuminate\\Pipeline\\Pipeline->{closure:{closure:Illuminate\\Pipeline\\Pipeline::carry():194}:195}()
#16 /home/mtsdrf/workspace/pegaticket-saas/api/vendor/laravel/framework/src/Illuminate/Routing/Router.php(821): Illuminate\\Pipeline\\Pipeline->then()
#17 /home/mtsdrf/workspace/pegaticket-saas/api/vendor/laravel/framework/src/Illuminate/Routing/Router.php(800): Illuminate\\Routing\\Router->runRouteWithinStack()
#18 /home/mtsdrf/workspace/pegaticket-saas/api/vendor/laravel/framework/src/Illuminate/Routing/Router.php(764): Illuminate\\Routing\\Router->runRoute()
#19 /home/mtsdrf/workspace/pegaticket-saas/api/vendor/laravel/framework/src/Illuminate/Routing/Router.php(753): Illuminate\\Routing\\Router->dispatchToRoute()
#20 /home/mtsdrf/workspace/pegaticket-saas/api/vendor/laravel/framework/src/Illuminate/Foundation/Http/Kernel.php(200): Illuminate\\Routing\\Router->dispatch()
#21 /home/mtsdrf/workspace/pegaticket-saas/api/vendor/laravel/framework/src/Illuminate/Pipeline/Pipeline.php(180): Illuminate\\Foundation\\Http\\Kernel->{closure:Illuminate\\Foundation\\Http\\Kernel::dispatchToRouter():197}()
#22 /home/mtsdrf/workspace/pegaticket-saas/api/app/Http/Middleware/SetLocale.php(17): Illuminate\\Pipeline\\Pipeline->{closure:Illuminate\\Pipeline\\Pipeline::prepareDestination():178}()
#23 /home/mtsdrf/workspace/pegaticket-saas/api/vendor/laravel/framework/src/Illuminate/Pipeline/Pipeline.php(219): App\\Http\\Middleware\\SetLocale->handle()
#24 /home/mtsdrf/workspace/pegaticket-saas/api/app/Http/Middleware/ApplicationRequestLogger.php(15): Illuminate\\Pipeline\\Pipeline->{closure:{closure:Illuminate\\Pipeline\\Pipeline::carry():194}:195}()
#25 /home/mtsdrf/workspace/pegaticket-saas/api/vendor/laravel/framework/src/Illuminate/Pipeline/Pipeline.php(219): App\\Http\\Middleware\\ApplicationRequestLogger->handle()
#26 /home/mtsdrf/workspace/pegaticket-saas/api/app/Http/Middleware/RequestId.php(16): Illuminate\\Pipeline\\Pipeline->{closure:{closure:Illuminate\\Pipeline\\Pipeline::carry():194}:195}()
#27 /home/mtsdrf/workspace/pegaticket-saas/api/vendor/laravel/framework/src/Illuminate/Pipeline/Pipeline.php(219): App\\Http\\Middleware\\RequestId->handle()
#28 /home/mtsdrf/workspace/pegaticket-saas/api/app/Http/Middleware/ApiHardening.php(14): Illuminate\\Pipeline\\Pipeline->{closure:{closure:Illuminate\\Pipeline\\Pipeline::carry():194}:195}()
#29 /home/mtsdrf/workspace/pegaticket-saas/api/vendor/laravel/framework/src/Illuminate/Pipeline/Pipeline.php(219): App\\Http\\Middleware\\ApiHardening->handle()
#30 /home/mtsdrf/workspace/pegaticket-saas/api/vendor/laravel/framework/src/Illuminate/Foundation/Http/Middleware/TransformsRequest.php(21): Illuminate\\Pipeline\\Pipeline->{closure:{closure:Illuminate\\Pipeline\\Pipeline::carry():194}:195}()
#31 /home/mtsdrf/workspace/pegaticket-saas/api/vendor/laravel/framework/src/Illuminate/Foundation/Http/Middleware/ConvertEmptyStringsToNull.php(31): Illuminate\\Foundation\\Http\\Middleware\\TransformsRequest->handle()
#32 /home/mtsdrf/workspace/pegaticket-saas/api/vendor/laravel/framework/src/Illuminate/Pipeline/Pipeline.php(219): Illuminate\\Foundation\\Http\\Middleware\\ConvertEmptyStringsToNull->handle()
#33 /home/mtsdrf/workspace/pegaticket-saas/api/vendor/laravel/framework/src/Illuminate/Foundation/Http/Middleware/TransformsRequest.php(21): Illuminate\\Pipeline\\Pipeline->{closure:{closure:Illuminate\\Pipeline\\Pipeline::carry():194}:195}()
#34 /home/mtsdrf/workspace/pegaticket-saas/api/vendor/laravel/framework/src/Illuminate/Foundation/Http/Middleware/TrimStrings.php(51): Illuminate\\Foundation\\Http\\Middleware\\TransformsRequest->handle()
#35 /home/mtsdrf/workspace/pegaticket-saas/api/vendor/laravel/framework/src/Illuminate/Pipeline/Pipeline.php(219): Illuminate\\Foundation\\Http\\Middleware\\TrimStrings->handle()
#36 /home/mtsdrf/workspace/pegaticket-saas/api/vendor/laravel/framework/src/Illuminate/Http/Middleware/ValidatePostSize.php(27): Illuminate\\Pipeline\\Pipeline->{closure:{closure:Illuminate\\Pipeline\\Pipeline::carry():194}:195}()
#37 /home/mtsdrf/workspace/pegaticket-saas/api/vendor/laravel/framework/src/Illuminate/Pipeline/Pipeline.php(219): Illuminate\\Http\\Middleware\\ValidatePostSize->handle()
#38 /home/mtsdrf/workspace/pegaticket-saas/api/vendor/laravel/framework/src/Illuminate/Foundation/Http/Middleware/PreventRequestsDuringMaintenance.php(109): Illuminate\\Pipeline\\Pipeline->{closure:{closure:Illuminate\\Pipeline\\Pipeline::carry():194}:195}()
#39 /home/mtsdrf/workspace/pegaticket-saas/api/vendor/laravel/framework/src/Illuminate/Pipeline/Pipeline.php(219): Illuminate\\Foundation\\Http\\Middleware\\PreventRequestsDuringMaintenance->handle()
#40 /home/mtsdrf/workspace/pegaticket-saas/api/vendor/laravel/framework/src/Illuminate/Http/Middleware/HandleCors.php(74): Illuminate\\Pipeline\\Pipeline->{closure:{closure:Illuminate\\Pipeline\\Pipeline::carry():194}:195}()
#41 /home/mtsdrf/workspace/pegaticket-saas/api/vendor/laravel/framework/src/Illuminate/Pipeline/Pipeline.php(219): Illuminate\\Http\\Middleware\\HandleCors->handle()
#42 /home/mtsdrf/workspace/pegaticket-saas/api/vendor/laravel/framework/src/Illuminate/Http/Middleware/TrustProxies.php(58): Illuminate\\Pipeline\\Pipeline->{closure:{closure:Illuminate\\Pipeline\\Pipeline::carry():194}:195}()
#43 /home/mtsdrf/workspace/pegaticket-saas/api/vendor/laravel/framework/src/Illuminate/Pipeline/Pipeline.php(219): Illuminate\\Http\\Middleware\\TrustProxies->handle()
#44 /home/mtsdrf/workspace/pegaticket-saas/api/vendor/laravel/framework/src/Illuminate/Foundation/Http/Middleware/InvokeDeferredCallbacks.php(22): Illuminate\\Pipeline\\Pipeline->{closure:{closure:Illuminate\\Pipeline\\Pipeline::carry():194}:195}()
#45 /home/mtsdrf/workspace/pegaticket-saas/api/vendor/laravel/framework/src/Illuminate/Pipeline/Pipeline.php(219): Illuminate\\Foundation\\Http\\Middleware\\InvokeDeferredCallbacks->handle()
#46 /home/mtsdrf/workspace/pegaticket-saas/api/vendor/laravel/framework/src/Illuminate/Http/Middleware/ValidatePathEncoding.php(28): Illuminate\\Pipeline\\Pipeline->{closure:{closure:Illuminate\\Pipeline\\Pipeline::carry():194}:195}()
#47 /home/mtsdrf/workspace/pegaticket-saas/api/vendor/laravel/framework/src/Illuminate/Pipeline/Pipeline.php(219): Illuminate\\Http\\Middleware\\ValidatePathEncoding->handle()
#48 /home/mtsdrf/workspace/pegaticket-saas/api/vendor/laravel/framework/src/Illuminate/Pipeline/Pipeline.php(137): Illuminate\\Pipeline\\Pipeline->{closure:{closure:Illuminate\\Pipeline\\Pipeline::carry():194}:195}()
#49 /home/mtsdrf/workspace/pegaticket-saas/api/vendor/laravel/framework/src/Illuminate/Foundation/Http/Kernel.php(175): Illuminate\\Pipeline\\Pipeline->then()
#50 /home/mtsdrf/workspace/pegaticket-saas/api/vendor/laravel/framework/src/Illuminate/Foundation/Http/Kernel.php(144): Illuminate\\Foundation\\Http\\Kernel->sendRequestThroughRouter()
#51 /home/mtsdrf/workspace/pegaticket-saas/api/vendor/laravel/framework/src/Illuminate/Foundation/Testing/Concerns/MakesHttpRequests.php(607): Illuminate\\Foundation\\Http\\Kernel->handle()
#52 /home/mtsdrf/workspace/pegaticket-saas/api/vendor/laravel/framework/src/Illuminate/Foundation/Testing/Concerns/MakesHttpRequests.php(573): Illuminate\\Foundation\\Testing\\TestCase->call()
#53 /home/mtsdrf/workspace/pegaticket-saas/api/vendor/laravel/framework/src/Illuminate/Foundation/Testing/Concerns/MakesHttpRequests.php(471): Illuminate\\Foundation\\Testing\\TestCase->json()
#54 /home/mtsdrf/workspace/pegaticket-saas/api/tests/Feature/Sales/SaleTest.php(418): Illuminate\\Foundation\\Testing\\TestCase->patchJson()
#55 /home/mtsdrf/workspace/pegaticket-saas/api/vendor/phpunit/phpunit/src/Framework/TestCase.php(1318): Tests\\Feature\\Sales\\SaleTest->paying_last_installment_with_explicit_paid_at_reflects_on_order_paid_at()
#56 /home/mtsdrf/workspace/pegaticket-saas/api/vendor/phpunit/phpunit/src/Framework/TestCase.php(1355): PHPUnit\\Framework\\TestCase->invokeTestMethod()
#57 /home/mtsdrf/workspace/pegaticket-saas/api/vendor/phpunit/phpunit/src/Framework/TestCase.php(521): PHPUnit\\Framework\\TestCase->runTest()
#58 /home/mtsdrf/workspace/pegaticket-saas/api/vendor/phpunit/phpunit/src/Framework/TestRunner/TestRunner.php(99): PHPUnit\\Framework\\TestCase->runBare()
#59 /home/mtsdrf/workspace/pegaticket-saas/api/vendor/phpunit/phpunit/src/Framework/TestCase.php(361): PHPUnit\\Framework\\TestRunner->run()
#60 /home/mtsdrf/workspace/pegaticket-saas/api/vendor/phpunit/phpunit/src/Framework/TestSuite.php(374): PHPUnit\\Framework\\TestCase->run()
#61 /home/mtsdrf/workspace/pegaticket-saas/api/vendor/phpunit/phpunit/src/Framework/TestSuite.php(374): PHPUnit\\Framework\\TestSuite->run()
#62 /home/mtsdrf/workspace/pegaticket-saas/api/vendor/phpunit/phpunit/src/Framework/TestSuite.php(374): PHPUnit\\Framework\\TestSuite->run()
#63 /home/mtsdrf/workspace/pegaticket-saas/api/vendor/phpunit/phpunit/src/TextUI/TestRunner.php(64): PHPUnit\\Framework\\TestSuite->run()
#64 /home/mtsdrf/workspace/pegaticket-saas/api/vendor/phpunit/phpunit/src/TextUI/Application.php(229): PHPUnit\\TextUI\\TestRunner->run()
#65 /home/mtsdrf/workspace/pegaticket-saas/api/vendor/phpunit/phpunit/phpunit(104): PHPUnit\\TextUI\\Application->run()
#66 {main}
"} 
[2026-08-01 16:50:58] testing.ERROR: App\Http\Controllers\Sale\SaleController::payInstallment(): Argument #3 ($installment) must be of type App\Models\Sale\SaleInstallment, string given, called in /home/mtsdrf/workspace/pegaticket-saas/api/vendor/laravel/framework/src/Illuminate/Routing/ControllerDispatcher.php on line 46 {"userId":1,"exception":"[object] (TypeError(code: 0): App\\Http\\Controllers\\Sale\\SaleController::payInstallment(): Argument #3 ($installment) must be of type App\\Models\\Sale\\SaleInstallment, string given, called in /home/mtsdrf/workspace/pegaticket-saas/api/vendor/laravel/framework/src/Illuminate/Routing/ControllerDispatcher.php on line 46 at /home/mtsdrf/workspace/pegaticket-saas/api/app/Http/Controllers/Sale/SaleController.php:310)
[stacktrace]
#0 /home/mtsdrf/workspace/pegaticket-saas/api/vendor/laravel/framework/src/Illuminate/Routing/ControllerDispatcher.php(46): App\\Http\\Controllers\\Sale\\SaleController->payInstallment()
#1 /home/mtsdrf/workspace/pegaticket-saas/api/vendor/laravel/framework/src/Illuminate/Routing/Route.php(275): Illuminate\\Routing\\ControllerDispatcher->dispatch()
#2 /home/mtsdrf/workspace/pegaticket-saas/api/vendor/laravel/framework/src/Illuminate/Routing/Route.php(215): Illuminate\\Routing\\Route->runController()
#3 /home/mtsdrf/workspace/pegaticket-saas/api/vendor/laravel/framework/src/Illuminate/Routing/Router.php(822): Illuminate\\Routing\\Route->run()
#4 /home/mtsdrf/workspace/pegaticket-saas/api/vendor/laravel/framework/src/Illuminate/Pipeline/Pipeline.php(180): Illuminate\\Routing\\Router->{closure:Illuminate\\Routing\\Router::runRouteWithinStack():821}()
#5 /home/mtsdrf/workspace/pegaticket-saas/api/app/Http/Middleware/ThrottleRequests.php(45): Illuminate\\Pipeline\\Pipeline->{closure:Illuminate\\Pipeline\\Pipeline::prepareDestination():178}()
#6 /home/mtsdrf/workspace/pegaticket-saas/api/vendor/laravel/framework/src/Illuminate/Pipeline/Pipeline.php(219): App\\Http\\Middleware\\ThrottleRequests->handle()
#7 /home/mtsdrf/workspace/pegaticket-saas/api/app/Http/Middleware/CheckPermission.php(58): Illuminate\\Pipeline\\Pipeline->{closure:{closure:Illuminate\\Pipeline\\Pipeline::carry():194}:195}()
#8 /home/mtsdrf/workspace/pegaticket-saas/api/vendor/laravel/framework/src/Illuminate/Pipeline/Pipeline.php(219): App\\Http\\Middleware\\CheckPermission->handle()
#9 /home/mtsdrf/workspace/pegaticket-saas/api/app/Http/Middleware/ResolveTenant.php(66): Illuminate\\Pipeline\\Pipeline->{closure:{closure:Illuminate\\Pipeline\\Pipeline::carry():194}:195}()
#10 /home/mtsdrf/workspace/pegaticket-saas/api/vendor/laravel/framework/src/Illuminate/Pipeline/Pipeline.php(219): App\\Http\\Middleware\\ResolveTenant->handle()
#11 /home/mtsdrf/workspace/pegaticket-saas/api/app/Http/Middleware/JwtAccessMiddleware.php(67): Illuminate\\Pipeline\\Pipeline->{closure:{closure:Illuminate\\Pipeline\\Pipeline::carry():194}:195}()
#12 /home/mtsdrf/workspace/pegaticket-saas/api/vendor/laravel/framework/src/Illuminate/Pipeline/Pipeline.php(219): App\\Http\\Middleware\\JwtAccessMiddleware->handle()
#13 /home/mtsdrf/workspace/pegaticket-saas/api/vendor/laravel/framework/src/Illuminate/Routing/Middleware/SubstituteBindings.php(52): Illuminate\\Pipeline\\Pipeline->{closure:{closure:Illuminate\\Pipeline\\Pipeline::carry():194}:195}()
#14 /home/mtsdrf/workspace/pegaticket-saas/api/vendor/laravel/framework/src/Illuminate/Pipeline/Pipeline.php(219): Illuminate\\Routing\\Middleware\\SubstituteBindings->handle()
#15 /home/mtsdrf/workspace/pegaticket-saas/api/vendor/laravel/framework/src/Illuminate/Pipeline/Pipeline.php(137): Illuminate\\Pipeline\\Pipeline->{closure:{closure:Illuminate\\Pipeline\\Pipeline::carry():194}:195}()
#16 /home/mtsdrf/workspace/pegaticket-saas/api/vendor/laravel/framework/src/Illuminate/Routing/Router.php(821): Illuminate\\Pipeline\\Pipeline->then()
#17 /home/mtsdrf/workspace/pegaticket-saas/api/vendor/laravel/framework/src/Illuminate/Routing/Router.php(800): Illuminate\\Routing\\Router->runRouteWithinStack()
#18 /home/mtsdrf/workspace/pegaticket-saas/api/vendor/laravel/framework/src/Illuminate/Routing/Router.php(764): Illuminate\\Routing\\Router->runRoute()
#19 /home/mtsdrf/workspace/pegaticket-saas/api/vendor/laravel/framework/src/Illuminate/Routing/Router.php(753): Illuminate\\Routing\\Router->dispatchToRoute()
#20 /home/mtsdrf/workspace/pegaticket-saas/api/vendor/laravel/framework/src/Illuminate/Foundation/Http/Kernel.php(200): Illuminate\\Routing\\Router->dispatch()
#21 /home/mtsdrf/workspace/pegaticket-saas/api/vendor/laravel/framework/src/Illuminate/Pipeline/Pipeline.php(180): Illuminate\\Foundation\\Http\\Kernel->{closure:Illuminate\\Foundation\\Http\\Kernel::dispatchToRouter():197}()
#22 /home/mtsdrf/workspace/pegaticket-saas/api/app/Http/Middleware/SetLocale.php(17): Illuminate\\Pipeline\\Pipeline->{closure:Illuminate\\Pipeline\\Pipeline::prepareDestination():178}()
#23 /home/mtsdrf/workspace/pegaticket-saas/api/vendor/laravel/framework/src/Illuminate/Pipeline/Pipeline.php(219): App\\Http\\Middleware\\SetLocale->handle()
#24 /home/mtsdrf/workspace/pegaticket-saas/api/app/Http/Middleware/ApplicationRequestLogger.php(15): Illuminate\\Pipeline\\Pipeline->{closure:{closure:Illuminate\\Pipeline\\Pipeline::carry():194}:195}()
#25 /home/mtsdrf/workspace/pegaticket-saas/api/vendor/laravel/framework/src/Illuminate/Pipeline/Pipeline.php(219): App\\Http\\Middleware\\ApplicationRequestLogger->handle()
#26 /home/mtsdrf/workspace/pegaticket-saas/api/app/Http/Middleware/RequestId.php(16): Illuminate\\Pipeline\\Pipeline->{closure:{closure:Illuminate\\Pipeline\\Pipeline::carry():194}:195}()
#27 /home/mtsdrf/workspace/pegaticket-saas/api/vendor/laravel/framework/src/Illuminate/Pipeline/Pipeline.php(219): App\\Http\\Middleware\\RequestId->handle()
#28 /home/mtsdrf/workspace/pegaticket-saas/api/app/Http/Middleware/ApiHardening.php(14): Illuminate\\Pipeline\\Pipeline->{closure:{closure:Illuminate\\Pipeline\\Pipeline::carry():194}:195}()
#29 /home/mtsdrf/workspace/pegaticket-saas/api/vendor/laravel/framework/src/Illuminate/Pipeline/Pipeline.php(219): App\\Http\\Middleware\\ApiHardening->handle()
#30 /home/mtsdrf/workspace/pegaticket-saas/api/vendor/laravel/framework/src/Illuminate/Foundation/Http/Middleware/TransformsRequest.php(21): Illuminate\\Pipeline\\Pipeline->{closure:{closure:Illuminate\\Pipeline\\Pipeline::carry():194}:195}()
#31 /home/mtsdrf/workspace/pegaticket-saas/api/vendor/laravel/framework/src/Illuminate/Foundation/Http/Middleware/ConvertEmptyStringsToNull.php(31): Illuminate\\Foundation\\Http\\Middleware\\TransformsRequest->handle()
#32 /home/mtsdrf/workspace/pegaticket-saas/api/vendor/laravel/framework/src/Illuminate/Pipeline/Pipeline.php(219): Illuminate\\Foundation\\Http\\Middleware\\ConvertEmptyStringsToNull->handle()
#33 /home/mtsdrf/workspace/pegaticket-saas/api/vendor/laravel/framework/src/Illuminate/Foundation/Http/Middleware/TransformsRequest.php(21): Illuminate\\Pipeline\\Pipeline->{closure:{closure:Illuminate\\Pipeline\\Pipeline::carry():194}:195}()
#34 /home/mtsdrf/workspace/pegaticket-saas/api/vendor/laravel/framework/src/Illuminate/Foundation/Http/Middleware/TrimStrings.php(51): Illuminate\\Foundation\\Http\\Middleware\\TransformsRequest->handle()
#35 /home/mtsdrf/workspace/pegaticket-saas/api/vendor/laravel/framework/src/Illuminate/Pipeline/Pipeline.php(219): Illuminate\\Foundation\\Http\\Middleware\\TrimStrings->handle()
#36 /home/mtsdrf/workspace/pegaticket-saas/api/vendor/laravel/framework/src/Illuminate/Http/Middleware/ValidatePostSize.php(27): Illuminate\\Pipeline\\Pipeline->{closure:{closure:Illuminate\\Pipeline\\Pipeline::carry():194}:195}()
#37 /home/mtsdrf/workspace/pegaticket-saas/api/vendor/laravel/framework/src/Illuminate/Pipeline/Pipeline.php(219): Illuminate\\Http\\Middleware\\ValidatePostSize->handle()
#38 /home/mtsdrf/workspace/pegaticket-saas/api/vendor/laravel/framework/src/Illuminate/Foundation/Http/Middleware/PreventRequestsDuringMaintenance.php(109): Illuminate\\Pipeline\\Pipeline->{closure:{closure:Illuminate\\Pipeline\\Pipeline::carry():194}:195}()
#39 /home/mtsdrf/workspace/pegaticket-saas/api/vendor/laravel/framework/src/Illuminate/Pipeline/Pipeline.php(219): Illuminate\\Foundation\\Http\\Middleware\\PreventRequestsDuringMaintenance->handle()
#40 /home/mtsdrf/workspace/pegaticket-saas/api/vendor/laravel/framework/src/Illuminate/Http/Middleware/HandleCors.php(74): Illuminate\\Pipeline\\Pipeline->{closure:{closure:Illuminate\\Pipeline\\Pipeline::carry():194}:195}()
#41 /home/mtsdrf/workspace/pegaticket-saas/api/vendor/laravel/framework/src/Illuminate/Pipeline/Pipeline.php(219): Illuminate\\Http\\Middleware\\HandleCors->handle()
#42 /home/mtsdrf/workspace/pegaticket-saas/api/vendor/laravel/framework/src/Illuminate/Http/Middleware/TrustProxies.php(58): Illuminate\\Pipeline\\Pipeline->{closure:{closure:Illuminate\\Pipeline\\Pipeline::carry():194}:195}()
#43 /home/mtsdrf/workspace/pegaticket-saas/api/vendor/laravel/framework/src/Illuminate/Pipeline/Pipeline.php(219): Illuminate\\Http\\Middleware\\TrustProxies->handle()
#44 /home/mtsdrf/workspace/pegaticket-saas/api/vendor/laravel/framework/src/Illuminate/Foundation/Http/Middleware/InvokeDeferredCallbacks.php(22): Illuminate\\Pipeline\\Pipeline->{closure:{closure:Illuminate\\Pipeline\\Pipeline::carry():194}:195}()
#45 /home/mtsdrf/workspace/pegaticket-saas/api/vendor/laravel/framework/src/Illuminate/Pipeline/Pipeline.php(219): Illuminate\\Foundation\\Http\\Middleware\\InvokeDeferredCallbacks->handle()
#46 /home/mtsdrf/workspace/pegaticket-saas/api/vendor/laravel/framework/src/Illuminate/Http/Middleware/ValidatePathEncoding.php(28): Illuminate\\Pipeline\\Pipeline->{closure:{closure:Illuminate\\Pipeline\\Pipeline::carry():194}:195}()
#47 /home/mtsdrf/workspace/pegaticket-saas/api/vendor/laravel/framework/src/Illuminate/Pipeline/Pipeline.php(219): Illuminate\\Http\\Middleware\\ValidatePathEncoding->handle()
#48 /home/mtsdrf/workspace/pegaticket-saas/api/vendor/laravel/framework/src/Illuminate/Pipeline/Pipeline.php(137): Illuminate\\Pipeline\\Pipeline->{closure:{closure:Illuminate\\Pipeline\\Pipeline::carry():194}:195}()
#49 /home/mtsdrf/workspace/pegaticket-saas/api/vendor/laravel/framework/src/Illuminate/Foundation/Http/Kernel.php(175): Illuminate\\Pipeline\\Pipeline->then()
#50 /home/mtsdrf/workspace/pegaticket-saas/api/vendor/laravel/framework/src/Illuminate/Foundation/Http/Kernel.php(144): Illuminate\\Foundation\\Http\\Kernel->sendRequestThroughRouter()
#51 /home/mtsdrf/workspace/pegaticket-saas/api/vendor/laravel/framework/src/Illuminate/Foundation/Testing/Concerns/MakesHttpRequests.php(607): Illuminate\\Foundation\\Http\\Kernel->handle()
#52 /home/mtsdrf/workspace/pegaticket-saas/api/vendor/laravel/framework/src/Illuminate/Foundation/Testing/Concerns/MakesHttpRequests.php(573): Illuminate\\Foundation\\Testing\\TestCase->call()
#53 /home/mtsdrf/workspace/pegaticket-saas/api/vendor/laravel/framework/src/Illuminate/Foundation/Testing/Concerns/MakesHttpRequests.php(471): Illuminate\\Foundation\\Testing\\TestCase->json()
#54 /home/mtsdrf/workspace/pegaticket-saas/api/tests/Feature/Sales/SaleTest.php(457): Illuminate\\Foundation\\Testing\\TestCase->patchJson()
#55 /home/mtsdrf/workspace/pegaticket-saas/api/vendor/phpunit/phpunit/src/Framework/TestCase.php(1318): Tests\\Feature\\Sales\\SaleTest->cancel_is_blocked_when_an_installment_is_already_paid()
#56 /home/mtsdrf/workspace/pegaticket-saas/api/vendor/phpunit/phpunit/src/Framework/TestCase.php(1355): PHPUnit\\Framework\\TestCase->invokeTestMethod()
#57 /home/mtsdrf/workspace/pegaticket-saas/api/vendor/phpunit/phpunit/src/Framework/TestCase.php(521): PHPUnit\\Framework\\TestCase->runTest()
#58 /home/mtsdrf/workspace/pegaticket-saas/api/vendor/phpunit/phpunit/src/Framework/TestRunner/TestRunner.php(99): PHPUnit\\Framework\\TestCase->runBare()
#59 /home/mtsdrf/workspace/pegaticket-saas/api/vendor/phpunit/phpunit/src/Framework/TestCase.php(361): PHPUnit\\Framework\\TestRunner->run()
#60 /home/mtsdrf/workspace/pegaticket-saas/api/vendor/phpunit/phpunit/src/Framework/TestSuite.php(374): PHPUnit\\Framework\\TestCase->run()
#61 /home/mtsdrf/workspace/pegaticket-saas/api/vendor/phpunit/phpunit/src/Framework/TestSuite.php(374): PHPUnit\\Framework\\TestSuite->run()
#62 /home/mtsdrf/workspace/pegaticket-saas/api/vendor/phpunit/phpunit/src/Framework/TestSuite.php(374): PHPUnit\\Framework\\TestSuite->run()
#63 /home/mtsdrf/workspace/pegaticket-saas/api/vendor/phpunit/phpunit/src/TextUI/TestRunner.php(64): PHPUnit\\Framework\\TestSuite->run()
#64 /home/mtsdrf/workspace/pegaticket-saas/api/vendor/phpunit/phpunit/src/TextUI/Application.php(229): PHPUnit\\TextUI\\TestRunner->run()
#65 /home/mtsdrf/workspace/pegaticket-saas/api/vendor/phpunit/phpunit/phpunit(104): PHPUnit\\TextUI\\Application->run()
#66 {main}
"} 
[2026-08-01 16:50:59] testing.ERROR: App\Http\Controllers\Sale\SaleController::payInstallment(): Argument #3 ($installment) must be of type App\Models\Sale\SaleInstallment, string given, called in /home/mtsdrf/workspace/pegaticket-saas/api/vendor/laravel/framework/src/Illuminate/Routing/ControllerDispatcher.php on line 46 {"userId":1,"exception":"[object] (TypeError(code: 0): App\\Http\\Controllers\\Sale\\SaleController::payInstallment(): Argument #3 ($installment) must be of type App\\Models\\Sale\\SaleInstallment, string given, called in /home/mtsdrf/workspace/pegaticket-saas/api/vendor/laravel/framework/src/Illuminate/Routing/ControllerDispatcher.php on line 46 at /home/mtsdrf/workspace/pegaticket-saas/api/app/Http/Controllers/Sale/SaleController.php:310)
[stacktrace]
#0 /home/mtsdrf/workspace/pegaticket-saas/api/vendor/laravel/framework/src/Illuminate/Routing/ControllerDispatcher.php(46): App\\Http\\Controllers\\Sale\\SaleController->payInstallment()
#1 /home/mtsdrf/workspace/pegaticket-saas/api/vendor/laravel/framework/src/Illuminate/Routing/Route.php(275): Illuminate\\Routing\\ControllerDispatcher->dispatch()
#2 /home/mtsdrf/workspace/pegaticket-saas/api/vendor/laravel/framework/src/Illuminate/Routing/Route.php(215): Illuminate\\Routing\\Route->runController()
#3 /home/mtsdrf/workspace/pegaticket-saas/api/vendor/laravel/framework/src/Illuminate/Routing/Router.php(822): Illuminate\\Routing\\Route->run()
#4 /home/mtsdrf/workspace/pegaticket-saas/api/vendor/laravel/framework/src/Illuminate/Pipeline/Pipeline.php(180): Illuminate\\Routing\\Router->{closure:Illuminate\\Routing\\Router::runRouteWithinStack():821}()
#5 /home/mtsdrf/workspace/pegaticket-saas/api/app/Http/Middleware/ThrottleRequests.php(45): Illuminate\\Pipeline\\Pipeline->{closure:Illuminate\\Pipeline\\Pipeline::prepareDestination():178}()
#6 /home/mtsdrf/workspace/pegaticket-saas/api/vendor/laravel/framework/src/Illuminate/Pipeline/Pipeline.php(219): App\\Http\\Middleware\\ThrottleRequests->handle()
#7 /home/mtsdrf/workspace/pegaticket-saas/api/app/Http/Middleware/CheckPermission.php(58): Illuminate\\Pipeline\\Pipeline->{closure:{closure:Illuminate\\Pipeline\\Pipeline::carry():194}:195}()
#8 /home/mtsdrf/workspace/pegaticket-saas/api/vendor/laravel/framework/src/Illuminate/Pipeline/Pipeline.php(219): App\\Http\\Middleware\\CheckPermission->handle()
#9 /home/mtsdrf/workspace/pegaticket-saas/api/app/Http/Middleware/ResolveTenant.php(66): Illuminate\\Pipeline\\Pipeline->{closure:{closure:Illuminate\\Pipeline\\Pipeline::carry():194}:195}()
#10 /home/mtsdrf/workspace/pegaticket-saas/api/vendor/laravel/framework/src/Illuminate/Pipeline/Pipeline.php(219): App\\Http\\Middleware\\ResolveTenant->handle()
#11 /home/mtsdrf/workspace/pegaticket-saas/api/app/Http/Middleware/JwtAccessMiddleware.php(67): Illuminate\\Pipeline\\Pipeline->{closure:{closure:Illuminate\\Pipeline\\Pipeline::carry():194}:195}()
#12 /home/mtsdrf/workspace/pegaticket-saas/api/vendor/laravel/framework/src/Illuminate/Pipeline/Pipeline.php(219): App\\Http\\Middleware\\JwtAccessMiddleware->handle()
#13 /home/mtsdrf/workspace/pegaticket-saas/api/vendor/laravel/framework/src/Illuminate/Routing/Middleware/SubstituteBindings.php(52): Illuminate\\Pipeline\\Pipeline->{closure:{closure:Illuminate\\Pipeline\\Pipeline::carry():194}:195}()
#14 /home/mtsdrf/workspace/pegaticket-saas/api/vendor/laravel/framework/src/Illuminate/Pipeline/Pipeline.php(219): Illuminate\\Routing\\Middleware\\SubstituteBindings->handle()
#15 /home/mtsdrf/workspace/pegaticket-saas/api/vendor/laravel/framework/src/Illuminate/Pipeline/Pipeline.php(137): Illuminate\\Pipeline\\Pipeline->{closure:{closure:Illuminate\\Pipeline\\Pipeline::carry():194}:195}()
#16 /home/mtsdrf/workspace/pegaticket-saas/api/vendor/laravel/framework/src/Illuminate/Routing/Router.php(821): Illuminate\\Pipeline\\Pipeline->then()
#17 /home/mtsdrf/workspace/pegaticket-saas/api/vendor/laravel/framework/src/Illuminate/Routing/Router.php(800): Illuminate\\Routing\\Router->runRouteWithinStack()
#18 /home/mtsdrf/workspace/pegaticket-saas/api/vendor/laravel/framework/src/Illuminate/Routing/Router.php(764): Illuminate\\Routing\\Router->runRoute()
#19 /home/mtsdrf/workspace/pegaticket-saas/api/vendor/laravel/framework/src/Illuminate/Routing/Router.php(753): Illuminate\\Routing\\Router->dispatchToRoute()
#20 /home/mtsdrf/workspace/pegaticket-saas/api/vendor/laravel/framework/src/Illuminate/Foundation/Http/Kernel.php(200): Illuminate\\Routing\\Router->dispatch()
#21 /home/mtsdrf/workspace/pegaticket-saas/api/vendor/laravel/framework/src/Illuminate/Pipeline/Pipeline.php(180): Illuminate\\Foundation\\Http\\Kernel->{closure:Illuminate\\Foundation\\Http\\Kernel::dispatchToRouter():197}()
#22 /home/mtsdrf/workspace/pegaticket-saas/api/app/Http/Middleware/SetLocale.php(17): Illuminate\\Pipeline\\Pipeline->{closure:Illuminate\\Pipeline\\Pipeline::prepareDestination():178}()
#23 /home/mtsdrf/workspace/pegaticket-saas/api/vendor/laravel/framework/src/Illuminate/Pipeline/Pipeline.php(219): App\\Http\\Middleware\\SetLocale->handle()
#24 /home/mtsdrf/workspace/pegaticket-saas/api/app/Http/Middleware/ApplicationRequestLogger.php(15): Illuminate\\Pipeline\\Pipeline->{closure:{closure:Illuminate\\Pipeline\\Pipeline::carry():194}:195}()
#25 /home/mtsdrf/workspace/pegaticket-saas/api/vendor/laravel/framework/src/Illuminate/Pipeline/Pipeline.php(219): App\\Http\\Middleware\\ApplicationRequestLogger->handle()
#26 /home/mtsdrf/workspace/pegaticket-saas/api/app/Http/Middleware/RequestId.php(16): Illuminate\\Pipeline\\Pipeline->{closure:{closure:Illuminate\\Pipeline\\Pipeline::carry():194}:195}()
#27 /home/mtsdrf/workspace/pegaticket-saas/api/vendor/laravel/framework/src/Illuminate/Pipeline/Pipeline.php(219): App\\Http\\Middleware\\RequestId->handle()
#28 /home/mtsdrf/workspace/pegaticket-saas/api/app/Http/Middleware/ApiHardening.php(14): Illuminate\\Pipeline\\Pipeline->{closure:{closure:Illuminate\\Pipeline\\Pipeline::carry():194}:195}()
#29 /home/mtsdrf/workspace/pegaticket-saas/api/vendor/laravel/framework/src/Illuminate/Pipeline/Pipeline.php(219): App\\Http\\Middleware\\ApiHardening->handle()
#30 /home/mtsdrf/workspace/pegaticket-saas/api/vendor/laravel/framework/src/Illuminate/Foundation/Http/Middleware/TransformsRequest.php(21): Illuminate\\Pipeline\\Pipeline->{closure:{closure:Illuminate\\Pipeline\\Pipeline::carry():194}:195}()
#31 /home/mtsdrf/workspace/pegaticket-saas/api/vendor/laravel/framework/src/Illuminate/Foundation/Http/Middleware/ConvertEmptyStringsToNull.php(31): Illuminate\\Foundation\\Http\\Middleware\\TransformsRequest->handle()
#32 /home/mtsdrf/workspace/pegaticket-saas/api/vendor/laravel/framework/src/Illuminate/Pipeline/Pipeline.php(219): Illuminate\\Foundation\\Http\\Middleware\\ConvertEmptyStringsToNull->handle()
#33 /home/mtsdrf/workspace/pegaticket-saas/api/vendor/laravel/framework/src/Illuminate/Foundation/Http/Middleware/TransformsRequest.php(21): Illuminate\\Pipeline\\Pipeline->{closure:{closure:Illuminate\\Pipeline\\Pipeline::carry():194}:195}()
#34 /home/mtsdrf/workspace/pegaticket-saas/api/vendor/laravel/framework/src/Illuminate/Foundation/Http/Middleware/TrimStrings.php(51): Illuminate\\Foundation\\Http\\Middleware\\TransformsRequest->handle()
#35 /home/mtsdrf/workspace/pegaticket-saas/api/vendor/laravel/framework/src/Illuminate/Pipeline/Pipeline.php(219): Illuminate\\Foundation\\Http\\Middleware\\TrimStrings->handle()
#36 /home/mtsdrf/workspace/pegaticket-saas/api/vendor/laravel/framework/src/Illuminate/Http/Middleware/ValidatePostSize.php(27): Illuminate\\Pipeline\\Pipeline->{closure:{closure:Illuminate\\Pipeline\\Pipeline::carry():194}:195}()
#37 /home/mtsdrf/workspace/pegaticket-saas/api/vendor/laravel/framework/src/Illuminate/Pipeline/Pipeline.php(219): Illuminate\\Http\\Middleware\\ValidatePostSize->handle()
#38 /home/mtsdrf/workspace/pegaticket-saas/api/vendor/laravel/framework/src/Illuminate/Foundation/Http/Middleware/PreventRequestsDuringMaintenance.php(109): Illuminate\\Pipeline\\Pipeline->{closure:{closure:Illuminate\\Pipeline\\Pipeline::carry():194}:195}()
#39 /home/mtsdrf/workspace/pegaticket-saas/api/vendor/laravel/framework/src/Illuminate/Pipeline/Pipeline.php(219): Illuminate\\Foundation\\Http\\Middleware\\PreventRequestsDuringMaintenance->handle()
#40 /home/mtsdrf/workspace/pegaticket-saas/api/vendor/laravel/framework/src/Illuminate/Http/Middleware/HandleCors.php(74): Illuminate\\Pipeline\\Pipeline->{closure:{closure:Illuminate\\Pipeline\\Pipeline::carry():194}:195}()
#41 /home/mtsdrf/workspace/pegaticket-saas/api/vendor/laravel/framework/src/Illuminate/Pipeline/Pipeline.php(219): Illuminate\\Http\\Middleware\\HandleCors->handle()
#42 /home/mtsdrf/workspace/pegaticket-saas/api/vendor/laravel/framework/src/Illuminate/Http/Middleware/TrustProxies.php(58): Illuminate\\Pipeline\\Pipeline->{closure:{closure:Illuminate\\Pipeline\\Pipeline::carry():194}:195}()
#43 /home/mtsdrf/workspace/pegaticket-saas/api/vendor/laravel/framework/src/Illuminate/Pipeline/Pipeline.php(219): Illuminate\\Http\\Middleware\\TrustProxies->handle()
#44 /home/mtsdrf/workspace/pegaticket-saas/api/vendor/laravel/framework/src/Illuminate/Foundation/Http/Middleware/InvokeDeferredCallbacks.php(22): Illuminate\\Pipeline\\Pipeline->{closure:{closure:Illuminate\\Pipeline\\Pipeline::carry():194}:195}()
#45 /home/mtsdrf/workspace/pegaticket-saas/api/vendor/laravel/framework/src/Illuminate/Pipeline/Pipeline.php(219): Illuminate\\Foundation\\Http\\Middleware\\InvokeDeferredCallbacks->handle()
#46 /home/mtsdrf/workspace/pegaticket-saas/api/vendor/laravel/framework/src/Illuminate/Http/Middleware/ValidatePathEncoding.php(28): Illuminate\\Pipeline\\Pipeline->{closure:{closure:Illuminate\\Pipeline\\Pipeline::carry():194}:195}()
#47 /home/mtsdrf/workspace/pegaticket-saas/api/vendor/laravel/framework/src/Illuminate/Pipeline/Pipeline.php(219): Illuminate\\Http\\Middleware\\ValidatePathEncoding->handle()
#48 /home/mtsdrf/workspace/pegaticket-saas/api/vendor/laravel/framework/src/Illuminate/Pipeline/Pipeline.php(137): Illuminate\\Pipeline\\Pipeline->{closure:{closure:Illuminate\\Pipeline\\Pipeline::carry():194}:195}()
#49 /home/mtsdrf/workspace/pegaticket-saas/api/vendor/laravel/framework/src/Illuminate/Foundation/Http/Kernel.php(175): Illuminate\\Pipeline\\Pipeline->then()
#50 /home/mtsdrf/workspace/pegaticket-saas/api/vendor/laravel/framework/src/Illuminate/Foundation/Http/Kernel.php(144): Illuminate\\Foundation\\Http\\Kernel->sendRequestThroughRouter()
#51 /home/mtsdrf/workspace/pegaticket-saas/api/vendor/laravel/framework/src/Illuminate/Foundation/Testing/Concerns/MakesHttpRequests.php(607): Illuminate\\Foundation\\Http\\Kernel->handle()
#52 /home/mtsdrf/workspace/pegaticket-saas/api/vendor/laravel/framework/src/Illuminate/Foundation/Testing/Concerns/MakesHttpRequests.php(573): Illuminate\\Foundation\\Testing\\TestCase->call()
#53 /home/mtsdrf/workspace/pegaticket-saas/api/vendor/laravel/framework/src/Illuminate/Foundation/Testing/Concerns/MakesHttpRequests.php(471): Illuminate\\Foundation\\Testing\\TestCase->json()
#54 /home/mtsdrf/workspace/pegaticket-saas/api/tests/Feature/Sales/SaleTest.php(789): Illuminate\\Foundation\\Testing\\TestCase->patchJson()
#55 /home/mtsdrf/workspace/pegaticket-saas/api/vendor/phpunit/phpunit/src/Framework/TestCase.php(1318): Tests\\Feature\\Sales\\SaleTest->unpay_installment_reverts_order_cascade_without_touching_delivery()
#56 /home/mtsdrf/workspace/pegaticket-saas/api/vendor/phpunit/phpunit/src/Framework/TestCase.php(1355): PHPUnit\\Framework\\TestCase->invokeTestMethod()
#57 /home/mtsdrf/workspace/pegaticket-saas/api/vendor/phpunit/phpunit/src/Framework/TestCase.php(521): PHPUnit\\Framework\\TestCase->runTest()
#58 /home/mtsdrf/workspace/pegaticket-saas/api/vendor/phpunit/phpunit/src/Framework/TestRunner/TestRunner.php(99): PHPUnit\\Framework\\TestCase->runBare()
#59 /home/mtsdrf/workspace/pegaticket-saas/api/vendor/phpunit/phpunit/src/Framework/TestCase.php(361): PHPUnit\\Framework\\TestRunner->run()
#60 /home/mtsdrf/workspace/pegaticket-saas/api/vendor/phpunit/phpunit/src/Framework/TestSuite.php(374): PHPUnit\\Framework\\TestCase->run()
#61 /home/mtsdrf/workspace/pegaticket-saas/api/vendor/phpunit/phpunit/src/Framework/TestSuite.php(374): PHPUnit\\Framework\\TestSuite->run()
#62 /home/mtsdrf/workspace/pegaticket-saas/api/vendor/phpunit/phpunit/src/Framework/TestSuite.php(374): PHPUnit\\Framework\\TestSuite->run()
#63 /home/mtsdrf/workspace/pegaticket-saas/api/vendor/phpunit/phpunit/src/TextUI/TestRunner.php(64): PHPUnit\\Framework\\TestSuite->run()
#64 /home/mtsdrf/workspace/pegaticket-saas/api/vendor/phpunit/phpunit/src/TextUI/Application.php(229): PHPUnit\\TextUI\\TestRunner->run()
#65 /home/mtsdrf/workspace/pegaticket-saas/api/vendor/phpunit/phpunit/phpunit(104): PHPUnit\\TextUI\\Application->run()
#66 {main}
"} 
[2026-08-01 16:50:59] testing.ERROR: App\Http\Controllers\Sale\SaleController::unpayInstallment(): Argument #2 ($installment) must be of type App\Models\Sale\SaleInstallment, string given, called in /home/mtsdrf/workspace/pegaticket-saas/api/vendor/laravel/framework/src/Illuminate/Routing/ControllerDispatcher.php on line 46 {"userId":1,"exception":"[object] (TypeError(code: 0): App\\Http\\Controllers\\Sale\\SaleController::unpayInstallment(): Argument #2 ($installment) must be of type App\\Models\\Sale\\SaleInstallment, string given, called in /home/mtsdrf/workspace/pegaticket-saas/api/vendor/laravel/framework/src/Illuminate/Routing/ControllerDispatcher.php on line 46 at /home/mtsdrf/workspace/pegaticket-saas/api/app/Http/Controllers/Sale/SaleController.php:326)
[stacktrace]
#0 /home/mtsdrf/workspace/pegaticket-saas/api/vendor/laravel/framework/src/Illuminate/Routing/ControllerDispatcher.php(46): App\\Http\\Controllers\\Sale\\SaleController->unpayInstallment()
#1 /home/mtsdrf/workspace/pegaticket-saas/api/vendor/laravel/framework/src/Illuminate/Routing/Route.php(275): Illuminate\\Routing\\ControllerDispatcher->dispatch()
#2 /home/mtsdrf/workspace/pegaticket-saas/api/vendor/laravel/framework/src/Illuminate/Routing/Route.php(215): Illuminate\\Routing\\Route->runController()
#3 /home/mtsdrf/workspace/pegaticket-saas/api/vendor/laravel/framework/src/Illuminate/Routing/Router.php(822): Illuminate\\Routing\\Route->run()
#4 /home/mtsdrf/workspace/pegaticket-saas/api/vendor/laravel/framework/src/Illuminate/Pipeline/Pipeline.php(180): Illuminate\\Routing\\Router->{closure:Illuminate\\Routing\\Router::runRouteWithinStack():821}()
#5 /home/mtsdrf/workspace/pegaticket-saas/api/app/Http/Middleware/ThrottleRequests.php(45): Illuminate\\Pipeline\\Pipeline->{closure:Illuminate\\Pipeline\\Pipeline::prepareDestination():178}()
#6 /home/mtsdrf/workspace/pegaticket-saas/api/vendor/laravel/framework/src/Illuminate/Pipeline/Pipeline.php(219): App\\Http\\Middleware\\ThrottleRequests->handle()
#7 /home/mtsdrf/workspace/pegaticket-saas/api/app/Http/Middleware/CheckPermission.php(58): Illuminate\\Pipeline\\Pipeline->{closure:{closure:Illuminate\\Pipeline\\Pipeline::carry():194}:195}()
#8 /home/mtsdrf/workspace/pegaticket-saas/api/vendor/laravel/framework/src/Illuminate/Pipeline/Pipeline.php(219): App\\Http\\Middleware\\CheckPermission->handle()
#9 /home/mtsdrf/workspace/pegaticket-saas/api/app/Http/Middleware/ResolveTenant.php(66): Illuminate\\Pipeline\\Pipeline->{closure:{closure:Illuminate\\Pipeline\\Pipeline::carry():194}:195}()
#10 /home/mtsdrf/workspace/pegaticket-saas/api/vendor/laravel/framework/src/Illuminate/Pipeline/Pipeline.php(219): App\\Http\\Middleware\\ResolveTenant->handle()
#11 /home/mtsdrf/workspace/pegaticket-saas/api/app/Http/Middleware/JwtAccessMiddleware.php(67): Illuminate\\Pipeline\\Pipeline->{closure:{closure:Illuminate\\Pipeline\\Pipeline::carry():194}:195}()
#12 /home/mtsdrf/workspace/pegaticket-saas/api/vendor/laravel/framework/src/Illuminate/Pipeline/Pipeline.php(219): App\\Http\\Middleware\\JwtAccessMiddleware->handle()
#13 /home/mtsdrf/workspace/pegaticket-saas/api/vendor/laravel/framework/src/Illuminate/Routing/Middleware/SubstituteBindings.php(52): Illuminate\\Pipeline\\Pipeline->{closure:{closure:Illuminate\\Pipeline\\Pipeline::carry():194}:195}()
#14 /home/mtsdrf/workspace/pegaticket-saas/api/vendor/laravel/framework/src/Illuminate/Pipeline/Pipeline.php(219): Illuminate\\Routing\\Middleware\\SubstituteBindings->handle()
#15 /home/mtsdrf/workspace/pegaticket-saas/api/vendor/laravel/framework/src/Illuminate/Pipeline/Pipeline.php(137): Illuminate\\Pipeline\\Pipeline->{closure:{closure:Illuminate\\Pipeline\\Pipeline::carry():194}:195}()
#16 /home/mtsdrf/workspace/pegaticket-saas/api/vendor/laravel/framework/src/Illuminate/Routing/Router.php(821): Illuminate\\Pipeline\\Pipeline->then()
#17 /home/mtsdrf/workspace/pegaticket-saas/api/vendor/laravel/framework/src/Illuminate/Routing/Router.php(800): Illuminate\\Routing\\Router->runRouteWithinStack()
#18 /home/mtsdrf/workspace/pegaticket-saas/api/vendor/laravel/framework/src/Illuminate/Routing/Router.php(764): Illuminate\\Routing\\Router->runRoute()
#19 /home/mtsdrf/workspace/pegaticket-saas/api/vendor/laravel/framework/src/Illuminate/Routing/Router.php(753): Illuminate\\Routing\\Router->dispatchToRoute()
#20 /home/mtsdrf/workspace/pegaticket-saas/api/vendor/laravel/framework/src/Illuminate/Foundation/Http/Kernel.php(200): Illuminate\\Routing\\Router->dispatch()
#21 /home/mtsdrf/workspace/pegaticket-saas/api/vendor/laravel/framework/src/Illuminate/Pipeline/Pipeline.php(180): Illuminate\\Foundation\\Http\\Kernel->{closure:Illuminate\\Foundation\\Http\\Kernel::dispatchToRouter():197}()
#22 /home/mtsdrf/workspace/pegaticket-saas/api/app/Http/Middleware/SetLocale.php(17): Illuminate\\Pipeline\\Pipeline->{closure:Illuminate\\Pipeline\\Pipeline::prepareDestination():178}()
#23 /home/mtsdrf/workspace/pegaticket-saas/api/vendor/laravel/framework/src/Illuminate/Pipeline/Pipeline.php(219): App\\Http\\Middleware\\SetLocale->handle()
#24 /home/mtsdrf/workspace/pegaticket-saas/api/app/Http/Middleware/ApplicationRequestLogger.php(15): Illuminate\\Pipeline\\Pipeline->{closure:{closure:Illuminate\\Pipeline\\Pipeline::carry():194}:195}()
#25 /home/mtsdrf/workspace/pegaticket-saas/api/vendor/laravel/framework/src/Illuminate/Pipeline/Pipeline.php(219): App\\Http\\Middleware\\ApplicationRequestLogger->handle()
#26 /home/mtsdrf/workspace/pegaticket-saas/api/app/Http/Middleware/RequestId.php(16): Illuminate\\Pipeline\\Pipeline->{closure:{closure:Illuminate\\Pipeline\\Pipeline::carry():194}:195}()
#27 /home/mtsdrf/workspace/pegaticket-saas/api/vendor/laravel/framework/src/Illuminate/Pipeline/Pipeline.php(219): App\\Http\\Middleware\\RequestId->handle()
#28 /home/mtsdrf/workspace/pegaticket-saas/api/app/Http/Middleware/ApiHardening.php(14): Illuminate\\Pipeline\\Pipeline->{closure:{closure:Illuminate\\Pipeline\\Pipeline::carry():194}:195}()
#29 /home/mtsdrf/workspace/pegaticket-saas/api/vendor/laravel/framework/src/Illuminate/Pipeline/Pipeline.php(219): App\\Http\\Middleware\\ApiHardening->handle()
#30 /home/mtsdrf/workspace/pegaticket-saas/api/vendor/laravel/framework/src/Illuminate/Foundation/Http/Middleware/TransformsRequest.php(21): Illuminate\\Pipeline\\Pipeline->{closure:{closure:Illuminate\\Pipeline\\Pipeline::carry():194}:195}()
#31 /home/mtsdrf/workspace/pegaticket-saas/api/vendor/laravel/framework/src/Illuminate/Foundation/Http/Middleware/ConvertEmptyStringsToNull.php(31): Illuminate\\Foundation\\Http\\Middleware\\TransformsRequest->handle()
#32 /home/mtsdrf/workspace/pegaticket-saas/api/vendor/laravel/framework/src/Illuminate/Pipeline/Pipeline.php(219): Illuminate\\Foundation\\Http\\Middleware\\ConvertEmptyStringsToNull->handle()
#33 /home/mtsdrf/workspace/pegaticket-saas/api/vendor/laravel/framework/src/Illuminate/Foundation/Http/Middleware/TransformsRequest.php(21): Illuminate\\Pipeline\\Pipeline->{closure:{closure:Illuminate\\Pipeline\\Pipeline::carry():194}:195}()
#34 /home/mtsdrf/workspace/pegaticket-saas/api/vendor/laravel/framework/src/Illuminate/Foundation/Http/Middleware/TrimStrings.php(51): Illuminate\\Foundation\\Http\\Middleware\\TransformsRequest->handle()
#35 /home/mtsdrf/workspace/pegaticket-saas/api/vendor/laravel/framework/src/Illuminate/Pipeline/Pipeline.php(219): Illuminate\\Foundation\\Http\\Middleware\\TrimStrings->handle()
#36 /home/mtsdrf/workspace/pegaticket-saas/api/vendor/laravel/framework/src/Illuminate/Http/Middleware/ValidatePostSize.php(27): Illuminate\\Pipeline\\Pipeline->{closure:{closure:Illuminate\\Pipeline\\Pipeline::carry():194}:195}()
#37 /home/mtsdrf/workspace/pegaticket-saas/api/vendor/laravel/framework/src/Illuminate/Pipeline/Pipeline.php(219): Illuminate\\Http\\Middleware\\ValidatePostSize->handle()
#38 /home/mtsdrf/workspace/pegaticket-saas/api/vendor/laravel/framework/src/Illuminate/Foundation/Http/Middleware/PreventRequestsDuringMaintenance.php(109): Illuminate\\Pipeline\\Pipeline->{closure:{closure:Illuminate\\Pipeline\\Pipeline::carry():194}:195}()
#39 /home/mtsdrf/workspace/pegaticket-saas/api/vendor/laravel/framework/src/Illuminate/Pipeline/Pipeline.php(219): Illuminate\\Foundation\\Http\\Middleware\\PreventRequestsDuringMaintenance->handle()
#40 /home/mtsdrf/workspace/pegaticket-saas/api/vendor/laravel/framework/src/Illuminate/Http/Middleware/HandleCors.php(74): Illuminate\\Pipeline\\Pipeline->{closure:{closure:Illuminate\\Pipeline\\Pipeline::carry():194}:195}()
#41 /home/mtsdrf/workspace/pegaticket-saas/api/vendor/laravel/framework/src/Illuminate/Pipeline/Pipeline.php(219): Illuminate\\Http\\Middleware\\HandleCors->handle()
#42 /home/mtsdrf/workspace/pegaticket-saas/api/vendor/laravel/framework/src/Illuminate/Http/Middleware/TrustProxies.php(58): Illuminate\\Pipeline\\Pipeline->{closure:{closure:Illuminate\\Pipeline\\Pipeline::carry():194}:195}()
#43 /home/mtsdrf/workspace/pegaticket-saas/api/vendor/laravel/framework/src/Illuminate/Pipeline/Pipeline.php(219): Illuminate\\Http\\Middleware\\TrustProxies->handle()
#44 /home/mtsdrf/workspace/pegaticket-saas/api/vendor/laravel/framework/src/Illuminate/Foundation/Http/Middleware/InvokeDeferredCallbacks.php(22): Illuminate\\Pipeline\\Pipeline->{closure:{closure:Illuminate\\Pipeline\\Pipeline::carry():194}:195}()
#45 /home/mtsdrf/workspace/pegaticket-saas/api/vendor/laravel/framework/src/Illuminate/Pipeline/Pipeline.php(219): Illuminate\\Foundation\\Http\\Middleware\\InvokeDeferredCallbacks->handle()
#46 /home/mtsdrf/workspace/pegaticket-saas/api/vendor/laravel/framework/src/Illuminate/Http/Middleware/ValidatePathEncoding.php(28): Illuminate\\Pipeline\\Pipeline->{closure:{closure:Illuminate\\Pipeline\\Pipeline::carry():194}:195}()
#47 /home/mtsdrf/workspace/pegaticket-saas/api/vendor/laravel/framework/src/Illuminate/Pipeline/Pipeline.php(219): Illuminate\\Http\\Middleware\\ValidatePathEncoding->handle()
#48 /home/mtsdrf/workspace/pegaticket-saas/api/vendor/laravel/framework/src/Illuminate/Pipeline/Pipeline.php(137): Illuminate\\Pipeline\\Pipeline->{closure:{closure:Illuminate\\Pipeline\\Pipeline::carry():194}:195}()
#49 /home/mtsdrf/workspace/pegaticket-saas/api/vendor/laravel/framework/src/Illuminate/Foundation/Http/Kernel.php(175): Illuminate\\Pipeline\\Pipeline->then()
#50 /home/mtsdrf/workspace/pegaticket-saas/api/vendor/laravel/framework/src/Illuminate/Foundation/Http/Kernel.php(144): Illuminate\\Foundation\\Http\\Kernel->sendRequestThroughRouter()
#51 /home/mtsdrf/workspace/pegaticket-saas/api/vendor/laravel/framework/src/Illuminate/Foundation/Testing/Concerns/MakesHttpRequests.php(607): Illuminate\\Foundation\\Http\\Kernel->handle()
#52 /home/mtsdrf/workspace/pegaticket-saas/api/vendor/laravel/framework/src/Illuminate/Foundation/Testing/Concerns/MakesHttpRequests.php(573): Illuminate\\Foundation\\Testing\\TestCase->call()
#53 /home/mtsdrf/workspace/pegaticket-saas/api/vendor/laravel/framework/src/Illuminate/Foundation/Testing/Concerns/MakesHttpRequests.php(471): Illuminate\\Foundation\\Testing\\TestCase->json()
#54 /home/mtsdrf/workspace/pegaticket-saas/api/tests/Feature/Sales/SaleTest.php(836): Illuminate\\Foundation\\Testing\\TestCase->patchJson()
#55 /home/mtsdrf/workspace/pegaticket-saas/api/vendor/phpunit/phpunit/src/Framework/TestCase.php(1318): Tests\\Feature\\Sales\\SaleTest->unpay_installment_is_blocked_when_installment_is_not_paid()
#56 /home/mtsdrf/workspace/pegaticket-saas/api/vendor/phpunit/phpunit/src/Framework/TestCase.php(1355): PHPUnit\\Framework\\TestCase->invokeTestMethod()
#57 /home/mtsdrf/workspace/pegaticket-saas/api/vendor/phpunit/phpunit/src/Framework/TestCase.php(521): PHPUnit\\Framework\\TestCase->runTest()
#58 /home/mtsdrf/workspace/pegaticket-saas/api/vendor/phpunit/phpunit/src/Framework/TestRunner/TestRunner.php(99): PHPUnit\\Framework\\TestCase->runBare()
#59 /home/mtsdrf/workspace/pegaticket-saas/api/vendor/phpunit/phpunit/src/Framework/TestCase.php(361): PHPUnit\\Framework\\TestRunner->run()
#60 /home/mtsdrf/workspace/pegaticket-saas/api/vendor/phpunit/phpunit/src/Framework/TestSuite.php(374): PHPUnit\\Framework\\TestCase->run()
#61 /home/mtsdrf/workspace/pegaticket-saas/api/vendor/phpunit/phpunit/src/Framework/TestSuite.php(374): PHPUnit\\Framework\\TestSuite->run()
#62 /home/mtsdrf/workspace/pegaticket-saas/api/vendor/phpunit/phpunit/src/Framework/TestSuite.php(374): PHPUnit\\Framework\\TestSuite->run()
#63 /home/mtsdrf/workspace/pegaticket-saas/api/vendor/phpunit/phpunit/src/TextUI/TestRunner.php(64): PHPUnit\\Framework\\TestSuite->run()
#64 /home/mtsdrf/workspace/pegaticket-saas/api/vendor/phpunit/phpunit/src/TextUI/Application.php(229): PHPUnit\\TextUI\\TestRunner->run()
#65 /home/mtsdrf/workspace/pegaticket-saas/api/vendor/phpunit/phpunit/phpunit(104): PHPUnit\\TextUI\\Application->run()
#66 {main}
"} 
[2026-08-01 16:51:03] testing.WARNING: Falha ao enviar Web Push notification {"push_subscription_id":1,"final_customer_id":1,"error":"timeout"} 
[2026-08-01 16:52:17] testing.ERROR: App\Http\Controllers\Sale\SaleController::payInstallment(): Argument #3 ($installment) must be of type App\Models\Sale\SaleInstallment, string given, called in /home/mtsdrf/workspace/pegaticket-saas/api/vendor/laravel/framework/src/Illuminate/Routing/ControllerDispatcher.php on line 46 {"userId":1,"exception":"[object] (TypeError(code: 0): App\\Http\\Controllers\\Sale\\SaleController::payInstallment(): Argument #3 ($installment) must be of type App\\Models\\Sale\\SaleInstallment, string given, called in /home/mtsdrf/workspace/pegaticket-saas/api/vendor/laravel/framework/src/Illuminate/Routing/ControllerDispatcher.php on line 46 at /home/mtsdrf/workspace/pegaticket-saas/api/app/Http/Controllers/Sale/SaleController.php:310)
[stacktrace]
#0 /home/mtsdrf/workspace/pegaticket-saas/api/vendor/laravel/framework/src/Illuminate/Routing/ControllerDispatcher.php(46): App\\Http\\Controllers\\Sale\\SaleController->payInstallment()
#1 /home/mtsdrf/workspace/pegaticket-saas/api/vendor/laravel/framework/src/Illuminate/Routing/Route.php(276): Illuminate\\Routing\\ControllerDispatcher->dispatch()
#2 /home/mtsdrf/workspace/pegaticket-saas/api/vendor/laravel/framework/src/Illuminate/Routing/Route.php(216): Illuminate\\Routing\\Route->runController()
#3 /home/mtsdrf/workspace/pegaticket-saas/api/vendor/laravel/framework/src/Illuminate/Routing/Router.php(822): Illuminate\\Routing\\Route->run()
#4 /home/mtsdrf/workspace/pegaticket-saas/api/vendor/laravel/framework/src/Illuminate/Pipeline/Pipeline.php(180): Illuminate\\Routing\\Router->{closure:Illuminate\\Routing\\Router::runRouteWithinStack():821}()
#5 /home/mtsdrf/workspace/pegaticket-saas/api/app/Http/Middleware/ThrottleRequests.php(45): Illuminate\\Pipeline\\Pipeline->{closure:Illuminate\\Pipeline\\Pipeline::prepareDestination():178}()
#6 /home/mtsdrf/workspace/pegaticket-saas/api/vendor/laravel/framework/src/Illuminate/Pipeline/Pipeline.php(219): App\\Http\\Middleware\\ThrottleRequests->handle()
#7 /home/mtsdrf/workspace/pegaticket-saas/api/app/Http/Middleware/CheckPermission.php(58): Illuminate\\Pipeline\\Pipeline->{closure:{closure:Illuminate\\Pipeline\\Pipeline::carry():194}:195}()
#8 /home/mtsdrf/workspace/pegaticket-saas/api/vendor/laravel/framework/src/Illuminate/Pipeline/Pipeline.php(219): App\\Http\\Middleware\\CheckPermission->handle()
#9 /home/mtsdrf/workspace/pegaticket-saas/api/app/Http/Middleware/ResolveTenant.php(66): Illuminate\\Pipeline\\Pipeline->{closure:{closure:Illuminate\\Pipeline\\Pipeline::carry():194}:195}()
#10 /home/mtsdrf/workspace/pegaticket-saas/api/vendor/laravel/framework/src/Illuminate/Pipeline/Pipeline.php(219): App\\Http\\Middleware\\ResolveTenant->handle()
#11 /home/mtsdrf/workspace/pegaticket-saas/api/app/Http/Middleware/JwtAccessMiddleware.php(67): Illuminate\\Pipeline\\Pipeline->{closure:{closure:Illuminate\\Pipeline\\Pipeline::carry():194}:195}()
#12 /home/mtsdrf/workspace/pegaticket-saas/api/vendor/laravel/framework/src/Illuminate/Pipeline/Pipeline.php(219): App\\Http\\Middleware\\JwtAccessMiddleware->handle()
#13 /home/mtsdrf/workspace/pegaticket-saas/api/vendor/laravel/framework/src/Illuminate/Routing/Middleware/SubstituteBindings.php(52): Illuminate\\Pipeline\\Pipeline->{closure:{closure:Illuminate\\Pipeline\\Pipeline::carry():194}:195}()
#14 /home/mtsdrf/workspace/pegaticket-saas/api/vendor/laravel/framework/src/Illuminate/Pipeline/Pipeline.php(219): Illuminate\\Routing\\Middleware\\SubstituteBindings->handle()
#15 /home/mtsdrf/workspace/pegaticket-saas/api/vendor/laravel/framework/src/Illuminate/Pipeline/Pipeline.php(137): Illuminate\\Pipeline\\Pipeline->{closure:{closure:Illuminate\\Pipeline\\Pipeline::carry():194}:195}()
#16 /home/mtsdrf/workspace/pegaticket-saas/api/vendor/laravel/framework/src/Illuminate/Routing/Router.php(821): Illuminate\\Pipeline\\Pipeline->then()
#17 /home/mtsdrf/workspace/pegaticket-saas/api/vendor/laravel/framework/src/Illuminate/Routing/Router.php(800): Illuminate\\Routing\\Router->runRouteWithinStack()
#18 /home/mtsdrf/workspace/pegaticket-saas/api/vendor/laravel/framework/src/Illuminate/Routing/Router.php(764): Illuminate\\Routing\\Router->runRoute()
#19 /home/mtsdrf/workspace/pegaticket-saas/api/vendor/laravel/framework/src/Illuminate/Routing/Router.php(753): Illuminate\\Routing\\Router->dispatchToRoute()
#20 /home/mtsdrf/workspace/pegaticket-saas/api/vendor/laravel/framework/src/Illuminate/Foundation/Http/Kernel.php(200): Illuminate\\Routing\\Router->dispatch()
#21 /home/mtsdrf/workspace/pegaticket-saas/api/vendor/laravel/framework/src/Illuminate/Pipeline/Pipeline.php(180): Illuminate\\Foundation\\Http\\Kernel->{closure:Illuminate\\Foundation\\Http\\Kernel::dispatchToRouter():197}()
#22 /home/mtsdrf/workspace/pegaticket-saas/api/app/Http/Middleware/SetLocale.php(17): Illuminate\\Pipeline\\Pipeline->{closure:Illuminate\\Pipeline\\Pipeline::prepareDestination():178}()
#23 /home/mtsdrf/workspace/pegaticket-saas/api/vendor/laravel/framework/src/Illuminate/Pipeline/Pipeline.php(219): App\\Http\\Middleware\\SetLocale->handle()
#24 /home/mtsdrf/workspace/pegaticket-saas/api/app/Http/Middleware/ApplicationRequestLogger.php(15): Illuminate\\Pipeline\\Pipeline->{closure:{closure:Illuminate\\Pipeline\\Pipeline::carry():194}:195}()
#25 /home/mtsdrf/workspace/pegaticket-saas/api/vendor/laravel/framework/src/Illuminate/Pipeline/Pipeline.php(219): App\\Http\\Middleware\\ApplicationRequestLogger->handle()
#26 /home/mtsdrf/workspace/pegaticket-saas/api/app/Http/Middleware/RequestId.php(16): Illuminate\\Pipeline\\Pipeline->{closure:{closure:Illuminate\\Pipeline\\Pipeline::carry():194}:195}()
#27 /home/mtsdrf/workspace/pegaticket-saas/api/vendor/laravel/framework/src/Illuminate/Pipeline/Pipeline.php(219): App\\Http\\Middleware\\RequestId->handle()
#28 /home/mtsdrf/workspace/pegaticket-saas/api/app/Http/Middleware/ApiHardening.php(14): Illuminate\\Pipeline\\Pipeline->{closure:{closure:Illuminate\\Pipeline\\Pipeline::carry():194}:195}()
#29 /home/mtsdrf/workspace/pegaticket-saas/api/vendor/laravel/framework/src/Illuminate/Pipeline/Pipeline.php(219): App\\Http\\Middleware\\ApiHardening->handle()
#30 /home/mtsdrf/workspace/pegaticket-saas/api/vendor/laravel/framework/src/Illuminate/Foundation/Http/Middleware/TransformsRequest.php(21): Illuminate\\Pipeline\\Pipeline->{closure:{closure:Illuminate\\Pipeline\\Pipeline::carry():194}:195}()
#31 /home/mtsdrf/workspace/pegaticket-saas/api/vendor/laravel/framework/src/Illuminate/Foundation/Http/Middleware/ConvertEmptyStringsToNull.php(31): Illuminate\\Foundation\\Http\\Middleware\\TransformsRequest->handle()
#32 /home/mtsdrf/workspace/pegaticket-saas/api/vendor/laravel/framework/src/Illuminate/Pipeline/Pipeline.php(219): Illuminate\\Foundation\\Http\\Middleware\\ConvertEmptyStringsToNull->handle()
#33 /home/mtsdrf/workspace/pegaticket-saas/api/vendor/laravel/framework/src/Illuminate/Foundation/Http/Middleware/TransformsRequest.php(21): Illuminate\\Pipeline\\Pipeline->{closure:{closure:Illuminate\\Pipeline\\Pipeline::carry():194}:195}()
#34 /home/mtsdrf/workspace/pegaticket-saas/api/vendor/laravel/framework/src/Illuminate/Foundation/Http/Middleware/TrimStrings.php(51): Illuminate\\Foundation\\Http\\Middleware\\TransformsRequest->handle()
#35 /home/mtsdrf/workspace/pegaticket-saas/api/vendor/laravel/framework/src/Illuminate/Pipeline/Pipeline.php(219): Illuminate\\Foundation\\Http\\Middleware\\TrimStrings->handle()
#36 /home/mtsdrf/workspace/pegaticket-saas/api/vendor/laravel/framework/src/Illuminate/Http/Middleware/ValidatePostSize.php(27): Illuminate\\Pipeline\\Pipeline->{closure:{closure:Illuminate\\Pipeline\\Pipeline::carry():194}:195}()
#37 /home/mtsdrf/workspace/pegaticket-saas/api/vendor/laravel/framework/src/Illuminate/Pipeline/Pipeline.php(219): Illuminate\\Http\\Middleware\\ValidatePostSize->handle()
#38 /home/mtsdrf/workspace/pegaticket-saas/api/vendor/laravel/framework/src/Illuminate/Foundation/Http/Middleware/PreventRequestsDuringMaintenance.php(109): Illuminate\\Pipeline\\Pipeline->{closure:{closure:Illuminate\\Pipeline\\Pipeline::carry():194}:195}()
#39 /home/mtsdrf/workspace/pegaticket-saas/api/vendor/laravel/framework/src/Illuminate/Pipeline/Pipeline.php(219): Illuminate\\Foundation\\Http\\Middleware\\PreventRequestsDuringMaintenance->handle()
#40 /home/mtsdrf/workspace/pegaticket-saas/api/vendor/laravel/framework/src/Illuminate/Http/Middleware/HandleCors.php(74): Illuminate\\Pipeline\\Pipeline->{closure:{closure:Illuminate\\Pipeline\\Pipeline::carry():194}:195}()
#41 /home/mtsdrf/workspace/pegaticket-saas/api/vendor/laravel/framework/src/Illuminate/Pipeline/Pipeline.php(219): Illuminate\\Http\\Middleware\\HandleCors->handle()
#42 /home/mtsdrf/workspace/pegaticket-saas/api/vendor/laravel/framework/src/Illuminate/Http/Middleware/TrustProxies.php(58): Illuminate\\Pipeline\\Pipeline->{closure:{closure:Illuminate\\Pipeline\\Pipeline::carry():194}:195}()
#43 /home/mtsdrf/workspace/pegaticket-saas/api/vendor/laravel/framework/src/Illuminate/Pipeline/Pipeline.php(219): Illuminate\\Http\\Middleware\\TrustProxies->handle()
#44 /home/mtsdrf/workspace/pegaticket-saas/api/vendor/laravel/framework/src/Illuminate/Foundation/Http/Middleware/InvokeDeferredCallbacks.php(22): Illuminate\\Pipeline\\Pipeline->{closure:{closure:Illuminate\\Pipeline\\Pipeline::carry():194}:195}()
#45 /home/mtsdrf/workspace/pegaticket-saas/api/vendor/laravel/framework/src/Illuminate/Pipeline/Pipeline.php(219): Illuminate\\Foundation\\Http\\Middleware\\InvokeDeferredCallbacks->handle()
#46 /home/mtsdrf/workspace/pegaticket-saas/api/vendor/laravel/framework/src/Illuminate/Http/Middleware/ValidatePathEncoding.php(28): Illuminate\\Pipeline\\Pipeline->{closure:{closure:Illuminate\\Pipeline\\Pipeline::carry():194}:195}()
#47 /home/mtsdrf/workspace/pegaticket-saas/api/vendor/laravel/framework/src/Illuminate/Pipeline/Pipeline.php(219): Illuminate\\Http\\Middleware\\ValidatePathEncoding->handle()
#48 /home/mtsdrf/workspace/pegaticket-saas/api/vendor/laravel/framework/src/Illuminate/Pipeline/Pipeline.php(137): Illuminate\\Pipeline\\Pipeline->{closure:{closure:Illuminate\\Pipeline\\Pipeline::carry():194}:195}()
#49 /home/mtsdrf/workspace/pegaticket-saas/api/vendor/laravel/framework/src/Illuminate/Foundation/Http/Kernel.php(175): Illuminate\\Pipeline\\Pipeline->then()
#50 /home/mtsdrf/workspace/pegaticket-saas/api/vendor/laravel/framework/src/Illuminate/Foundation/Http/Kernel.php(144): Illuminate\\Foundation\\Http\\Kernel->sendRequestThroughRouter()
#51 /home/mtsdrf/workspace/pegaticket-saas/api/vendor/laravel/framework/src/Illuminate/Foundation/Testing/Concerns/MakesHttpRequests.php(638): Illuminate\\Foundation\\Http\\Kernel->handle()
#52 /home/mtsdrf/workspace/pegaticket-saas/api/vendor/laravel/framework/src/Illuminate/Foundation/Testing/Concerns/MakesHttpRequests.php(604): Illuminate\\Foundation\\Testing\\TestCase->call()
#53 /home/mtsdrf/workspace/pegaticket-saas/api/vendor/laravel/framework/src/Illuminate/Foundation/Testing/Concerns/MakesHttpRequests.php(471): Illuminate\\Foundation\\Testing\\TestCase->json()
#54 /home/mtsdrf/workspace/pegaticket-saas/api/tests/Feature/Sales/SaleInstallmentTest.php(129): Illuminate\\Foundation\\Testing\\TestCase->patchJson()
#55 /home/mtsdrf/workspace/pegaticket-saas/api/vendor/phpunit/phpunit/src/Framework/TestCase.php(1318): Tests\\Feature\\Sales\\SaleInstallmentTest->paid_installment_cannot_be_edited_or_deleted()
#56 /home/mtsdrf/workspace/pegaticket-saas/api/vendor/phpunit/phpunit/src/Framework/TestCase.php(1355): PHPUnit\\Framework\\TestCase->invokeTestMethod()
#57 /home/mtsdrf/workspace/pegaticket-saas/api/vendor/phpunit/phpunit/src/Framework/TestCase.php(521): PHPUnit\\Framework\\TestCase->runTest()
#58 /home/mtsdrf/workspace/pegaticket-saas/api/vendor/phpunit/phpunit/src/Framework/TestRunner/TestRunner.php(99): PHPUnit\\Framework\\TestCase->runBare()
#59 /home/mtsdrf/workspace/pegaticket-saas/api/vendor/phpunit/phpunit/src/Framework/TestCase.php(361): PHPUnit\\Framework\\TestRunner->run()
#60 /home/mtsdrf/workspace/pegaticket-saas/api/vendor/phpunit/phpunit/src/Framework/TestSuite.php(374): PHPUnit\\Framework\\TestCase->run()
#61 /home/mtsdrf/workspace/pegaticket-saas/api/vendor/phpunit/phpunit/src/Framework/TestSuite.php(374): PHPUnit\\Framework\\TestSuite->run()
#62 /home/mtsdrf/workspace/pegaticket-saas/api/vendor/phpunit/phpunit/src/Framework/TestSuite.php(374): PHPUnit\\Framework\\TestSuite->run()
#63 /home/mtsdrf/workspace/pegaticket-saas/api/vendor/phpunit/phpunit/src/TextUI/TestRunner.php(64): PHPUnit\\Framework\\TestSuite->run()
#64 /home/mtsdrf/workspace/pegaticket-saas/api/vendor/phpunit/phpunit/src/TextUI/Application.php(229): PHPUnit\\TextUI\\TestRunner->run()
#65 /home/mtsdrf/workspace/pegaticket-saas/api/vendor/phpunit/phpunit/phpunit(104): PHPUnit\\TextUI\\Application->run()
#66 {main}
"} 
[2026-08-01 16:52:17] testing.ERROR: App\Http\Controllers\Sale\SaleController::payInstallment(): Argument #3 ($installment) must be of type App\Models\Sale\SaleInstallment, string given, called in /home/mtsdrf/workspace/pegaticket-saas/api/vendor/laravel/framework/src/Illuminate/Routing/ControllerDispatcher.php on line 46 {"userId":1,"exception":"[object] (TypeError(code: 0): App\\Http\\Controllers\\Sale\\SaleController::payInstallment(): Argument #3 ($installment) must be of type App\\Models\\Sale\\SaleInstallment, string given, called in /home/mtsdrf/workspace/pegaticket-saas/api/vendor/laravel/framework/src/Illuminate/Routing/ControllerDispatcher.php on line 46 at /home/mtsdrf/workspace/pegaticket-saas/api/app/Http/Controllers/Sale/SaleController.php:310)
[stacktrace]
#0 /home/mtsdrf/workspace/pegaticket-saas/api/vendor/laravel/framework/src/Illuminate/Routing/ControllerDispatcher.php(46): App\\Http\\Controllers\\Sale\\SaleController->payInstallment()
#1 /home/mtsdrf/workspace/pegaticket-saas/api/vendor/laravel/framework/src/Illuminate/Routing/Route.php(276): Illuminate\\Routing\\ControllerDispatcher->dispatch()
#2 /home/mtsdrf/workspace/pegaticket-saas/api/vendor/laravel/framework/src/Illuminate/Routing/Route.php(216): Illuminate\\Routing\\Route->runController()
#3 /home/mtsdrf/workspace/pegaticket-saas/api/vendor/laravel/framework/src/Illuminate/Routing/Router.php(822): Illuminate\\Routing\\Route->run()
#4 /home/mtsdrf/workspace/pegaticket-saas/api/vendor/laravel/framework/src/Illuminate/Pipeline/Pipeline.php(180): Illuminate\\Routing\\Router->{closure:Illuminate\\Routing\\Router::runRouteWithinStack():821}()
#5 /home/mtsdrf/workspace/pegaticket-saas/api/app/Http/Middleware/ThrottleRequests.php(45): Illuminate\\Pipeline\\Pipeline->{closure:Illuminate\\Pipeline\\Pipeline::prepareDestination():178}()
#6 /home/mtsdrf/workspace/pegaticket-saas/api/vendor/laravel/framework/src/Illuminate/Pipeline/Pipeline.php(219): App\\Http\\Middleware\\ThrottleRequests->handle()
#7 /home/mtsdrf/workspace/pegaticket-saas/api/app/Http/Middleware/CheckPermission.php(58): Illuminate\\Pipeline\\Pipeline->{closure:{closure:Illuminate\\Pipeline\\Pipeline::carry():194}:195}()
#8 /home/mtsdrf/workspace/pegaticket-saas/api/vendor/laravel/framework/src/Illuminate/Pipeline/Pipeline.php(219): App\\Http\\Middleware\\CheckPermission->handle()
#9 /home/mtsdrf/workspace/pegaticket-saas/api/app/Http/Middleware/ResolveTenant.php(66): Illuminate\\Pipeline\\Pipeline->{closure:{closure:Illuminate\\Pipeline\\Pipeline::carry():194}:195}()
#10 /home/mtsdrf/workspace/pegaticket-saas/api/vendor/laravel/framework/src/Illuminate/Pipeline/Pipeline.php(219): App\\Http\\Middleware\\ResolveTenant->handle()
#11 /home/mtsdrf/workspace/pegaticket-saas/api/app/Http/Middleware/JwtAccessMiddleware.php(67): Illuminate\\Pipeline\\Pipeline->{closure:{closure:Illuminate\\Pipeline\\Pipeline::carry():194}:195}()
#12 /home/mtsdrf/workspace/pegaticket-saas/api/vendor/laravel/framework/src/Illuminate/Pipeline/Pipeline.php(219): App\\Http\\Middleware\\JwtAccessMiddleware->handle()
#13 /home/mtsdrf/workspace/pegaticket-saas/api/vendor/laravel/framework/src/Illuminate/Routing/Middleware/SubstituteBindings.php(52): Illuminate\\Pipeline\\Pipeline->{closure:{closure:Illuminate\\Pipeline\\Pipeline::carry():194}:195}()
#14 /home/mtsdrf/workspace/pegaticket-saas/api/vendor/laravel/framework/src/Illuminate/Pipeline/Pipeline.php(219): Illuminate\\Routing\\Middleware\\SubstituteBindings->handle()
#15 /home/mtsdrf/workspace/pegaticket-saas/api/vendor/laravel/framework/src/Illuminate/Pipeline/Pipeline.php(137): Illuminate\\Pipeline\\Pipeline->{closure:{closure:Illuminate\\Pipeline\\Pipeline::carry():194}:195}()
#16 /home/mtsdrf/workspace/pegaticket-saas/api/vendor/laravel/framework/src/Illuminate/Routing/Router.php(821): Illuminate\\Pipeline\\Pipeline->then()
#17 /home/mtsdrf/workspace/pegaticket-saas/api/vendor/laravel/framework/src/Illuminate/Routing/Router.php(800): Illuminate\\Routing\\Router->runRouteWithinStack()
#18 /home/mtsdrf/workspace/pegaticket-saas/api/vendor/laravel/framework/src/Illuminate/Routing/Router.php(764): Illuminate\\Routing\\Router->runRoute()
#19 /home/mtsdrf/workspace/pegaticket-saas/api/vendor/laravel/framework/src/Illuminate/Routing/Router.php(753): Illuminate\\Routing\\Router->dispatchToRoute()
#20 /home/mtsdrf/workspace/pegaticket-saas/api/vendor/laravel/framework/src/Illuminate/Foundation/Http/Kernel.php(200): Illuminate\\Routing\\Router->dispatch()
#21 /home/mtsdrf/workspace/pegaticket-saas/api/vendor/laravel/framework/src/Illuminate/Pipeline/Pipeline.php(180): Illuminate\\Foundation\\Http\\Kernel->{closure:Illuminate\\Foundation\\Http\\Kernel::dispatchToRouter():197}()
#22 /home/mtsdrf/workspace/pegaticket-saas/api/app/Http/Middleware/SetLocale.php(17): Illuminate\\Pipeline\\Pipeline->{closure:Illuminate\\Pipeline\\Pipeline::prepareDestination():178}()
#23 /home/mtsdrf/workspace/pegaticket-saas/api/vendor/laravel/framework/src/Illuminate/Pipeline/Pipeline.php(219): App\\Http\\Middleware\\SetLocale->handle()
#24 /home/mtsdrf/workspace/pegaticket-saas/api/app/Http/Middleware/ApplicationRequestLogger.php(15): Illuminate\\Pipeline\\Pipeline->{closure:{closure:Illuminate\\Pipeline\\Pipeline::carry():194}:195}()
#25 /home/mtsdrf/workspace/pegaticket-saas/api/vendor/laravel/framework/src/Illuminate/Pipeline/Pipeline.php(219): App\\Http\\Middleware\\ApplicationRequestLogger->handle()
#26 /home/mtsdrf/workspace/pegaticket-saas/api/app/Http/Middleware/RequestId.php(16): Illuminate\\Pipeline\\Pipeline->{closure:{closure:Illuminate\\Pipeline\\Pipeline::carry():194}:195}()
#27 /home/mtsdrf/workspace/pegaticket-saas/api/vendor/laravel/framework/src/Illuminate/Pipeline/Pipeline.php(219): App\\Http\\Middleware\\RequestId->handle()
#28 /home/mtsdrf/workspace/pegaticket-saas/api/app/Http/Middleware/ApiHardening.php(14): Illuminate\\Pipeline\\Pipeline->{closure:{closure:Illuminate\\Pipeline\\Pipeline::carry():194}:195}()
#29 /home/mtsdrf/workspace/pegaticket-saas/api/vendor/laravel/framework/src/Illuminate/Pipeline/Pipeline.php(219): App\\Http\\Middleware\\ApiHardening->handle()
#30 /home/mtsdrf/workspace/pegaticket-saas/api/vendor/laravel/framework/src/Illuminate/Foundation/Http/Middleware/TransformsRequest.php(21): Illuminate\\Pipeline\\Pipeline->{closure:{closure:Illuminate\\Pipeline\\Pipeline::carry():194}:195}()
#31 /home/mtsdrf/workspace/pegaticket-saas/api/vendor/laravel/framework/src/Illuminate/Foundation/Http/Middleware/ConvertEmptyStringsToNull.php(31): Illuminate\\Foundation\\Http\\Middleware\\TransformsRequest->handle()
#32 /home/mtsdrf/workspace/pegaticket-saas/api/vendor/laravel/framework/src/Illuminate/Pipeline/Pipeline.php(219): Illuminate\\Foundation\\Http\\Middleware\\ConvertEmptyStringsToNull->handle()
#33 /home/mtsdrf/workspace/pegaticket-saas/api/vendor/laravel/framework/src/Illuminate/Foundation/Http/Middleware/TransformsRequest.php(21): Illuminate\\Pipeline\\Pipeline->{closure:{closure:Illuminate\\Pipeline\\Pipeline::carry():194}:195}()
#34 /home/mtsdrf/workspace/pegaticket-saas/api/vendor/laravel/framework/src/Illuminate/Foundation/Http/Middleware/TrimStrings.php(51): Illuminate\\Foundation\\Http\\Middleware\\TransformsRequest->handle()
#35 /home/mtsdrf/workspace/pegaticket-saas/api/vendor/laravel/framework/src/Illuminate/Pipeline/Pipeline.php(219): Illuminate\\Foundation\\Http\\Middleware\\TrimStrings->handle()
#36 /home/mtsdrf/workspace/pegaticket-saas/api/vendor/laravel/framework/src/Illuminate/Http/Middleware/ValidatePostSize.php(27): Illuminate\\Pipeline\\Pipeline->{closure:{closure:Illuminate\\Pipeline\\Pipeline::carry():194}:195}()
#37 /home/mtsdrf/workspace/pegaticket-saas/api/vendor/laravel/framework/src/Illuminate/Pipeline/Pipeline.php(219): Illuminate\\Http\\Middleware\\ValidatePostSize->handle()
#38 /home/mtsdrf/workspace/pegaticket-saas/api/vendor/laravel/framework/src/Illuminate/Foundation/Http/Middleware/PreventRequestsDuringMaintenance.php(109): Illuminate\\Pipeline\\Pipeline->{closure:{closure:Illuminate\\Pipeline\\Pipeline::carry():194}:195}()
#39 /home/mtsdrf/workspace/pegaticket-saas/api/vendor/laravel/framework/src/Illuminate/Pipeline/Pipeline.php(219): Illuminate\\Foundation\\Http\\Middleware\\PreventRequestsDuringMaintenance->handle()
#40 /home/mtsdrf/workspace/pegaticket-saas/api/vendor/laravel/framework/src/Illuminate/Http/Middleware/HandleCors.php(74): Illuminate\\Pipeline\\Pipeline->{closure:{closure:Illuminate\\Pipeline\\Pipeline::carry():194}:195}()
#41 /home/mtsdrf/workspace/pegaticket-saas/api/vendor/laravel/framework/src/Illuminate/Pipeline/Pipeline.php(219): Illuminate\\Http\\Middleware\\HandleCors->handle()
#42 /home/mtsdrf/workspace/pegaticket-saas/api/vendor/laravel/framework/src/Illuminate/Http/Middleware/TrustProxies.php(58): Illuminate\\Pipeline\\Pipeline->{closure:{closure:Illuminate\\Pipeline\\Pipeline::carry():194}:195}()
#43 /home/mtsdrf/workspace/pegaticket-saas/api/vendor/laravel/framework/src/Illuminate/Pipeline/Pipeline.php(219): Illuminate\\Http\\Middleware\\TrustProxies->handle()
#44 /home/mtsdrf/workspace/pegaticket-saas/api/vendor/laravel/framework/src/Illuminate/Foundation/Http/Middleware/InvokeDeferredCallbacks.php(22): Illuminate\\Pipeline\\Pipeline->{closure:{closure:Illuminate\\Pipeline\\Pipeline::carry():194}:195}()
#45 /home/mtsdrf/workspace/pegaticket-saas/api/vendor/laravel/framework/src/Illuminate/Pipeline/Pipeline.php(219): Illuminate\\Foundation\\Http\\Middleware\\InvokeDeferredCallbacks->handle()
#46 /home/mtsdrf/workspace/pegaticket-saas/api/vendor/laravel/framework/src/Illuminate/Http/Middleware/ValidatePathEncoding.php(28): Illuminate\\Pipeline\\Pipeline->{closure:{closure:Illuminate\\Pipeline\\Pipeline::carry():194}:195}()
#47 /home/mtsdrf/workspace/pegaticket-saas/api/vendor/laravel/framework/src/Illuminate/Pipeline/Pipeline.php(219): Illuminate\\Http\\Middleware\\ValidatePathEncoding->handle()
#48 /home/mtsdrf/workspace/pegaticket-saas/api/vendor/laravel/framework/src/Illuminate/Pipeline/Pipeline.php(137): Illuminate\\Pipeline\\Pipeline->{closure:{closure:Illuminate\\Pipeline\\Pipeline::carry():194}:195}()
#49 /home/mtsdrf/workspace/pegaticket-saas/api/vendor/laravel/framework/src/Illuminate/Foundation/Http/Kernel.php(175): Illuminate\\Pipeline\\Pipeline->then()
#50 /home/mtsdrf/workspace/pegaticket-saas/api/vendor/laravel/framework/src/Illuminate/Foundation/Http/Kernel.php(144): Illuminate\\Foundation\\Http\\Kernel->sendRequestThroughRouter()
#51 /home/mtsdrf/workspace/pegaticket-saas/api/vendor/laravel/framework/src/Illuminate/Foundation/Testing/Concerns/MakesHttpRequests.php(638): Illuminate\\Foundation\\Http\\Kernel->handle()
#52 /home/mtsdrf/workspace/pegaticket-saas/api/vendor/laravel/framework/src/Illuminate/Foundation/Testing/Concerns/MakesHttpRequests.php(604): Illuminate\\Foundation\\Testing\\TestCase->call()
#53 /home/mtsdrf/workspace/pegaticket-saas/api/vendor/laravel/framework/src/Illuminate/Foundation/Testing/Concerns/MakesHttpRequests.php(471): Illuminate\\Foundation\\Testing\\TestCase->json()
#54 /home/mtsdrf/workspace/pegaticket-saas/api/tests/Feature/Sales/SaleInstallmentTest.php(447): Illuminate\\Foundation\\Testing\\TestCase->patchJson()
#55 /home/mtsdrf/workspace/pegaticket-saas/api/vendor/phpunit/phpunit/src/Framework/TestCase.php(1318): Tests\\Feature\\Sales\\SaleInstallmentTest->reallocate_rejects_payload_referencing_a_paid_installment()
#56 /home/mtsdrf/workspace/pegaticket-saas/api/vendor/phpunit/phpunit/src/Framework/TestCase.php(1355): PHPUnit\\Framework\\TestCase->invokeTestMethod()
#57 /home/mtsdrf/workspace/pegaticket-saas/api/vendor/phpunit/phpunit/src/Framework/TestCase.php(521): PHPUnit\\Framework\\TestCase->runTest()
#58 /home/mtsdrf/workspace/pegaticket-saas/api/vendor/phpunit/phpunit/src/Framework/TestRunner/TestRunner.php(99): PHPUnit\\Framework\\TestCase->runBare()
#59 /home/mtsdrf/workspace/pegaticket-saas/api/vendor/phpunit/phpunit/src/Framework/TestCase.php(361): PHPUnit\\Framework\\TestRunner->run()
#60 /home/mtsdrf/workspace/pegaticket-saas/api/vendor/phpunit/phpunit/src/Framework/TestSuite.php(374): PHPUnit\\Framework\\TestCase->run()
#61 /home/mtsdrf/workspace/pegaticket-saas/api/vendor/phpunit/phpunit/src/Framework/TestSuite.php(374): PHPUnit\\Framework\\TestSuite->run()
#62 /home/mtsdrf/workspace/pegaticket-saas/api/vendor/phpunit/phpunit/src/Framework/TestSuite.php(374): PHPUnit\\Framework\\TestSuite->run()
#63 /home/mtsdrf/workspace/pegaticket-saas/api/vendor/phpunit/phpunit/src/TextUI/TestRunner.php(64): PHPUnit\\Framework\\TestSuite->run()
#64 /home/mtsdrf/workspace/pegaticket-saas/api/vendor/phpunit/phpunit/src/TextUI/Application.php(229): PHPUnit\\TextUI\\TestRunner->run()
#65 /home/mtsdrf/workspace/pegaticket-saas/api/vendor/phpunit/phpunit/phpunit(104): PHPUnit\\TextUI\\Application->run()
#66 {main}
"} 
[2026-08-01 16:52:19] testing.ERROR: App\Http\Controllers\Sale\SaleController::payInstallment(): Argument #3 ($installment) must be of type App\Models\Sale\SaleInstallment, string given, called in /home/mtsdrf/workspace/pegaticket-saas/api/vendor/laravel/framework/src/Illuminate/Routing/ControllerDispatcher.php on line 46 {"userId":1,"exception":"[object] (TypeError(code: 0): App\\Http\\Controllers\\Sale\\SaleController::payInstallment(): Argument #3 ($installment) must be of type App\\Models\\Sale\\SaleInstallment, string given, called in /home/mtsdrf/workspace/pegaticket-saas/api/vendor/laravel/framework/src/Illuminate/Routing/ControllerDispatcher.php on line 46 at /home/mtsdrf/workspace/pegaticket-saas/api/app/Http/Controllers/Sale/SaleController.php:310)
[stacktrace]
#0 /home/mtsdrf/workspace/pegaticket-saas/api/vendor/laravel/framework/src/Illuminate/Routing/ControllerDispatcher.php(46): App\\Http\\Controllers\\Sale\\SaleController->payInstallment()
#1 /home/mtsdrf/workspace/pegaticket-saas/api/vendor/laravel/framework/src/Illuminate/Routing/Route.php(276): Illuminate\\Routing\\ControllerDispatcher->dispatch()
#2 /home/mtsdrf/workspace/pegaticket-saas/api/vendor/laravel/framework/src/Illuminate/Routing/Route.php(216): Illuminate\\Routing\\Route->runController()
#3 /home/mtsdrf/workspace/pegaticket-saas/api/vendor/laravel/framework/src/Illuminate/Routing/Router.php(822): Illuminate\\Routing\\Route->run()
#4 /home/mtsdrf/workspace/pegaticket-saas/api/vendor/laravel/framework/src/Illuminate/Pipeline/Pipeline.php(180): Illuminate\\Routing\\Router->{closure:Illuminate\\Routing\\Router::runRouteWithinStack():821}()
#5 /home/mtsdrf/workspace/pegaticket-saas/api/app/Http/Middleware/ThrottleRequests.php(45): Illuminate\\Pipeline\\Pipeline->{closure:Illuminate\\Pipeline\\Pipeline::prepareDestination():178}()
#6 /home/mtsdrf/workspace/pegaticket-saas/api/vendor/laravel/framework/src/Illuminate/Pipeline/Pipeline.php(219): App\\Http\\Middleware\\ThrottleRequests->handle()
#7 /home/mtsdrf/workspace/pegaticket-saas/api/app/Http/Middleware/CheckPermission.php(58): Illuminate\\Pipeline\\Pipeline->{closure:{closure:Illuminate\\Pipeline\\Pipeline::carry():194}:195}()
#8 /home/mtsdrf/workspace/pegaticket-saas/api/vendor/laravel/framework/src/Illuminate/Pipeline/Pipeline.php(219): App\\Http\\Middleware\\CheckPermission->handle()
#9 /home/mtsdrf/workspace/pegaticket-saas/api/app/Http/Middleware/ResolveTenant.php(66): Illuminate\\Pipeline\\Pipeline->{closure:{closure:Illuminate\\Pipeline\\Pipeline::carry():194}:195}()
#10 /home/mtsdrf/workspace/pegaticket-saas/api/vendor/laravel/framework/src/Illuminate/Pipeline/Pipeline.php(219): App\\Http\\Middleware\\ResolveTenant->handle()
#11 /home/mtsdrf/workspace/pegaticket-saas/api/app/Http/Middleware/JwtAccessMiddleware.php(67): Illuminate\\Pipeline\\Pipeline->{closure:{closure:Illuminate\\Pipeline\\Pipeline::carry():194}:195}()
#12 /home/mtsdrf/workspace/pegaticket-saas/api/vendor/laravel/framework/src/Illuminate/Pipeline/Pipeline.php(219): App\\Http\\Middleware\\JwtAccessMiddleware->handle()
#13 /home/mtsdrf/workspace/pegaticket-saas/api/vendor/laravel/framework/src/Illuminate/Routing/Middleware/SubstituteBindings.php(52): Illuminate\\Pipeline\\Pipeline->{closure:{closure:Illuminate\\Pipeline\\Pipeline::carry():194}:195}()
#14 /home/mtsdrf/workspace/pegaticket-saas/api/vendor/laravel/framework/src/Illuminate/Pipeline/Pipeline.php(219): Illuminate\\Routing\\Middleware\\SubstituteBindings->handle()
#15 /home/mtsdrf/workspace/pegaticket-saas/api/vendor/laravel/framework/src/Illuminate/Pipeline/Pipeline.php(137): Illuminate\\Pipeline\\Pipeline->{closure:{closure:Illuminate\\Pipeline\\Pipeline::carry():194}:195}()
#16 /home/mtsdrf/workspace/pegaticket-saas/api/vendor/laravel/framework/src/Illuminate/Routing/Router.php(821): Illuminate\\Pipeline\\Pipeline->then()
#17 /home/mtsdrf/workspace/pegaticket-saas/api/vendor/laravel/framework/src/Illuminate/Routing/Router.php(800): Illuminate\\Routing\\Router->runRouteWithinStack()
#18 /home/mtsdrf/workspace/pegaticket-saas/api/vendor/laravel/framework/src/Illuminate/Routing/Router.php(764): Illuminate\\Routing\\Router->runRoute()
#19 /home/mtsdrf/workspace/pegaticket-saas/api/vendor/laravel/framework/src/Illuminate/Routing/Router.php(753): Illuminate\\Routing\\Router->dispatchToRoute()
#20 /home/mtsdrf/workspace/pegaticket-saas/api/vendor/laravel/framework/src/Illuminate/Foundation/Http/Kernel.php(200): Illuminate\\Routing\\Router->dispatch()
#21 /home/mtsdrf/workspace/pegaticket-saas/api/vendor/laravel/framework/src/Illuminate/Pipeline/Pipeline.php(180): Illuminate\\Foundation\\Http\\Kernel->{closure:Illuminate\\Foundation\\Http\\Kernel::dispatchToRouter():197}()
#22 /home/mtsdrf/workspace/pegaticket-saas/api/app/Http/Middleware/SetLocale.php(17): Illuminate\\Pipeline\\Pipeline->{closure:Illuminate\\Pipeline\\Pipeline::prepareDestination():178}()
#23 /home/mtsdrf/workspace/pegaticket-saas/api/vendor/laravel/framework/src/Illuminate/Pipeline/Pipeline.php(219): App\\Http\\Middleware\\SetLocale->handle()
#24 /home/mtsdrf/workspace/pegaticket-saas/api/app/Http/Middleware/ApplicationRequestLogger.php(15): Illuminate\\Pipeline\\Pipeline->{closure:{closure:Illuminate\\Pipeline\\Pipeline::carry():194}:195}()
#25 /home/mtsdrf/workspace/pegaticket-saas/api/vendor/laravel/framework/src/Illuminate/Pipeline/Pipeline.php(219): App\\Http\\Middleware\\ApplicationRequestLogger->handle()
#26 /home/mtsdrf/workspace/pegaticket-saas/api/app/Http/Middleware/RequestId.php(16): Illuminate\\Pipeline\\Pipeline->{closure:{closure:Illuminate\\Pipeline\\Pipeline::carry():194}:195}()
#27 /home/mtsdrf/workspace/pegaticket-saas/api/vendor/laravel/framework/src/Illuminate/Pipeline/Pipeline.php(219): App\\Http\\Middleware\\RequestId->handle()
#28 /home/mtsdrf/workspace/pegaticket-saas/api/app/Http/Middleware/ApiHardening.php(14): Illuminate\\Pipeline\\Pipeline->{closure:{closure:Illuminate\\Pipeline\\Pipeline::carry():194}:195}()
#29 /home/mtsdrf/workspace/pegaticket-saas/api/vendor/laravel/framework/src/Illuminate/Pipeline/Pipeline.php(219): App\\Http\\Middleware\\ApiHardening->handle()
#30 /home/mtsdrf/workspace/pegaticket-saas/api/vendor/laravel/framework/src/Illuminate/Foundation/Http/Middleware/TransformsRequest.php(21): Illuminate\\Pipeline\\Pipeline->{closure:{closure:Illuminate\\Pipeline\\Pipeline::carry():194}:195}()
#31 /home/mtsdrf/workspace/pegaticket-saas/api/vendor/laravel/framework/src/Illuminate/Foundation/Http/Middleware/ConvertEmptyStringsToNull.php(31): Illuminate\\Foundation\\Http\\Middleware\\TransformsRequest->handle()
#32 /home/mtsdrf/workspace/pegaticket-saas/api/vendor/laravel/framework/src/Illuminate/Pipeline/Pipeline.php(219): Illuminate\\Foundation\\Http\\Middleware\\ConvertEmptyStringsToNull->handle()
#33 /home/mtsdrf/workspace/pegaticket-saas/api/vendor/laravel/framework/src/Illuminate/Foundation/Http/Middleware/TransformsRequest.php(21): Illuminate\\Pipeline\\Pipeline->{closure:{closure:Illuminate\\Pipeline\\Pipeline::carry():194}:195}()
#34 /home/mtsdrf/workspace/pegaticket-saas/api/vendor/laravel/framework/src/Illuminate/Foundation/Http/Middleware/TrimStrings.php(51): Illuminate\\Foundation\\Http\\Middleware\\TransformsRequest->handle()
#35 /home/mtsdrf/workspace/pegaticket-saas/api/vendor/laravel/framework/src/Illuminate/Pipeline/Pipeline.php(219): Illuminate\\Foundation\\Http\\Middleware\\TrimStrings->handle()
#36 /home/mtsdrf/workspace/pegaticket-saas/api/vendor/laravel/framework/src/Illuminate/Http/Middleware/ValidatePostSize.php(27): Illuminate\\Pipeline\\Pipeline->{closure:{closure:Illuminate\\Pipeline\\Pipeline::carry():194}:195}()
#37 /home/mtsdrf/workspace/pegaticket-saas/api/vendor/laravel/framework/src/Illuminate/Pipeline/Pipeline.php(219): Illuminate\\Http\\Middleware\\ValidatePostSize->handle()
#38 /home/mtsdrf/workspace/pegaticket-saas/api/vendor/laravel/framework/src/Illuminate/Foundation/Http/Middleware/PreventRequestsDuringMaintenance.php(109): Illuminate\\Pipeline\\Pipeline->{closure:{closure:Illuminate\\Pipeline\\Pipeline::carry():194}:195}()
#39 /home/mtsdrf/workspace/pegaticket-saas/api/vendor/laravel/framework/src/Illuminate/Pipeline/Pipeline.php(219): Illuminate\\Foundation\\Http\\Middleware\\PreventRequestsDuringMaintenance->handle()
#40 /home/mtsdrf/workspace/pegaticket-saas/api/vendor/laravel/framework/src/Illuminate/Http/Middleware/HandleCors.php(74): Illuminate\\Pipeline\\Pipeline->{closure:{closure:Illuminate\\Pipeline\\Pipeline::carry():194}:195}()
#41 /home/mtsdrf/workspace/pegaticket-saas/api/vendor/laravel/framework/src/Illuminate/Pipeline/Pipeline.php(219): Illuminate\\Http\\Middleware\\HandleCors->handle()
#42 /home/mtsdrf/workspace/pegaticket-saas/api/vendor/laravel/framework/src/Illuminate/Http/Middleware/TrustProxies.php(58): Illuminate\\Pipeline\\Pipeline->{closure:{closure:Illuminate\\Pipeline\\Pipeline::carry():194}:195}()
#43 /home/mtsdrf/workspace/pegaticket-saas/api/vendor/laravel/framework/src/Illuminate/Pipeline/Pipeline.php(219): Illuminate\\Http\\Middleware\\TrustProxies->handle()
#44 /home/mtsdrf/workspace/pegaticket-saas/api/vendor/laravel/framework/src/Illuminate/Foundation/Http/Middleware/InvokeDeferredCallbacks.php(22): Illuminate\\Pipeline\\Pipeline->{closure:{closure:Illuminate\\Pipeline\\Pipeline::carry():194}:195}()
#45 /home/mtsdrf/workspace/pegaticket-saas/api/vendor/laravel/framework/src/Illuminate/Pipeline/Pipeline.php(219): Illuminate\\Foundation\\Http\\Middleware\\InvokeDeferredCallbacks->handle()
#46 /home/mtsdrf/workspace/pegaticket-saas/api/vendor/laravel/framework/src/Illuminate/Http/Middleware/ValidatePathEncoding.php(28): Illuminate\\Pipeline\\Pipeline->{closure:{closure:Illuminate\\Pipeline\\Pipeline::carry():194}:195}()
#47 /home/mtsdrf/workspace/pegaticket-saas/api/vendor/laravel/framework/src/Illuminate/Pipeline/Pipeline.php(219): Illuminate\\Http\\Middleware\\ValidatePathEncoding->handle()
#48 /home/mtsdrf/workspace/pegaticket-saas/api/vendor/laravel/framework/src/Illuminate/Pipeline/Pipeline.php(137): Illuminate\\Pipeline\\Pipeline->{closure:{closure:Illuminate\\Pipeline\\Pipeline::carry():194}:195}()
#49 /home/mtsdrf/workspace/pegaticket-saas/api/vendor/laravel/framework/src/Illuminate/Foundation/Http/Kernel.php(175): Illuminate\\Pipeline\\Pipeline->then()
#50 /home/mtsdrf/workspace/pegaticket-saas/api/vendor/laravel/framework/src/Illuminate/Foundation/Http/Kernel.php(144): Illuminate\\Foundation\\Http\\Kernel->sendRequestThroughRouter()
#51 /home/mtsdrf/workspace/pegaticket-saas/api/vendor/laravel/framework/src/Illuminate/Foundation/Testing/Concerns/MakesHttpRequests.php(638): Illuminate\\Foundation\\Http\\Kernel->handle()
#52 /home/mtsdrf/workspace/pegaticket-saas/api/vendor/laravel/framework/src/Illuminate/Foundation/Testing/Concerns/MakesHttpRequests.php(604): Illuminate\\Foundation\\Testing\\TestCase->call()
#53 /home/mtsdrf/workspace/pegaticket-saas/api/vendor/laravel/framework/src/Illuminate/Foundation/Testing/Concerns/MakesHttpRequests.php(471): Illuminate\\Foundation\\Testing\\TestCase->json()
#54 /home/mtsdrf/workspace/pegaticket-saas/api/tests/Feature/Sales/SaleTest.php(299): Illuminate\\Foundation\\Testing\\TestCase->patchJson()
#55 /home/mtsdrf/workspace/pegaticket-saas/api/vendor/phpunit/phpunit/src/Framework/TestCase.php(1318): Tests\\Feature\\Sales\\SaleTest->paying_last_installment_cascades_to_order_paid_and_delivered()
#56 /home/mtsdrf/workspace/pegaticket-saas/api/vendor/phpunit/phpunit/src/Framework/TestCase.php(1355): PHPUnit\\Framework\\TestCase->invokeTestMethod()
#57 /home/mtsdrf/workspace/pegaticket-saas/api/vendor/phpunit/phpunit/src/Framework/TestCase.php(521): PHPUnit\\Framework\\TestCase->runTest()
#58 /home/mtsdrf/workspace/pegaticket-saas/api/vendor/phpunit/phpunit/src/Framework/TestRunner/TestRunner.php(99): PHPUnit\\Framework\\TestCase->runBare()
#59 /home/mtsdrf/workspace/pegaticket-saas/api/vendor/phpunit/phpunit/src/Framework/TestCase.php(361): PHPUnit\\Framework\\TestRunner->run()
#60 /home/mtsdrf/workspace/pegaticket-saas/api/vendor/phpunit/phpunit/src/Framework/TestSuite.php(374): PHPUnit\\Framework\\TestCase->run()
#61 /home/mtsdrf/workspace/pegaticket-saas/api/vendor/phpunit/phpunit/src/Framework/TestSuite.php(374): PHPUnit\\Framework\\TestSuite->run()
#62 /home/mtsdrf/workspace/pegaticket-saas/api/vendor/phpunit/phpunit/src/Framework/TestSuite.php(374): PHPUnit\\Framework\\TestSuite->run()
#63 /home/mtsdrf/workspace/pegaticket-saas/api/vendor/phpunit/phpunit/src/TextUI/TestRunner.php(64): PHPUnit\\Framework\\TestSuite->run()
#64 /home/mtsdrf/workspace/pegaticket-saas/api/vendor/phpunit/phpunit/src/TextUI/Application.php(229): PHPUnit\\TextUI\\TestRunner->run()
#65 /home/mtsdrf/workspace/pegaticket-saas/api/vendor/phpunit/phpunit/phpunit(104): PHPUnit\\TextUI\\Application->run()
#66 {main}
"} 
[2026-08-01 16:52:19] testing.ERROR: App\Http\Controllers\Sale\SaleController::payInstallment(): Argument #3 ($installment) must be of type App\Models\Sale\SaleInstallment, string given, called in /home/mtsdrf/workspace/pegaticket-saas/api/vendor/laravel/framework/src/Illuminate/Routing/ControllerDispatcher.php on line 46 {"userId":1,"exception":"[object] (TypeError(code: 0): App\\Http\\Controllers\\Sale\\SaleController::payInstallment(): Argument #3 ($installment) must be of type App\\Models\\Sale\\SaleInstallment, string given, called in /home/mtsdrf/workspace/pegaticket-saas/api/vendor/laravel/framework/src/Illuminate/Routing/ControllerDispatcher.php on line 46 at /home/mtsdrf/workspace/pegaticket-saas/api/app/Http/Controllers/Sale/SaleController.php:310)
[stacktrace]
#0 /home/mtsdrf/workspace/pegaticket-saas/api/vendor/laravel/framework/src/Illuminate/Routing/ControllerDispatcher.php(46): App\\Http\\Controllers\\Sale\\SaleController->payInstallment()
#1 /home/mtsdrf/workspace/pegaticket-saas/api/vendor/laravel/framework/src/Illuminate/Routing/Route.php(276): Illuminate\\Routing\\ControllerDispatcher->dispatch()
#2 /home/mtsdrf/workspace/pegaticket-saas/api/vendor/laravel/framework/src/Illuminate/Routing/Route.php(216): Illuminate\\Routing\\Route->runController()
#3 /home/mtsdrf/workspace/pegaticket-saas/api/vendor/laravel/framework/src/Illuminate/Routing/Router.php(822): Illuminate\\Routing\\Route->run()
#4 /home/mtsdrf/workspace/pegaticket-saas/api/vendor/laravel/framework/src/Illuminate/Pipeline/Pipeline.php(180): Illuminate\\Routing\\Router->{closure:Illuminate\\Routing\\Router::runRouteWithinStack():821}()
#5 /home/mtsdrf/workspace/pegaticket-saas/api/app/Http/Middleware/ThrottleRequests.php(45): Illuminate\\Pipeline\\Pipeline->{closure:Illuminate\\Pipeline\\Pipeline::prepareDestination():178}()
#6 /home/mtsdrf/workspace/pegaticket-saas/api/vendor/laravel/framework/src/Illuminate/Pipeline/Pipeline.php(219): App\\Http\\Middleware\\ThrottleRequests->handle()
#7 /home/mtsdrf/workspace/pegaticket-saas/api/app/Http/Middleware/CheckPermission.php(58): Illuminate\\Pipeline\\Pipeline->{closure:{closure:Illuminate\\Pipeline\\Pipeline::carry():194}:195}()
#8 /home/mtsdrf/workspace/pegaticket-saas/api/vendor/laravel/framework/src/Illuminate/Pipeline/Pipeline.php(219): App\\Http\\Middleware\\CheckPermission->handle()
#9 /home/mtsdrf/workspace/pegaticket-saas/api/app/Http/Middleware/ResolveTenant.php(66): Illuminate\\Pipeline\\Pipeline->{closure:{closure:Illuminate\\Pipeline\\Pipeline::carry():194}:195}()
#10 /home/mtsdrf/workspace/pegaticket-saas/api/vendor/laravel/framework/src/Illuminate/Pipeline/Pipeline.php(219): App\\Http\\Middleware\\ResolveTenant->handle()
#11 /home/mtsdrf/workspace/pegaticket-saas/api/app/Http/Middleware/JwtAccessMiddleware.php(67): Illuminate\\Pipeline\\Pipeline->{closure:{closure:Illuminate\\Pipeline\\Pipeline::carry():194}:195}()
#12 /home/mtsdrf/workspace/pegaticket-saas/api/vendor/laravel/framework/src/Illuminate/Pipeline/Pipeline.php(219): App\\Http\\Middleware\\JwtAccessMiddleware->handle()
#13 /home/mtsdrf/workspace/pegaticket-saas/api/vendor/laravel/framework/src/Illuminate/Routing/Middleware/SubstituteBindings.php(52): Illuminate\\Pipeline\\Pipeline->{closure:{closure:Illuminate\\Pipeline\\Pipeline::carry():194}:195}()
#14 /home/mtsdrf/workspace/pegaticket-saas/api/vendor/laravel/framework/src/Illuminate/Pipeline/Pipeline.php(219): Illuminate\\Routing\\Middleware\\SubstituteBindings->handle()
#15 /home/mtsdrf/workspace/pegaticket-saas/api/vendor/laravel/framework/src/Illuminate/Pipeline/Pipeline.php(137): Illuminate\\Pipeline\\Pipeline->{closure:{closure:Illuminate\\Pipeline\\Pipeline::carry():194}:195}()
#16 /home/mtsdrf/workspace/pegaticket-saas/api/vendor/laravel/framework/src/Illuminate/Routing/Router.php(821): Illuminate\\Pipeline\\Pipeline->then()
#17 /home/mtsdrf/workspace/pegaticket-saas/api/vendor/laravel/framework/src/Illuminate/Routing/Router.php(800): Illuminate\\Routing\\Router->runRouteWithinStack()
#18 /home/mtsdrf/workspace/pegaticket-saas/api/vendor/laravel/framework/src/Illuminate/Routing/Router.php(764): Illuminate\\Routing\\Router->runRoute()
#19 /home/mtsdrf/workspace/pegaticket-saas/api/vendor/laravel/framework/src/Illuminate/Routing/Router.php(753): Illuminate\\Routing\\Router->dispatchToRoute()
#20 /home/mtsdrf/workspace/pegaticket-saas/api/vendor/laravel/framework/src/Illuminate/Foundation/Http/Kernel.php(200): Illuminate\\Routing\\Router->dispatch()
#21 /home/mtsdrf/workspace/pegaticket-saas/api/vendor/laravel/framework/src/Illuminate/Pipeline/Pipeline.php(180): Illuminate\\Foundation\\Http\\Kernel->{closure:Illuminate\\Foundation\\Http\\Kernel::dispatchToRouter():197}()
#22 /home/mtsdrf/workspace/pegaticket-saas/api/app/Http/Middleware/SetLocale.php(17): Illuminate\\Pipeline\\Pipeline->{closure:Illuminate\\Pipeline\\Pipeline::prepareDestination():178}()
#23 /home/mtsdrf/workspace/pegaticket-saas/api/vendor/laravel/framework/src/Illuminate/Pipeline/Pipeline.php(219): App\\Http\\Middleware\\SetLocale->handle()
#24 /home/mtsdrf/workspace/pegaticket-saas/api/app/Http/Middleware/ApplicationRequestLogger.php(15): Illuminate\\Pipeline\\Pipeline->{closure:{closure:Illuminate\\Pipeline\\Pipeline::carry():194}:195}()
#25 /home/mtsdrf/workspace/pegaticket-saas/api/vendor/laravel/framework/src/Illuminate/Pipeline/Pipeline.php(219): App\\Http\\Middleware\\ApplicationRequestLogger->handle()
#26 /home/mtsdrf/workspace/pegaticket-saas/api/app/Http/Middleware/RequestId.php(16): Illuminate\\Pipeline\\Pipeline->{closure:{closure:Illuminate\\Pipeline\\Pipeline::carry():194}:195}()
#27 /home/mtsdrf/workspace/pegaticket-saas/api/vendor/laravel/framework/src/Illuminate/Pipeline/Pipeline.php(219): App\\Http\\Middleware\\RequestId->handle()
#28 /home/mtsdrf/workspace/pegaticket-saas/api/app/Http/Middleware/ApiHardening.php(14): Illuminate\\Pipeline\\Pipeline->{closure:{closure:Illuminate\\Pipeline\\Pipeline::carry():194}:195}()
#29 /home/mtsdrf/workspace/pegaticket-saas/api/vendor/laravel/framework/src/Illuminate/Pipeline/Pipeline.php(219): App\\Http\\Middleware\\ApiHardening->handle()
#30 /home/mtsdrf/workspace/pegaticket-saas/api/vendor/laravel/framework/src/Illuminate/Foundation/Http/Middleware/TransformsRequest.php(21): Illuminate\\Pipeline\\Pipeline->{closure:{closure:Illuminate\\Pipeline\\Pipeline::carry():194}:195}()
#31 /home/mtsdrf/workspace/pegaticket-saas/api/vendor/laravel/framework/src/Illuminate/Foundation/Http/Middleware/ConvertEmptyStringsToNull.php(31): Illuminate\\Foundation\\Http\\Middleware\\TransformsRequest->handle()
#32 /home/mtsdrf/workspace/pegaticket-saas/api/vendor/laravel/framework/src/Illuminate/Pipeline/Pipeline.php(219): Illuminate\\Foundation\\Http\\Middleware\\ConvertEmptyStringsToNull->handle()
#33 /home/mtsdrf/workspace/pegaticket-saas/api/vendor/laravel/framework/src/Illuminate/Foundation/Http/Middleware/TransformsRequest.php(21): Illuminate\\Pipeline\\Pipeline->{closure:{closure:Illuminate\\Pipeline\\Pipeline::carry():194}:195}()
#34 /home/mtsdrf/workspace/pegaticket-saas/api/vendor/laravel/framework/src/Illuminate/Foundation/Http/Middleware/TrimStrings.php(51): Illuminate\\Foundation\\Http\\Middleware\\TransformsRequest->handle()
#35 /home/mtsdrf/workspace/pegaticket-saas/api/vendor/laravel/framework/src/Illuminate/Pipeline/Pipeline.php(219): Illuminate\\Foundation\\Http\\Middleware\\TrimStrings->handle()
#36 /home/mtsdrf/workspace/pegaticket-saas/api/vendor/laravel/framework/src/Illuminate/Http/Middleware/ValidatePostSize.php(27): Illuminate\\Pipeline\\Pipeline->{closure:{closure:Illuminate\\Pipeline\\Pipeline::carry():194}:195}()
#37 /home/mtsdrf/workspace/pegaticket-saas/api/vendor/laravel/framework/src/Illuminate/Pipeline/Pipeline.php(219): Illuminate\\Http\\Middleware\\ValidatePostSize->handle()
#38 /home/mtsdrf/workspace/pegaticket-saas/api/vendor/laravel/framework/src/Illuminate/Foundation/Http/Middleware/PreventRequestsDuringMaintenance.php(109): Illuminate\\Pipeline\\Pipeline->{closure:{closure:Illuminate\\Pipeline\\Pipeline::carry():194}:195}()
#39 /home/mtsdrf/workspace/pegaticket-saas/api/vendor/laravel/framework/src/Illuminate/Pipeline/Pipeline.php(219): Illuminate\\Foundation\\Http\\Middleware\\PreventRequestsDuringMaintenance->handle()
#40 /home/mtsdrf/workspace/pegaticket-saas/api/vendor/laravel/framework/src/Illuminate/Http/Middleware/HandleCors.php(74): Illuminate\\Pipeline\\Pipeline->{closure:{closure:Illuminate\\Pipeline\\Pipeline::carry():194}:195}()
#41 /home/mtsdrf/workspace/pegaticket-saas/api/vendor/laravel/framework/src/Illuminate/Pipeline/Pipeline.php(219): Illuminate\\Http\\Middleware\\HandleCors->handle()
#42 /home/mtsdrf/workspace/pegaticket-saas/api/vendor/laravel/framework/src/Illuminate/Http/Middleware/TrustProxies.php(58): Illuminate\\Pipeline\\Pipeline->{closure:{closure:Illuminate\\Pipeline\\Pipeline::carry():194}:195}()
#43 /home/mtsdrf/workspace/pegaticket-saas/api/vendor/laravel/framework/src/Illuminate/Pipeline/Pipeline.php(219): Illuminate\\Http\\Middleware\\TrustProxies->handle()
#44 /home/mtsdrf/workspace/pegaticket-saas/api/vendor/laravel/framework/src/Illuminate/Foundation/Http/Middleware/InvokeDeferredCallbacks.php(22): Illuminate\\Pipeline\\Pipeline->{closure:{closure:Illuminate\\Pipeline\\Pipeline::carry():194}:195}()
#45 /home/mtsdrf/workspace/pegaticket-saas/api/vendor/laravel/framework/src/Illuminate/Pipeline/Pipeline.php(219): Illuminate\\Foundation\\Http\\Middleware\\InvokeDeferredCallbacks->handle()
#46 /home/mtsdrf/workspace/pegaticket-saas/api/vendor/laravel/framework/src/Illuminate/Http/Middleware/ValidatePathEncoding.php(28): Illuminate\\Pipeline\\Pipeline->{closure:{closure:Illuminate\\Pipeline\\Pipeline::carry():194}:195}()
#47 /home/mtsdrf/workspace/pegaticket-saas/api/vendor/laravel/framework/src/Illuminate/Pipeline/Pipeline.php(219): Illuminate\\Http\\Middleware\\ValidatePathEncoding->handle()
#48 /home/mtsdrf/workspace/pegaticket-saas/api/vendor/laravel/framework/src/Illuminate/Pipeline/Pipeline.php(137): Illuminate\\Pipeline\\Pipeline->{closure:{closure:Illuminate\\Pipeline\\Pipeline::carry():194}:195}()
#49 /home/mtsdrf/workspace/pegaticket-saas/api/vendor/laravel/framework/src/Illuminate/Foundation/Http/Kernel.php(175): Illuminate\\Pipeline\\Pipeline->then()
#50 /home/mtsdrf/workspace/pegaticket-saas/api/vendor/laravel/framework/src/Illuminate/Foundation/Http/Kernel.php(144): Illuminate\\Foundation\\Http\\Kernel->sendRequestThroughRouter()
#51 /home/mtsdrf/workspace/pegaticket-saas/api/vendor/laravel/framework/src/Illuminate/Foundation/Testing/Concerns/MakesHttpRequests.php(638): Illuminate\\Foundation\\Http\\Kernel->handle()
#52 /home/mtsdrf/workspace/pegaticket-saas/api/vendor/laravel/framework/src/Illuminate/Foundation/Testing/Concerns/MakesHttpRequests.php(604): Illuminate\\Foundation\\Testing\\TestCase->call()
#53 /home/mtsdrf/workspace/pegaticket-saas/api/vendor/laravel/framework/src/Illuminate/Foundation/Testing/Concerns/MakesHttpRequests.php(471): Illuminate\\Foundation\\Testing\\TestCase->json()
#54 /home/mtsdrf/workspace/pegaticket-saas/api/tests/Feature/Sales/SaleTest.php(418): Illuminate\\Foundation\\Testing\\TestCase->patchJson()
#55 /home/mtsdrf/workspace/pegaticket-saas/api/vendor/phpunit/phpunit/src/Framework/TestCase.php(1318): Tests\\Feature\\Sales\\SaleTest->paying_last_installment_with_explicit_paid_at_reflects_on_order_paid_at()
#56 /home/mtsdrf/workspace/pegaticket-saas/api/vendor/phpunit/phpunit/src/Framework/TestCase.php(1355): PHPUnit\\Framework\\TestCase->invokeTestMethod()
#57 /home/mtsdrf/workspace/pegaticket-saas/api/vendor/phpunit/phpunit/src/Framework/TestCase.php(521): PHPUnit\\Framework\\TestCase->runTest()
#58 /home/mtsdrf/workspace/pegaticket-saas/api/vendor/phpunit/phpunit/src/Framework/TestRunner/TestRunner.php(99): PHPUnit\\Framework\\TestCase->runBare()
#59 /home/mtsdrf/workspace/pegaticket-saas/api/vendor/phpunit/phpunit/src/Framework/TestCase.php(361): PHPUnit\\Framework\\TestRunner->run()
#60 /home/mtsdrf/workspace/pegaticket-saas/api/vendor/phpunit/phpunit/src/Framework/TestSuite.php(374): PHPUnit\\Framework\\TestCase->run()
#61 /home/mtsdrf/workspace/pegaticket-saas/api/vendor/phpunit/phpunit/src/Framework/TestSuite.php(374): PHPUnit\\Framework\\TestSuite->run()
#62 /home/mtsdrf/workspace/pegaticket-saas/api/vendor/phpunit/phpunit/src/Framework/TestSuite.php(374): PHPUnit\\Framework\\TestSuite->run()
#63 /home/mtsdrf/workspace/pegaticket-saas/api/vendor/phpunit/phpunit/src/TextUI/TestRunner.php(64): PHPUnit\\Framework\\TestSuite->run()
#64 /home/mtsdrf/workspace/pegaticket-saas/api/vendor/phpunit/phpunit/src/TextUI/Application.php(229): PHPUnit\\TextUI\\TestRunner->run()
#65 /home/mtsdrf/workspace/pegaticket-saas/api/vendor/phpunit/phpunit/phpunit(104): PHPUnit\\TextUI\\Application->run()
#66 {main}
"} 
[2026-08-01 16:52:19] testing.ERROR: App\Http\Controllers\Sale\SaleController::payInstallment(): Argument #3 ($installment) must be of type App\Models\Sale\SaleInstallment, string given, called in /home/mtsdrf/workspace/pegaticket-saas/api/vendor/laravel/framework/src/Illuminate/Routing/ControllerDispatcher.php on line 46 {"userId":1,"exception":"[object] (TypeError(code: 0): App\\Http\\Controllers\\Sale\\SaleController::payInstallment(): Argument #3 ($installment) must be of type App\\Models\\Sale\\SaleInstallment, string given, called in /home/mtsdrf/workspace/pegaticket-saas/api/vendor/laravel/framework/src/Illuminate/Routing/ControllerDispatcher.php on line 46 at /home/mtsdrf/workspace/pegaticket-saas/api/app/Http/Controllers/Sale/SaleController.php:310)
[stacktrace]
#0 /home/mtsdrf/workspace/pegaticket-saas/api/vendor/laravel/framework/src/Illuminate/Routing/ControllerDispatcher.php(46): App\\Http\\Controllers\\Sale\\SaleController->payInstallment()
#1 /home/mtsdrf/workspace/pegaticket-saas/api/vendor/laravel/framework/src/Illuminate/Routing/Route.php(276): Illuminate\\Routing\\ControllerDispatcher->dispatch()
#2 /home/mtsdrf/workspace/pegaticket-saas/api/vendor/laravel/framework/src/Illuminate/Routing/Route.php(216): Illuminate\\Routing\\Route->runController()
#3 /home/mtsdrf/workspace/pegaticket-saas/api/vendor/laravel/framework/src/Illuminate/Routing/Router.php(822): Illuminate\\Routing\\Route->run()
#4 /home/mtsdrf/workspace/pegaticket-saas/api/vendor/laravel/framework/src/Illuminate/Pipeline/Pipeline.php(180): Illuminate\\Routing\\Router->{closure:Illuminate\\Routing\\Router::runRouteWithinStack():821}()
#5 /home/mtsdrf/workspace/pegaticket-saas/api/app/Http/Middleware/ThrottleRequests.php(45): Illuminate\\Pipeline\\Pipeline->{closure:Illuminate\\Pipeline\\Pipeline::prepareDestination():178}()
#6 /home/mtsdrf/workspace/pegaticket-saas/api/vendor/laravel/framework/src/Illuminate/Pipeline/Pipeline.php(219): App\\Http\\Middleware\\ThrottleRequests->handle()
#7 /home/mtsdrf/workspace/pegaticket-saas/api/app/Http/Middleware/CheckPermission.php(58): Illuminate\\Pipeline\\Pipeline->{closure:{closure:Illuminate\\Pipeline\\Pipeline::carry():194}:195}()
#8 /home/mtsdrf/workspace/pegaticket-saas/api/vendor/laravel/framework/src/Illuminate/Pipeline/Pipeline.php(219): App\\Http\\Middleware\\CheckPermission->handle()
#9 /home/mtsdrf/workspace/pegaticket-saas/api/app/Http/Middleware/ResolveTenant.php(66): Illuminate\\Pipeline\\Pipeline->{closure:{closure:Illuminate\\Pipeline\\Pipeline::carry():194}:195}()
#10 /home/mtsdrf/workspace/pegaticket-saas/api/vendor/laravel/framework/src/Illuminate/Pipeline/Pipeline.php(219): App\\Http\\Middleware\\ResolveTenant->handle()
#11 /home/mtsdrf/workspace/pegaticket-saas/api/app/Http/Middleware/JwtAccessMiddleware.php(67): Illuminate\\Pipeline\\Pipeline->{closure:{closure:Illuminate\\Pipeline\\Pipeline::carry():194}:195}()
#12 /home/mtsdrf/workspace/pegaticket-saas/api/vendor/laravel/framework/src/Illuminate/Pipeline/Pipeline.php(219): App\\Http\\Middleware\\JwtAccessMiddleware->handle()
#13 /home/mtsdrf/workspace/pegaticket-saas/api/vendor/laravel/framework/src/Illuminate/Routing/Middleware/SubstituteBindings.php(52): Illuminate\\Pipeline\\Pipeline->{closure:{closure:Illuminate\\Pipeline\\Pipeline::carry():194}:195}()
#14 /home/mtsdrf/workspace/pegaticket-saas/api/vendor/laravel/framework/src/Illuminate/Pipeline/Pipeline.php(219): Illuminate\\Routing\\Middleware\\SubstituteBindings->handle()
#15 /home/mtsdrf/workspace/pegaticket-saas/api/vendor/laravel/framework/src/Illuminate/Pipeline/Pipeline.php(137): Illuminate\\Pipeline\\Pipeline->{closure:{closure:Illuminate\\Pipeline\\Pipeline::carry():194}:195}()
#16 /home/mtsdrf/workspace/pegaticket-saas/api/vendor/laravel/framework/src/Illuminate/Routing/Router.php(821): Illuminate\\Pipeline\\Pipeline->then()
#17 /home/mtsdrf/workspace/pegaticket-saas/api/vendor/laravel/framework/src/Illuminate/Routing/Router.php(800): Illuminate\\Routing\\Router->runRouteWithinStack()
#18 /home/mtsdrf/workspace/pegaticket-saas/api/vendor/laravel/framework/src/Illuminate/Routing/Router.php(764): Illuminate\\Routing\\Router->runRoute()
#19 /home/mtsdrf/workspace/pegaticket-saas/api/vendor/laravel/framework/src/Illuminate/Routing/Router.php(753): Illuminate\\Routing\\Router->dispatchToRoute()
#20 /home/mtsdrf/workspace/pegaticket-saas/api/vendor/laravel/framework/src/Illuminate/Foundation/Http/Kernel.php(200): Illuminate\\Routing\\Router->dispatch()
#21 /home/mtsdrf/workspace/pegaticket-saas/api/vendor/laravel/framework/src/Illuminate/Pipeline/Pipeline.php(180): Illuminate\\Foundation\\Http\\Kernel->{closure:Illuminate\\Foundation\\Http\\Kernel::dispatchToRouter():197}()
#22 /home/mtsdrf/workspace/pegaticket-saas/api/app/Http/Middleware/SetLocale.php(17): Illuminate\\Pipeline\\Pipeline->{closure:Illuminate\\Pipeline\\Pipeline::prepareDestination():178}()
#23 /home/mtsdrf/workspace/pegaticket-saas/api/vendor/laravel/framework/src/Illuminate/Pipeline/Pipeline.php(219): App\\Http\\Middleware\\SetLocale->handle()
#24 /home/mtsdrf/workspace/pegaticket-saas/api/app/Http/Middleware/ApplicationRequestLogger.php(15): Illuminate\\Pipeline\\Pipeline->{closure:{closure:Illuminate\\Pipeline\\Pipeline::carry():194}:195}()
#25 /home/mtsdrf/workspace/pegaticket-saas/api/vendor/laravel/framework/src/Illuminate/Pipeline/Pipeline.php(219): App\\Http\\Middleware\\ApplicationRequestLogger->handle()
#26 /home/mtsdrf/workspace/pegaticket-saas/api/app/Http/Middleware/RequestId.php(16): Illuminate\\Pipeline\\Pipeline->{closure:{closure:Illuminate\\Pipeline\\Pipeline::carry():194}:195}()
#27 /home/mtsdrf/workspace/pegaticket-saas/api/vendor/laravel/framework/src/Illuminate/Pipeline/Pipeline.php(219): App\\Http\\Middleware\\RequestId->handle()
#28 /home/mtsdrf/workspace/pegaticket-saas/api/app/Http/Middleware/ApiHardening.php(14): Illuminate\\Pipeline\\Pipeline->{closure:{closure:Illuminate\\Pipeline\\Pipeline::carry():194}:195}()
#29 /home/mtsdrf/workspace/pegaticket-saas/api/vendor/laravel/framework/src/Illuminate/Pipeline/Pipeline.php(219): App\\Http\\Middleware\\ApiHardening->handle()
#30 /home/mtsdrf/workspace/pegaticket-saas/api/vendor/laravel/framework/src/Illuminate/Foundation/Http/Middleware/TransformsRequest.php(21): Illuminate\\Pipeline\\Pipeline->{closure:{closure:Illuminate\\Pipeline\\Pipeline::carry():194}:195}()
#31 /home/mtsdrf/workspace/pegaticket-saas/api/vendor/laravel/framework/src/Illuminate/Foundation/Http/Middleware/ConvertEmptyStringsToNull.php(31): Illuminate\\Foundation\\Http\\Middleware\\TransformsRequest->handle()
#32 /home/mtsdrf/workspace/pegaticket-saas/api/vendor/laravel/framework/src/Illuminate/Pipeline/Pipeline.php(219): Illuminate\\Foundation\\Http\\Middleware\\ConvertEmptyStringsToNull->handle()
#33 /home/mtsdrf/workspace/pegaticket-saas/api/vendor/laravel/framework/src/Illuminate/Foundation/Http/Middleware/TransformsRequest.php(21): Illuminate\\Pipeline\\Pipeline->{closure:{closure:Illuminate\\Pipeline\\Pipeline::carry():194}:195}()
#34 /home/mtsdrf/workspace/pegaticket-saas/api/vendor/laravel/framework/src/Illuminate/Foundation/Http/Middleware/TrimStrings.php(51): Illuminate\\Foundation\\Http\\Middleware\\TransformsRequest->handle()
#35 /home/mtsdrf/workspace/pegaticket-saas/api/vendor/laravel/framework/src/Illuminate/Pipeline/Pipeline.php(219): Illuminate\\Foundation\\Http\\Middleware\\TrimStrings->handle()
#36 /home/mtsdrf/workspace/pegaticket-saas/api/vendor/laravel/framework/src/Illuminate/Http/Middleware/ValidatePostSize.php(27): Illuminate\\Pipeline\\Pipeline->{closure:{closure:Illuminate\\Pipeline\\Pipeline::carry():194}:195}()
#37 /home/mtsdrf/workspace/pegaticket-saas/api/vendor/laravel/framework/src/Illuminate/Pipeline/Pipeline.php(219): Illuminate\\Http\\Middleware\\ValidatePostSize->handle()
#38 /home/mtsdrf/workspace/pegaticket-saas/api/vendor/laravel/framework/src/Illuminate/Foundation/Http/Middleware/PreventRequestsDuringMaintenance.php(109): Illuminate\\Pipeline\\Pipeline->{closure:{closure:Illuminate\\Pipeline\\Pipeline::carry():194}:195}()
#39 /home/mtsdrf/workspace/pegaticket-saas/api/vendor/laravel/framework/src/Illuminate/Pipeline/Pipeline.php(219): Illuminate\\Foundation\\Http\\Middleware\\PreventRequestsDuringMaintenance->handle()
#40 /home/mtsdrf/workspace/pegaticket-saas/api/vendor/laravel/framework/src/Illuminate/Http/Middleware/HandleCors.php(74): Illuminate\\Pipeline\\Pipeline->{closure:{closure:Illuminate\\Pipeline\\Pipeline::carry():194}:195}()
#41 /home/mtsdrf/workspace/pegaticket-saas/api/vendor/laravel/framework/src/Illuminate/Pipeline/Pipeline.php(219): Illuminate\\Http\\Middleware\\HandleCors->handle()
#42 /home/mtsdrf/workspace/pegaticket-saas/api/vendor/laravel/framework/src/Illuminate/Http/Middleware/TrustProxies.php(58): Illuminate\\Pipeline\\Pipeline->{closure:{closure:Illuminate\\Pipeline\\Pipeline::carry():194}:195}()
#43 /home/mtsdrf/workspace/pegaticket-saas/api/vendor/laravel/framework/src/Illuminate/Pipeline/Pipeline.php(219): Illuminate\\Http\\Middleware\\TrustProxies->handle()
#44 /home/mtsdrf/workspace/pegaticket-saas/api/vendor/laravel/framework/src/Illuminate/Foundation/Http/Middleware/InvokeDeferredCallbacks.php(22): Illuminate\\Pipeline\\Pipeline->{closure:{closure:Illuminate\\Pipeline\\Pipeline::carry():194}:195}()
#45 /home/mtsdrf/workspace/pegaticket-saas/api/vendor/laravel/framework/src/Illuminate/Pipeline/Pipeline.php(219): Illuminate\\Foundation\\Http\\Middleware\\InvokeDeferredCallbacks->handle()
#46 /home/mtsdrf/workspace/pegaticket-saas/api/vendor/laravel/framework/src/Illuminate/Http/Middleware/ValidatePathEncoding.php(28): Illuminate\\Pipeline\\Pipeline->{closure:{closure:Illuminate\\Pipeline\\Pipeline::carry():194}:195}()
#47 /home/mtsdrf/workspace/pegaticket-saas/api/vendor/laravel/framework/src/Illuminate/Pipeline/Pipeline.php(219): Illuminate\\Http\\Middleware\\ValidatePathEncoding->handle()
#48 /home/mtsdrf/workspace/pegaticket-saas/api/vendor/laravel/framework/src/Illuminate/Pipeline/Pipeline.php(137): Illuminate\\Pipeline\\Pipeline->{closure:{closure:Illuminate\\Pipeline\\Pipeline::carry():194}:195}()
#49 /home/mtsdrf/workspace/pegaticket-saas/api/vendor/laravel/framework/src/Illuminate/Foundation/Http/Kernel.php(175): Illuminate\\Pipeline\\Pipeline->then()
#50 /home/mtsdrf/workspace/pegaticket-saas/api/vendor/laravel/framework/src/Illuminate/Foundation/Http/Kernel.php(144): Illuminate\\Foundation\\Http\\Kernel->sendRequestThroughRouter()
#51 /home/mtsdrf/workspace/pegaticket-saas/api/vendor/laravel/framework/src/Illuminate/Foundation/Testing/Concerns/MakesHttpRequests.php(638): Illuminate\\Foundation\\Http\\Kernel->handle()
#52 /home/mtsdrf/workspace/pegaticket-saas/api/vendor/laravel/framework/src/Illuminate/Foundation/Testing/Concerns/MakesHttpRequests.php(604): Illuminate\\Foundation\\Testing\\TestCase->call()
#53 /home/mtsdrf/workspace/pegaticket-saas/api/vendor/laravel/framework/src/Illuminate/Foundation/Testing/Concerns/MakesHttpRequests.php(471): Illuminate\\Foundation\\Testing\\TestCase->json()
#54 /home/mtsdrf/workspace/pegaticket-saas/api/tests/Feature/Sales/SaleTest.php(457): Illuminate\\Foundation\\Testing\\TestCase->patchJson()
#55 /home/mtsdrf/workspace/pegaticket-saas/api/vendor/phpunit/phpunit/src/Framework/TestCase.php(1318): Tests\\Feature\\Sales\\SaleTest->cancel_is_blocked_when_an_installment_is_already_paid()
#56 /home/mtsdrf/workspace/pegaticket-saas/api/vendor/phpunit/phpunit/src/Framework/TestCase.php(1355): PHPUnit\\Framework\\TestCase->invokeTestMethod()
#57 /home/mtsdrf/workspace/pegaticket-saas/api/vendor/phpunit/phpunit/src/Framework/TestCase.php(521): PHPUnit\\Framework\\TestCase->runTest()
#58 /home/mtsdrf/workspace/pegaticket-saas/api/vendor/phpunit/phpunit/src/Framework/TestRunner/TestRunner.php(99): PHPUnit\\Framework\\TestCase->runBare()
#59 /home/mtsdrf/workspace/pegaticket-saas/api/vendor/phpunit/phpunit/src/Framework/TestCase.php(361): PHPUnit\\Framework\\TestRunner->run()
#60 /home/mtsdrf/workspace/pegaticket-saas/api/vendor/phpunit/phpunit/src/Framework/TestSuite.php(374): PHPUnit\\Framework\\TestCase->run()
#61 /home/mtsdrf/workspace/pegaticket-saas/api/vendor/phpunit/phpunit/src/Framework/TestSuite.php(374): PHPUnit\\Framework\\TestSuite->run()
#62 /home/mtsdrf/workspace/pegaticket-saas/api/vendor/phpunit/phpunit/src/Framework/TestSuite.php(374): PHPUnit\\Framework\\TestSuite->run()
#63 /home/mtsdrf/workspace/pegaticket-saas/api/vendor/phpunit/phpunit/src/TextUI/TestRunner.php(64): PHPUnit\\Framework\\TestSuite->run()
#64 /home/mtsdrf/workspace/pegaticket-saas/api/vendor/phpunit/phpunit/src/TextUI/Application.php(229): PHPUnit\\TextUI\\TestRunner->run()
#65 /home/mtsdrf/workspace/pegaticket-saas/api/vendor/phpunit/phpunit/phpunit(104): PHPUnit\\TextUI\\Application->run()
#66 {main}
"} 
[2026-08-01 16:52:19] testing.ERROR: App\Http\Controllers\Sale\SaleController::payInstallment(): Argument #3 ($installment) must be of type App\Models\Sale\SaleInstallment, string given, called in /home/mtsdrf/workspace/pegaticket-saas/api/vendor/laravel/framework/src/Illuminate/Routing/ControllerDispatcher.php on line 46 {"userId":1,"exception":"[object] (TypeError(code: 0): App\\Http\\Controllers\\Sale\\SaleController::payInstallment(): Argument #3 ($installment) must be of type App\\Models\\Sale\\SaleInstallment, string given, called in /home/mtsdrf/workspace/pegaticket-saas/api/vendor/laravel/framework/src/Illuminate/Routing/ControllerDispatcher.php on line 46 at /home/mtsdrf/workspace/pegaticket-saas/api/app/Http/Controllers/Sale/SaleController.php:310)
[stacktrace]
#0 /home/mtsdrf/workspace/pegaticket-saas/api/vendor/laravel/framework/src/Illuminate/Routing/ControllerDispatcher.php(46): App\\Http\\Controllers\\Sale\\SaleController->payInstallment()
#1 /home/mtsdrf/workspace/pegaticket-saas/api/vendor/laravel/framework/src/Illuminate/Routing/Route.php(276): Illuminate\\Routing\\ControllerDispatcher->dispatch()
#2 /home/mtsdrf/workspace/pegaticket-saas/api/vendor/laravel/framework/src/Illuminate/Routing/Route.php(216): Illuminate\\Routing\\Route->runController()
#3 /home/mtsdrf/workspace/pegaticket-saas/api/vendor/laravel/framework/src/Illuminate/Routing/Router.php(822): Illuminate\\Routing\\Route->run()
#4 /home/mtsdrf/workspace/pegaticket-saas/api/vendor/laravel/framework/src/Illuminate/Pipeline/Pipeline.php(180): Illuminate\\Routing\\Router->{closure:Illuminate\\Routing\\Router::runRouteWithinStack():821}()
#5 /home/mtsdrf/workspace/pegaticket-saas/api/app/Http/Middleware/ThrottleRequests.php(45): Illuminate\\Pipeline\\Pipeline->{closure:Illuminate\\Pipeline\\Pipeline::prepareDestination():178}()
#6 /home/mtsdrf/workspace/pegaticket-saas/api/vendor/laravel/framework/src/Illuminate/Pipeline/Pipeline.php(219): App\\Http\\Middleware\\ThrottleRequests->handle()
#7 /home/mtsdrf/workspace/pegaticket-saas/api/app/Http/Middleware/CheckPermission.php(58): Illuminate\\Pipeline\\Pipeline->{closure:{closure:Illuminate\\Pipeline\\Pipeline::carry():194}:195}()
#8 /home/mtsdrf/workspace/pegaticket-saas/api/vendor/laravel/framework/src/Illuminate/Pipeline/Pipeline.php(219): App\\Http\\Middleware\\CheckPermission->handle()
#9 /home/mtsdrf/workspace/pegaticket-saas/api/app/Http/Middleware/ResolveTenant.php(66): Illuminate\\Pipeline\\Pipeline->{closure:{closure:Illuminate\\Pipeline\\Pipeline::carry():194}:195}()
#10 /home/mtsdrf/workspace/pegaticket-saas/api/vendor/laravel/framework/src/Illuminate/Pipeline/Pipeline.php(219): App\\Http\\Middleware\\ResolveTenant->handle()
#11 /home/mtsdrf/workspace/pegaticket-saas/api/app/Http/Middleware/JwtAccessMiddleware.php(67): Illuminate\\Pipeline\\Pipeline->{closure:{closure:Illuminate\\Pipeline\\Pipeline::carry():194}:195}()
#12 /home/mtsdrf/workspace/pegaticket-saas/api/vendor/laravel/framework/src/Illuminate/Pipeline/Pipeline.php(219): App\\Http\\Middleware\\JwtAccessMiddleware->handle()
#13 /home/mtsdrf/workspace/pegaticket-saas/api/vendor/laravel/framework/src/Illuminate/Routing/Middleware/SubstituteBindings.php(52): Illuminate\\Pipeline\\Pipeline->{closure:{closure:Illuminate\\Pipeline\\Pipeline::carry():194}:195}()
#14 /home/mtsdrf/workspace/pegaticket-saas/api/vendor/laravel/framework/src/Illuminate/Pipeline/Pipeline.php(219): Illuminate\\Routing\\Middleware\\SubstituteBindings->handle()
#15 /home/mtsdrf/workspace/pegaticket-saas/api/vendor/laravel/framework/src/Illuminate/Pipeline/Pipeline.php(137): Illuminate\\Pipeline\\Pipeline->{closure:{closure:Illuminate\\Pipeline\\Pipeline::carry():194}:195}()
#16 /home/mtsdrf/workspace/pegaticket-saas/api/vendor/laravel/framework/src/Illuminate/Routing/Router.php(821): Illuminate\\Pipeline\\Pipeline->then()
#17 /home/mtsdrf/workspace/pegaticket-saas/api/vendor/laravel/framework/src/Illuminate/Routing/Router.php(800): Illuminate\\Routing\\Router->runRouteWithinStack()
#18 /home/mtsdrf/workspace/pegaticket-saas/api/vendor/laravel/framework/src/Illuminate/Routing/Router.php(764): Illuminate\\Routing\\Router->runRoute()
#19 /home/mtsdrf/workspace/pegaticket-saas/api/vendor/laravel/framework/src/Illuminate/Routing/Router.php(753): Illuminate\\Routing\\Router->dispatchToRoute()
#20 /home/mtsdrf/workspace/pegaticket-saas/api/vendor/laravel/framework/src/Illuminate/Foundation/Http/Kernel.php(200): Illuminate\\Routing\\Router->dispatch()
#21 /home/mtsdrf/workspace/pegaticket-saas/api/vendor/laravel/framework/src/Illuminate/Pipeline/Pipeline.php(180): Illuminate\\Foundation\\Http\\Kernel->{closure:Illuminate\\Foundation\\Http\\Kernel::dispatchToRouter():197}()
#22 /home/mtsdrf/workspace/pegaticket-saas/api/app/Http/Middleware/SetLocale.php(17): Illuminate\\Pipeline\\Pipeline->{closure:Illuminate\\Pipeline\\Pipeline::prepareDestination():178}()
#23 /home/mtsdrf/workspace/pegaticket-saas/api/vendor/laravel/framework/src/Illuminate/Pipeline/Pipeline.php(219): App\\Http\\Middleware\\SetLocale->handle()
#24 /home/mtsdrf/workspace/pegaticket-saas/api/app/Http/Middleware/ApplicationRequestLogger.php(15): Illuminate\\Pipeline\\Pipeline->{closure:{closure:Illuminate\\Pipeline\\Pipeline::carry():194}:195}()
#25 /home/mtsdrf/workspace/pegaticket-saas/api/vendor/laravel/framework/src/Illuminate/Pipeline/Pipeline.php(219): App\\Http\\Middleware\\ApplicationRequestLogger->handle()
#26 /home/mtsdrf/workspace/pegaticket-saas/api/app/Http/Middleware/RequestId.php(16): Illuminate\\Pipeline\\Pipeline->{closure:{closure:Illuminate\\Pipeline\\Pipeline::carry():194}:195}()
#27 /home/mtsdrf/workspace/pegaticket-saas/api/vendor/laravel/framework/src/Illuminate/Pipeline/Pipeline.php(219): App\\Http\\Middleware\\RequestId->handle()
#28 /home/mtsdrf/workspace/pegaticket-saas/api/app/Http/Middleware/ApiHardening.php(14): Illuminate\\Pipeline\\Pipeline->{closure:{closure:Illuminate\\Pipeline\\Pipeline::carry():194}:195}()
#29 /home/mtsdrf/workspace/pegaticket-saas/api/vendor/laravel/framework/src/Illuminate/Pipeline/Pipeline.php(219): App\\Http\\Middleware\\ApiHardening->handle()
#30 /home/mtsdrf/workspace/pegaticket-saas/api/vendor/laravel/framework/src/Illuminate/Foundation/Http/Middleware/TransformsRequest.php(21): Illuminate\\Pipeline\\Pipeline->{closure:{closure:Illuminate\\Pipeline\\Pipeline::carry():194}:195}()
#31 /home/mtsdrf/workspace/pegaticket-saas/api/vendor/laravel/framework/src/Illuminate/Foundation/Http/Middleware/ConvertEmptyStringsToNull.php(31): Illuminate\\Foundation\\Http\\Middleware\\TransformsRequest->handle()
#32 /home/mtsdrf/workspace/pegaticket-saas/api/vendor/laravel/framework/src/Illuminate/Pipeline/Pipeline.php(219): Illuminate\\Foundation\\Http\\Middleware\\ConvertEmptyStringsToNull->handle()
#33 /home/mtsdrf/workspace/pegaticket-saas/api/vendor/laravel/framework/src/Illuminate/Foundation/Http/Middleware/TransformsRequest.php(21): Illuminate\\Pipeline\\Pipeline->{closure:{closure:Illuminate\\Pipeline\\Pipeline::carry():194}:195}()
#34 /home/mtsdrf/workspace/pegaticket-saas/api/vendor/laravel/framework/src/Illuminate/Foundation/Http/Middleware/TrimStrings.php(51): Illuminate\\Foundation\\Http\\Middleware\\TransformsRequest->handle()
#35 /home/mtsdrf/workspace/pegaticket-saas/api/vendor/laravel/framework/src/Illuminate/Pipeline/Pipeline.php(219): Illuminate\\Foundation\\Http\\Middleware\\TrimStrings->handle()
#36 /home/mtsdrf/workspace/pegaticket-saas/api/vendor/laravel/framework/src/Illuminate/Http/Middleware/ValidatePostSize.php(27): Illuminate\\Pipeline\\Pipeline->{closure:{closure:Illuminate\\Pipeline\\Pipeline::carry():194}:195}()
#37 /home/mtsdrf/workspace/pegaticket-saas/api/vendor/laravel/framework/src/Illuminate/Pipeline/Pipeline.php(219): Illuminate\\Http\\Middleware\\ValidatePostSize->handle()
#38 /home/mtsdrf/workspace/pegaticket-saas/api/vendor/laravel/framework/src/Illuminate/Foundation/Http/Middleware/PreventRequestsDuringMaintenance.php(109): Illuminate\\Pipeline\\Pipeline->{closure:{closure:Illuminate\\Pipeline\\Pipeline::carry():194}:195}()
#39 /home/mtsdrf/workspace/pegaticket-saas/api/vendor/laravel/framework/src/Illuminate/Pipeline/Pipeline.php(219): Illuminate\\Foundation\\Http\\Middleware\\PreventRequestsDuringMaintenance->handle()
#40 /home/mtsdrf/workspace/pegaticket-saas/api/vendor/laravel/framework/src/Illuminate/Http/Middleware/HandleCors.php(74): Illuminate\\Pipeline\\Pipeline->{closure:{closure:Illuminate\\Pipeline\\Pipeline::carry():194}:195}()
#41 /home/mtsdrf/workspace/pegaticket-saas/api/vendor/laravel/framework/src/Illuminate/Pipeline/Pipeline.php(219): Illuminate\\Http\\Middleware\\HandleCors->handle()
#42 /home/mtsdrf/workspace/pegaticket-saas/api/vendor/laravel/framework/src/Illuminate/Http/Middleware/TrustProxies.php(58): Illuminate\\Pipeline\\Pipeline->{closure:{closure:Illuminate\\Pipeline\\Pipeline::carry():194}:195}()
#43 /home/mtsdrf/workspace/pegaticket-saas/api/vendor/laravel/framework/src/Illuminate/Pipeline/Pipeline.php(219): Illuminate\\Http\\Middleware\\TrustProxies->handle()
#44 /home/mtsdrf/workspace/pegaticket-saas/api/vendor/laravel/framework/src/Illuminate/Foundation/Http/Middleware/InvokeDeferredCallbacks.php(22): Illuminate\\Pipeline\\Pipeline->{closure:{closure:Illuminate\\Pipeline\\Pipeline::carry():194}:195}()
#45 /home/mtsdrf/workspace/pegaticket-saas/api/vendor/laravel/framework/src/Illuminate/Pipeline/Pipeline.php(219): Illuminate\\Foundation\\Http\\Middleware\\InvokeDeferredCallbacks->handle()
#46 /home/mtsdrf/workspace/pegaticket-saas/api/vendor/laravel/framework/src/Illuminate/Http/Middleware/ValidatePathEncoding.php(28): Illuminate\\Pipeline\\Pipeline->{closure:{closure:Illuminate\\Pipeline\\Pipeline::carry():194}:195}()
#47 /home/mtsdrf/workspace/pegaticket-saas/api/vendor/laravel/framework/src/Illuminate/Pipeline/Pipeline.php(219): Illuminate\\Http\\Middleware\\ValidatePathEncoding->handle()
#48 /home/mtsdrf/workspace/pegaticket-saas/api/vendor/laravel/framework/src/Illuminate/Pipeline/Pipeline.php(137): Illuminate\\Pipeline\\Pipeline->{closure:{closure:Illuminate\\Pipeline\\Pipeline::carry():194}:195}()
#49 /home/mtsdrf/workspace/pegaticket-saas/api/vendor/laravel/framework/src/Illuminate/Foundation/Http/Kernel.php(175): Illuminate\\Pipeline\\Pipeline->then()
#50 /home/mtsdrf/workspace/pegaticket-saas/api/vendor/laravel/framework/src/Illuminate/Foundation/Http/Kernel.php(144): Illuminate\\Foundation\\Http\\Kernel->sendRequestThroughRouter()
#51 /home/mtsdrf/workspace/pegaticket-saas/api/vendor/laravel/framework/src/Illuminate/Foundation/Testing/Concerns/MakesHttpRequests.php(638): Illuminate\\Foundation\\Http\\Kernel->handle()
#52 /home/mtsdrf/workspace/pegaticket-saas/api/vendor/laravel/framework/src/Illuminate/Foundation/Testing/Concerns/MakesHttpRequests.php(604): Illuminate\\Foundation\\Testing\\TestCase->call()
#53 /home/mtsdrf/workspace/pegaticket-saas/api/vendor/laravel/framework/src/Illuminate/Foundation/Testing/Concerns/MakesHttpRequests.php(471): Illuminate\\Foundation\\Testing\\TestCase->json()
#54 /home/mtsdrf/workspace/pegaticket-saas/api/tests/Feature/Sales/SaleTest.php(789): Illuminate\\Foundation\\Testing\\TestCase->patchJson()
#55 /home/mtsdrf/workspace/pegaticket-saas/api/vendor/phpunit/phpunit/src/Framework/TestCase.php(1318): Tests\\Feature\\Sales\\SaleTest->unpay_installment_reverts_order_cascade_without_touching_delivery()
#56 /home/mtsdrf/workspace/pegaticket-saas/api/vendor/phpunit/phpunit/src/Framework/TestCase.php(1355): PHPUnit\\Framework\\TestCase->invokeTestMethod()
#57 /home/mtsdrf/workspace/pegaticket-saas/api/vendor/phpunit/phpunit/src/Framework/TestCase.php(521): PHPUnit\\Framework\\TestCase->runTest()
#58 /home/mtsdrf/workspace/pegaticket-saas/api/vendor/phpunit/phpunit/src/Framework/TestRunner/TestRunner.php(99): PHPUnit\\Framework\\TestCase->runBare()
#59 /home/mtsdrf/workspace/pegaticket-saas/api/vendor/phpunit/phpunit/src/Framework/TestCase.php(361): PHPUnit\\Framework\\TestRunner->run()
#60 /home/mtsdrf/workspace/pegaticket-saas/api/vendor/phpunit/phpunit/src/Framework/TestSuite.php(374): PHPUnit\\Framework\\TestCase->run()
#61 /home/mtsdrf/workspace/pegaticket-saas/api/vendor/phpunit/phpunit/src/Framework/TestSuite.php(374): PHPUnit\\Framework\\TestSuite->run()
#62 /home/mtsdrf/workspace/pegaticket-saas/api/vendor/phpunit/phpunit/src/Framework/TestSuite.php(374): PHPUnit\\Framework\\TestSuite->run()
#63 /home/mtsdrf/workspace/pegaticket-saas/api/vendor/phpunit/phpunit/src/TextUI/TestRunner.php(64): PHPUnit\\Framework\\TestSuite->run()
#64 /home/mtsdrf/workspace/pegaticket-saas/api/vendor/phpunit/phpunit/src/TextUI/Application.php(229): PHPUnit\\TextUI\\TestRunner->run()
#65 /home/mtsdrf/workspace/pegaticket-saas/api/vendor/phpunit/phpunit/phpunit(104): PHPUnit\\TextUI\\Application->run()
#66 {main}
"} 
[2026-08-01 16:52:20] testing.ERROR: App\Http\Controllers\Sale\SaleController::unpayInstallment(): Argument #2 ($installment) must be of type App\Models\Sale\SaleInstallment, string given, called in /home/mtsdrf/workspace/pegaticket-saas/api/vendor/laravel/framework/src/Illuminate/Routing/ControllerDispatcher.php on line 46 {"userId":1,"exception":"[object] (TypeError(code: 0): App\\Http\\Controllers\\Sale\\SaleController::unpayInstallment(): Argument #2 ($installment) must be of type App\\Models\\Sale\\SaleInstallment, string given, called in /home/mtsdrf/workspace/pegaticket-saas/api/vendor/laravel/framework/src/Illuminate/Routing/ControllerDispatcher.php on line 46 at /home/mtsdrf/workspace/pegaticket-saas/api/app/Http/Controllers/Sale/SaleController.php:326)
[stacktrace]
#0 /home/mtsdrf/workspace/pegaticket-saas/api/vendor/laravel/framework/src/Illuminate/Routing/ControllerDispatcher.php(46): App\\Http\\Controllers\\Sale\\SaleController->unpayInstallment()
#1 /home/mtsdrf/workspace/pegaticket-saas/api/vendor/laravel/framework/src/Illuminate/Routing/Route.php(276): Illuminate\\Routing\\ControllerDispatcher->dispatch()
#2 /home/mtsdrf/workspace/pegaticket-saas/api/vendor/laravel/framework/src/Illuminate/Routing/Route.php(216): Illuminate\\Routing\\Route->runController()
#3 /home/mtsdrf/workspace/pegaticket-saas/api/vendor/laravel/framework/src/Illuminate/Routing/Router.php(822): Illuminate\\Routing\\Route->run()
#4 /home/mtsdrf/workspace/pegaticket-saas/api/vendor/laravel/framework/src/Illuminate/Pipeline/Pipeline.php(180): Illuminate\\Routing\\Router->{closure:Illuminate\\Routing\\Router::runRouteWithinStack():821}()
#5 /home/mtsdrf/workspace/pegaticket-saas/api/app/Http/Middleware/ThrottleRequests.php(45): Illuminate\\Pipeline\\Pipeline->{closure:Illuminate\\Pipeline\\Pipeline::prepareDestination():178}()
#6 /home/mtsdrf/workspace/pegaticket-saas/api/vendor/laravel/framework/src/Illuminate/Pipeline/Pipeline.php(219): App\\Http\\Middleware\\ThrottleRequests->handle()
#7 /home/mtsdrf/workspace/pegaticket-saas/api/app/Http/Middleware/CheckPermission.php(58): Illuminate\\Pipeline\\Pipeline->{closure:{closure:Illuminate\\Pipeline\\Pipeline::carry():194}:195}()
#8 /home/mtsdrf/workspace/pegaticket-saas/api/vendor/laravel/framework/src/Illuminate/Pipeline/Pipeline.php(219): App\\Http\\Middleware\\CheckPermission->handle()
#9 /home/mtsdrf/workspace/pegaticket-saas/api/app/Http/Middleware/ResolveTenant.php(66): Illuminate\\Pipeline\\Pipeline->{closure:{closure:Illuminate\\Pipeline\\Pipeline::carry():194}:195}()
#10 /home/mtsdrf/workspace/pegaticket-saas/api/vendor/laravel/framework/src/Illuminate/Pipeline/Pipeline.php(219): App\\Http\\Middleware\\ResolveTenant->handle()
#11 /home/mtsdrf/workspace/pegaticket-saas/api/app/Http/Middleware/JwtAccessMiddleware.php(67): Illuminate\\Pipeline\\Pipeline->{closure:{closure:Illuminate\\Pipeline\\Pipeline::carry():194}:195}()
#12 /home/mtsdrf/workspace/pegaticket-saas/api/vendor/laravel/framework/src/Illuminate/Pipeline/Pipeline.php(219): App\\Http\\Middleware\\JwtAccessMiddleware->handle()
#13 /home/mtsdrf/workspace/pegaticket-saas/api/vendor/laravel/framework/src/Illuminate/Routing/Middleware/SubstituteBindings.php(52): Illuminate\\Pipeline\\Pipeline->{closure:{closure:Illuminate\\Pipeline\\Pipeline::carry():194}:195}()
#14 /home/mtsdrf/workspace/pegaticket-saas/api/vendor/laravel/framework/src/Illuminate/Pipeline/Pipeline.php(219): Illuminate\\Routing\\Middleware\\SubstituteBindings->handle()
#15 /home/mtsdrf/workspace/pegaticket-saas/api/vendor/laravel/framework/src/Illuminate/Pipeline/Pipeline.php(137): Illuminate\\Pipeline\\Pipeline->{closure:{closure:Illuminate\\Pipeline\\Pipeline::carry():194}:195}()
#16 /home/mtsdrf/workspace/pegaticket-saas/api/vendor/laravel/framework/src/Illuminate/Routing/Router.php(821): Illuminate\\Pipeline\\Pipeline->then()
#17 /home/mtsdrf/workspace/pegaticket-saas/api/vendor/laravel/framework/src/Illuminate/Routing/Router.php(800): Illuminate\\Routing\\Router->runRouteWithinStack()
#18 /home/mtsdrf/workspace/pegaticket-saas/api/vendor/laravel/framework/src/Illuminate/Routing/Router.php(764): Illuminate\\Routing\\Router->runRoute()
#19 /home/mtsdrf/workspace/pegaticket-saas/api/vendor/laravel/framework/src/Illuminate/Routing/Router.php(753): Illuminate\\Routing\\Router->dispatchToRoute()
#20 /home/mtsdrf/workspace/pegaticket-saas/api/vendor/laravel/framework/src/Illuminate/Foundation/Http/Kernel.php(200): Illuminate\\Routing\\Router->dispatch()
#21 /home/mtsdrf/workspace/pegaticket-saas/api/vendor/laravel/framework/src/Illuminate/Pipeline/Pipeline.php(180): Illuminate\\Foundation\\Http\\Kernel->{closure:Illuminate\\Foundation\\Http\\Kernel::dispatchToRouter():197}()
#22 /home/mtsdrf/workspace/pegaticket-saas/api/app/Http/Middleware/SetLocale.php(17): Illuminate\\Pipeline\\Pipeline->{closure:Illuminate\\Pipeline\\Pipeline::prepareDestination():178}()
#23 /home/mtsdrf/workspace/pegaticket-saas/api/vendor/laravel/framework/src/Illuminate/Pipeline/Pipeline.php(219): App\\Http\\Middleware\\SetLocale->handle()
#24 /home/mtsdrf/workspace/pegaticket-saas/api/app/Http/Middleware/ApplicationRequestLogger.php(15): Illuminate\\Pipeline\\Pipeline->{closure:{closure:Illuminate\\Pipeline\\Pipeline::carry():194}:195}()
#25 /home/mtsdrf/workspace/pegaticket-saas/api/vendor/laravel/framework/src/Illuminate/Pipeline/Pipeline.php(219): App\\Http\\Middleware\\ApplicationRequestLogger->handle()
#26 /home/mtsdrf/workspace/pegaticket-saas/api/app/Http/Middleware/RequestId.php(16): Illuminate\\Pipeline\\Pipeline->{closure:{closure:Illuminate\\Pipeline\\Pipeline::carry():194}:195}()
#27 /home/mtsdrf/workspace/pegaticket-saas/api/vendor/laravel/framework/src/Illuminate/Pipeline/Pipeline.php(219): App\\Http\\Middleware\\RequestId->handle()
#28 /home/mtsdrf/workspace/pegaticket-saas/api/app/Http/Middleware/ApiHardening.php(14): Illuminate\\Pipeline\\Pipeline->{closure:{closure:Illuminate\\Pipeline\\Pipeline::carry():194}:195}()
#29 /home/mtsdrf/workspace/pegaticket-saas/api/vendor/laravel/framework/src/Illuminate/Pipeline/Pipeline.php(219): App\\Http\\Middleware\\ApiHardening->handle()
#30 /home/mtsdrf/workspace/pegaticket-saas/api/vendor/laravel/framework/src/Illuminate/Foundation/Http/Middleware/TransformsRequest.php(21): Illuminate\\Pipeline\\Pipeline->{closure:{closure:Illuminate\\Pipeline\\Pipeline::carry():194}:195}()
#31 /home/mtsdrf/workspace/pegaticket-saas/api/vendor/laravel/framework/src/Illuminate/Foundation/Http/Middleware/ConvertEmptyStringsToNull.php(31): Illuminate\\Foundation\\Http\\Middleware\\TransformsRequest->handle()
#32 /home/mtsdrf/workspace/pegaticket-saas/api/vendor/laravel/framework/src/Illuminate/Pipeline/Pipeline.php(219): Illuminate\\Foundation\\Http\\Middleware\\ConvertEmptyStringsToNull->handle()
#33 /home/mtsdrf/workspace/pegaticket-saas/api/vendor/laravel/framework/src/Illuminate/Foundation/Http/Middleware/TransformsRequest.php(21): Illuminate\\Pipeline\\Pipeline->{closure:{closure:Illuminate\\Pipeline\\Pipeline::carry():194}:195}()
#34 /home/mtsdrf/workspace/pegaticket-saas/api/vendor/laravel/framework/src/Illuminate/Foundation/Http/Middleware/TrimStrings.php(51): Illuminate\\Foundation\\Http\\Middleware\\TransformsRequest->handle()
#35 /home/mtsdrf/workspace/pegaticket-saas/api/vendor/laravel/framework/src/Illuminate/Pipeline/Pipeline.php(219): Illuminate\\Foundation\\Http\\Middleware\\TrimStrings->handle()
#36 /home/mtsdrf/workspace/pegaticket-saas/api/vendor/laravel/framework/src/Illuminate/Http/Middleware/ValidatePostSize.php(27): Illuminate\\Pipeline\\Pipeline->{closure:{closure:Illuminate\\Pipeline\\Pipeline::carry():194}:195}()
#37 /home/mtsdrf/workspace/pegaticket-saas/api/vendor/laravel/framework/src/Illuminate/Pipeline/Pipeline.php(219): Illuminate\\Http\\Middleware\\ValidatePostSize->handle()
#38 /home/mtsdrf/workspace/pegaticket-saas/api/vendor/laravel/framework/src/Illuminate/Foundation/Http/Middleware/PreventRequestsDuringMaintenance.php(109): Illuminate\\Pipeline\\Pipeline->{closure:{closure:Illuminate\\Pipeline\\Pipeline::carry():194}:195}()
#39 /home/mtsdrf/workspace/pegaticket-saas/api/vendor/laravel/framework/src/Illuminate/Pipeline/Pipeline.php(219): Illuminate\\Foundation\\Http\\Middleware\\PreventRequestsDuringMaintenance->handle()
#40 /home/mtsdrf/workspace/pegaticket-saas/api/vendor/laravel/framework/src/Illuminate/Http/Middleware/HandleCors.php(74): Illuminate\\Pipeline\\Pipeline->{closure:{closure:Illuminate\\Pipeline\\Pipeline::carry():194}:195}()
#41 /home/mtsdrf/workspace/pegaticket-saas/api/vendor/laravel/framework/src/Illuminate/Pipeline/Pipeline.php(219): Illuminate\\Http\\Middleware\\HandleCors->handle()
#42 /home/mtsdrf/workspace/pegaticket-saas/api/vendor/laravel/framework/src/Illuminate/Http/Middleware/TrustProxies.php(58): Illuminate\\Pipeline\\Pipeline->{closure:{closure:Illuminate\\Pipeline\\Pipeline::carry():194}:195}()
#43 /home/mtsdrf/workspace/pegaticket-saas/api/vendor/laravel/framework/src/Illuminate/Pipeline/Pipeline.php(219): Illuminate\\Http\\Middleware\\TrustProxies->handle()
#44 /home/mtsdrf/workspace/pegaticket-saas/api/vendor/laravel/framework/src/Illuminate/Foundation/Http/Middleware/InvokeDeferredCallbacks.php(22): Illuminate\\Pipeline\\Pipeline->{closure:{closure:Illuminate\\Pipeline\\Pipeline::carry():194}:195}()
#45 /home/mtsdrf/workspace/pegaticket-saas/api/vendor/laravel/framework/src/Illuminate/Pipeline/Pipeline.php(219): Illuminate\\Foundation\\Http\\Middleware\\InvokeDeferredCallbacks->handle()
#46 /home/mtsdrf/workspace/pegaticket-saas/api/vendor/laravel/framework/src/Illuminate/Http/Middleware/ValidatePathEncoding.php(28): Illuminate\\Pipeline\\Pipeline->{closure:{closure:Illuminate\\Pipeline\\Pipeline::carry():194}:195}()
#47 /home/mtsdrf/workspace/pegaticket-saas/api/vendor/laravel/framework/src/Illuminate/Pipeline/Pipeline.php(219): Illuminate\\Http\\Middleware\\ValidatePathEncoding->handle()
#48 /home/mtsdrf/workspace/pegaticket-saas/api/vendor/laravel/framework/src/Illuminate/Pipeline/Pipeline.php(137): Illuminate\\Pipeline\\Pipeline->{closure:{closure:Illuminate\\Pipeline\\Pipeline::carry():194}:195}()
#49 /home/mtsdrf/workspace/pegaticket-saas/api/vendor/laravel/framework/src/Illuminate/Foundation/Http/Kernel.php(175): Illuminate\\Pipeline\\Pipeline->then()
#50 /home/mtsdrf/workspace/pegaticket-saas/api/vendor/laravel/framework/src/Illuminate/Foundation/Http/Kernel.php(144): Illuminate\\Foundation\\Http\\Kernel->sendRequestThroughRouter()
#51 /home/mtsdrf/workspace/pegaticket-saas/api/vendor/laravel/framework/src/Illuminate/Foundation/Testing/Concerns/MakesHttpRequests.php(638): Illuminate\\Foundation\\Http\\Kernel->handle()
#52 /home/mtsdrf/workspace/pegaticket-saas/api/vendor/laravel/framework/src/Illuminate/Foundation/Testing/Concerns/MakesHttpRequests.php(604): Illuminate\\Foundation\\Testing\\TestCase->call()
#53 /home/mtsdrf/workspace/pegaticket-saas/api/vendor/laravel/framework/src/Illuminate/Foundation/Testing/Concerns/MakesHttpRequests.php(471): Illuminate\\Foundation\\Testing\\TestCase->json()
#54 /home/mtsdrf/workspace/pegaticket-saas/api/tests/Feature/Sales/SaleTest.php(836): Illuminate\\Foundation\\Testing\\TestCase->patchJson()
#55 /home/mtsdrf/workspace/pegaticket-saas/api/vendor/phpunit/phpunit/src/Framework/TestCase.php(1318): Tests\\Feature\\Sales\\SaleTest->unpay_installment_is_blocked_when_installment_is_not_paid()
#56 /home/mtsdrf/workspace/pegaticket-saas/api/vendor/phpunit/phpunit/src/Framework/TestCase.php(1355): PHPUnit\\Framework\\TestCase->invokeTestMethod()
#57 /home/mtsdrf/workspace/pegaticket-saas/api/vendor/phpunit/phpunit/src/Framework/TestCase.php(521): PHPUnit\\Framework\\TestCase->runTest()
#58 /home/mtsdrf/workspace/pegaticket-saas/api/vendor/phpunit/phpunit/src/Framework/TestRunner/TestRunner.php(99): PHPUnit\\Framework\\TestCase->runBare()
#59 /home/mtsdrf/workspace/pegaticket-saas/api/vendor/phpunit/phpunit/src/Framework/TestCase.php(361): PHPUnit\\Framework\\TestRunner->run()
#60 /home/mtsdrf/workspace/pegaticket-saas/api/vendor/phpunit/phpunit/src/Framework/TestSuite.php(374): PHPUnit\\Framework\\TestCase->run()
#61 /home/mtsdrf/workspace/pegaticket-saas/api/vendor/phpunit/phpunit/src/Framework/TestSuite.php(374): PHPUnit\\Framework\\TestSuite->run()
#62 /home/mtsdrf/workspace/pegaticket-saas/api/vendor/phpunit/phpunit/src/Framework/TestSuite.php(374): PHPUnit\\Framework\\TestSuite->run()
#63 /home/mtsdrf/workspace/pegaticket-saas/api/vendor/phpunit/phpunit/src/TextUI/TestRunner.php(64): PHPUnit\\Framework\\TestSuite->run()
#64 /home/mtsdrf/workspace/pegaticket-saas/api/vendor/phpunit/phpunit/src/TextUI/Application.php(229): PHPUnit\\TextUI\\TestRunner->run()
#65 /home/mtsdrf/workspace/pegaticket-saas/api/vendor/phpunit/phpunit/phpunit(104): PHPUnit\\TextUI\\Application->run()
#66 {main}
"} 
[2026-08-01 16:52:23] testing.WARNING: Falha ao enviar Web Push notification {"push_subscription_id":1,"final_customer_id":1,"error":"timeout"} 
[2026-08-01 16:53:28] testing.ERROR: App\Http\Controllers\Sale\SaleController::payInstallment(): Argument #3 ($installment) must be of type App\Models\Sale\SaleInstallment, string given, called in /home/mtsdrf/workspace/pegaticket-saas/api/vendor/laravel/framework/src/Illuminate/Routing/ControllerDispatcher.php on line 46 {"userId":1,"exception":"[object] (TypeError(code: 0): App\\Http\\Controllers\\Sale\\SaleController::payInstallment(): Argument #3 ($installment) must be of type App\\Models\\Sale\\SaleInstallment, string given, called in /home/mtsdrf/workspace/pegaticket-saas/api/vendor/laravel/framework/src/Illuminate/Routing/ControllerDispatcher.php on line 46 at /home/mtsdrf/workspace/pegaticket-saas/api/app/Http/Controllers/Sale/SaleController.php:310)
[stacktrace]
#0 /home/mtsdrf/workspace/pegaticket-saas/api/vendor/laravel/framework/src/Illuminate/Routing/ControllerDispatcher.php(46): App\\Http\\Controllers\\Sale\\SaleController->payInstallment()
#1 /home/mtsdrf/workspace/pegaticket-saas/api/vendor/laravel/framework/src/Illuminate/Routing/Route.php(275): Illuminate\\Routing\\ControllerDispatcher->dispatch()
#2 /home/mtsdrf/workspace/pegaticket-saas/api/vendor/laravel/framework/src/Illuminate/Routing/Route.php(215): Illuminate\\Routing\\Route->runController()
#3 /home/mtsdrf/workspace/pegaticket-saas/api/vendor/laravel/framework/src/Illuminate/Routing/Router.php(822): Illuminate\\Routing\\Route->run()
#4 /home/mtsdrf/workspace/pegaticket-saas/api/vendor/laravel/framework/src/Illuminate/Pipeline/Pipeline.php(180): Illuminate\\Routing\\Router->{closure:Illuminate\\Routing\\Router::runRouteWithinStack():821}()
#5 /home/mtsdrf/workspace/pegaticket-saas/api/app/Http/Middleware/ThrottleRequests.php(45): Illuminate\\Pipeline\\Pipeline->{closure:Illuminate\\Pipeline\\Pipeline::prepareDestination():178}()
#6 /home/mtsdrf/workspace/pegaticket-saas/api/vendor/laravel/framework/src/Illuminate/Pipeline/Pipeline.php(219): App\\Http\\Middleware\\ThrottleRequests->handle()
#7 /home/mtsdrf/workspace/pegaticket-saas/api/app/Http/Middleware/CheckPermission.php(58): Illuminate\\Pipeline\\Pipeline->{closure:{closure:Illuminate\\Pipeline\\Pipeline::carry():194}:195}()
#8 /home/mtsdrf/workspace/pegaticket-saas/api/vendor/laravel/framework/src/Illuminate/Pipeline/Pipeline.php(219): App\\Http\\Middleware\\CheckPermission->handle()
#9 /home/mtsdrf/workspace/pegaticket-saas/api/app/Http/Middleware/ResolveTenant.php(66): Illuminate\\Pipeline\\Pipeline->{closure:{closure:Illuminate\\Pipeline\\Pipeline::carry():194}:195}()
#10 /home/mtsdrf/workspace/pegaticket-saas/api/vendor/laravel/framework/src/Illuminate/Pipeline/Pipeline.php(219): App\\Http\\Middleware\\ResolveTenant->handle()
#11 /home/mtsdrf/workspace/pegaticket-saas/api/app/Http/Middleware/JwtAccessMiddleware.php(67): Illuminate\\Pipeline\\Pipeline->{closure:{closure:Illuminate\\Pipeline\\Pipeline::carry():194}:195}()
#12 /home/mtsdrf/workspace/pegaticket-saas/api/vendor/laravel/framework/src/Illuminate/Pipeline/Pipeline.php(219): App\\Http\\Middleware\\JwtAccessMiddleware->handle()
#13 /home/mtsdrf/workspace/pegaticket-saas/api/vendor/laravel/framework/src/Illuminate/Routing/Middleware/SubstituteBindings.php(52): Illuminate\\Pipeline\\Pipeline->{closure:{closure:Illuminate\\Pipeline\\Pipeline::carry():194}:195}()
#14 /home/mtsdrf/workspace/pegaticket-saas/api/vendor/laravel/framework/src/Illuminate/Pipeline/Pipeline.php(219): Illuminate\\Routing\\Middleware\\SubstituteBindings->handle()
#15 /home/mtsdrf/workspace/pegaticket-saas/api/vendor/laravel/framework/src/Illuminate/Pipeline/Pipeline.php(137): Illuminate\\Pipeline\\Pipeline->{closure:{closure:Illuminate\\Pipeline\\Pipeline::carry():194}:195}()
#16 /home/mtsdrf/workspace/pegaticket-saas/api/vendor/laravel/framework/src/Illuminate/Routing/Router.php(821): Illuminate\\Pipeline\\Pipeline->then()
#17 /home/mtsdrf/workspace/pegaticket-saas/api/vendor/laravel/framework/src/Illuminate/Routing/Router.php(800): Illuminate\\Routing\\Router->runRouteWithinStack()
#18 /home/mtsdrf/workspace/pegaticket-saas/api/vendor/laravel/framework/src/Illuminate/Routing/Router.php(764): Illuminate\\Routing\\Router->runRoute()
#19 /home/mtsdrf/workspace/pegaticket-saas/api/vendor/laravel/framework/src/Illuminate/Routing/Router.php(753): Illuminate\\Routing\\Router->dispatchToRoute()
#20 /home/mtsdrf/workspace/pegaticket-saas/api/vendor/laravel/framework/src/Illuminate/Foundation/Http/Kernel.php(200): Illuminate\\Routing\\Router->dispatch()
#21 /home/mtsdrf/workspace/pegaticket-saas/api/vendor/laravel/framework/src/Illuminate/Pipeline/Pipeline.php(180): Illuminate\\Foundation\\Http\\Kernel->{closure:Illuminate\\Foundation\\Http\\Kernel::dispatchToRouter():197}()
#22 /home/mtsdrf/workspace/pegaticket-saas/api/app/Http/Middleware/SetLocale.php(17): Illuminate\\Pipeline\\Pipeline->{closure:Illuminate\\Pipeline\\Pipeline::prepareDestination():178}()
#23 /home/mtsdrf/workspace/pegaticket-saas/api/vendor/laravel/framework/src/Illuminate/Pipeline/Pipeline.php(219): App\\Http\\Middleware\\SetLocale->handle()
#24 /home/mtsdrf/workspace/pegaticket-saas/api/app/Http/Middleware/ApplicationRequestLogger.php(15): Illuminate\\Pipeline\\Pipeline->{closure:{closure:Illuminate\\Pipeline\\Pipeline::carry():194}:195}()
#25 /home/mtsdrf/workspace/pegaticket-saas/api/vendor/laravel/framework/src/Illuminate/Pipeline/Pipeline.php(219): App\\Http\\Middleware\\ApplicationRequestLogger->handle()
#26 /home/mtsdrf/workspace/pegaticket-saas/api/app/Http/Middleware/RequestId.php(16): Illuminate\\Pipeline\\Pipeline->{closure:{closure:Illuminate\\Pipeline\\Pipeline::carry():194}:195}()
#27 /home/mtsdrf/workspace/pegaticket-saas/api/vendor/laravel/framework/src/Illuminate/Pipeline/Pipeline.php(219): App\\Http\\Middleware\\RequestId->handle()
#28 /home/mtsdrf/workspace/pegaticket-saas/api/app/Http/Middleware/ApiHardening.php(14): Illuminate\\Pipeline\\Pipeline->{closure:{closure:Illuminate\\Pipeline\\Pipeline::carry():194}:195}()
#29 /home/mtsdrf/workspace/pegaticket-saas/api/vendor/laravel/framework/src/Illuminate/Pipeline/Pipeline.php(219): App\\Http\\Middleware\\ApiHardening->handle()
#30 /home/mtsdrf/workspace/pegaticket-saas/api/vendor/laravel/framework/src/Illuminate/Foundation/Http/Middleware/TransformsRequest.php(21): Illuminate\\Pipeline\\Pipeline->{closure:{closure:Illuminate\\Pipeline\\Pipeline::carry():194}:195}()
#31 /home/mtsdrf/workspace/pegaticket-saas/api/vendor/laravel/framework/src/Illuminate/Foundation/Http/Middleware/ConvertEmptyStringsToNull.php(31): Illuminate\\Foundation\\Http\\Middleware\\TransformsRequest->handle()
#32 /home/mtsdrf/workspace/pegaticket-saas/api/vendor/laravel/framework/src/Illuminate/Pipeline/Pipeline.php(219): Illuminate\\Foundation\\Http\\Middleware\\ConvertEmptyStringsToNull->handle()
#33 /home/mtsdrf/workspace/pegaticket-saas/api/vendor/laravel/framework/src/Illuminate/Foundation/Http/Middleware/TransformsRequest.php(21): Illuminate\\Pipeline\\Pipeline->{closure:{closure:Illuminate\\Pipeline\\Pipeline::carry():194}:195}()
#34 /home/mtsdrf/workspace/pegaticket-saas/api/vendor/laravel/framework/src/Illuminate/Foundation/Http/Middleware/TrimStrings.php(51): Illuminate\\Foundation\\Http\\Middleware\\TransformsRequest->handle()
#35 /home/mtsdrf/workspace/pegaticket-saas/api/vendor/laravel/framework/src/Illuminate/Pipeline/Pipeline.php(219): Illuminate\\Foundation\\Http\\Middleware\\TrimStrings->handle()
#36 /home/mtsdrf/workspace/pegaticket-saas/api/vendor/laravel/framework/src/Illuminate/Http/Middleware/ValidatePostSize.php(27): Illuminate\\Pipeline\\Pipeline->{closure:{closure:Illuminate\\Pipeline\\Pipeline::carry():194}:195}()
#37 /home/mtsdrf/workspace/pegaticket-saas/api/vendor/laravel/framework/src/Illuminate/Pipeline/Pipeline.php(219): Illuminate\\Http\\Middleware\\ValidatePostSize->handle()
#38 /home/mtsdrf/workspace/pegaticket-saas/api/vendor/laravel/framework/src/Illuminate/Foundation/Http/Middleware/PreventRequestsDuringMaintenance.php(109): Illuminate\\Pipeline\\Pipeline->{closure:{closure:Illuminate\\Pipeline\\Pipeline::carry():194}:195}()
#39 /home/mtsdrf/workspace/pegaticket-saas/api/vendor/laravel/framework/src/Illuminate/Pipeline/Pipeline.php(219): Illuminate\\Foundation\\Http\\Middleware\\PreventRequestsDuringMaintenance->handle()
#40 /home/mtsdrf/workspace/pegaticket-saas/api/vendor/laravel/framework/src/Illuminate/Http/Middleware/HandleCors.php(74): Illuminate\\Pipeline\\Pipeline->{closure:{closure:Illuminate\\Pipeline\\Pipeline::carry():194}:195}()
#41 /home/mtsdrf/workspace/pegaticket-saas/api/vendor/laravel/framework/src/Illuminate/Pipeline/Pipeline.php(219): Illuminate\\Http\\Middleware\\HandleCors->handle()
#42 /home/mtsdrf/workspace/pegaticket-saas/api/vendor/laravel/framework/src/Illuminate/Http/Middleware/TrustProxies.php(58): Illuminate\\Pipeline\\Pipeline->{closure:{closure:Illuminate\\Pipeline\\Pipeline::carry():194}:195}()
#43 /home/mtsdrf/workspace/pegaticket-saas/api/vendor/laravel/framework/src/Illuminate/Pipeline/Pipeline.php(219): Illuminate\\Http\\Middleware\\TrustProxies->handle()
#44 /home/mtsdrf/workspace/pegaticket-saas/api/vendor/laravel/framework/src/Illuminate/Foundation/Http/Middleware/InvokeDeferredCallbacks.php(22): Illuminate\\Pipeline\\Pipeline->{closure:{closure:Illuminate\\Pipeline\\Pipeline::carry():194}:195}()
#45 /home/mtsdrf/workspace/pegaticket-saas/api/vendor/laravel/framework/src/Illuminate/Pipeline/Pipeline.php(219): Illuminate\\Foundation\\Http\\Middleware\\InvokeDeferredCallbacks->handle()
#46 /home/mtsdrf/workspace/pegaticket-saas/api/vendor/laravel/framework/src/Illuminate/Http/Middleware/ValidatePathEncoding.php(28): Illuminate\\Pipeline\\Pipeline->{closure:{closure:Illuminate\\Pipeline\\Pipeline::carry():194}:195}()
#47 /home/mtsdrf/workspace/pegaticket-saas/api/vendor/laravel/framework/src/Illuminate/Pipeline/Pipeline.php(219): Illuminate\\Http\\Middleware\\ValidatePathEncoding->handle()
#48 /home/mtsdrf/workspace/pegaticket-saas/api/vendor/laravel/framework/src/Illuminate/Pipeline/Pipeline.php(137): Illuminate\\Pipeline\\Pipeline->{closure:{closure:Illuminate\\Pipeline\\Pipeline::carry():194}:195}()
#49 /home/mtsdrf/workspace/pegaticket-saas/api/vendor/laravel/framework/src/Illuminate/Foundation/Http/Kernel.php(175): Illuminate\\Pipeline\\Pipeline->then()
#50 /home/mtsdrf/workspace/pegaticket-saas/api/vendor/laravel/framework/src/Illuminate/Foundation/Http/Kernel.php(144): Illuminate\\Foundation\\Http\\Kernel->sendRequestThroughRouter()
#51 /home/mtsdrf/workspace/pegaticket-saas/api/vendor/laravel/framework/src/Illuminate/Foundation/Testing/Concerns/MakesHttpRequests.php(607): Illuminate\\Foundation\\Http\\Kernel->handle()
#52 /home/mtsdrf/workspace/pegaticket-saas/api/vendor/laravel/framework/src/Illuminate/Foundation/Testing/Concerns/MakesHttpRequests.php(573): Illuminate\\Foundation\\Testing\\TestCase->call()
#53 /home/mtsdrf/workspace/pegaticket-saas/api/vendor/laravel/framework/src/Illuminate/Foundation/Testing/Concerns/MakesHttpRequests.php(471): Illuminate\\Foundation\\Testing\\TestCase->json()
#54 /home/mtsdrf/workspace/pegaticket-saas/api/tests/Feature/Sales/SaleInstallmentTest.php(129): Illuminate\\Foundation\\Testing\\TestCase->patchJson()
#55 /home/mtsdrf/workspace/pegaticket-saas/api/vendor/phpunit/phpunit/src/Framework/TestCase.php(1318): Tests\\Feature\\Sales\\SaleInstallmentTest->paid_installment_cannot_be_edited_or_deleted()
#56 /home/mtsdrf/workspace/pegaticket-saas/api/vendor/phpunit/phpunit/src/Framework/TestCase.php(1355): PHPUnit\\Framework\\TestCase->invokeTestMethod()
#57 /home/mtsdrf/workspace/pegaticket-saas/api/vendor/phpunit/phpunit/src/Framework/TestCase.php(521): PHPUnit\\Framework\\TestCase->runTest()
#58 /home/mtsdrf/workspace/pegaticket-saas/api/vendor/phpunit/phpunit/src/Framework/TestRunner/TestRunner.php(99): PHPUnit\\Framework\\TestCase->runBare()
#59 /home/mtsdrf/workspace/pegaticket-saas/api/vendor/phpunit/phpunit/src/Framework/TestCase.php(361): PHPUnit\\Framework\\TestRunner->run()
#60 /home/mtsdrf/workspace/pegaticket-saas/api/vendor/phpunit/phpunit/src/Framework/TestSuite.php(374): PHPUnit\\Framework\\TestCase->run()
#61 /home/mtsdrf/workspace/pegaticket-saas/api/vendor/phpunit/phpunit/src/Framework/TestSuite.php(374): PHPUnit\\Framework\\TestSuite->run()
#62 /home/mtsdrf/workspace/pegaticket-saas/api/vendor/phpunit/phpunit/src/Framework/TestSuite.php(374): PHPUnit\\Framework\\TestSuite->run()
#63 /home/mtsdrf/workspace/pegaticket-saas/api/vendor/phpunit/phpunit/src/TextUI/TestRunner.php(64): PHPUnit\\Framework\\TestSuite->run()
#64 /home/mtsdrf/workspace/pegaticket-saas/api/vendor/phpunit/phpunit/src/TextUI/Application.php(229): PHPUnit\\TextUI\\TestRunner->run()
#65 /home/mtsdrf/workspace/pegaticket-saas/api/vendor/phpunit/phpunit/phpunit(104): PHPUnit\\TextUI\\Application->run()
#66 {main}
"} 
[2026-08-01 16:53:28] testing.ERROR: App\Http\Controllers\Sale\SaleController::payInstallment(): Argument #3 ($installment) must be of type App\Models\Sale\SaleInstallment, string given, called in /home/mtsdrf/workspace/pegaticket-saas/api/vendor/laravel/framework/src/Illuminate/Routing/ControllerDispatcher.php on line 46 {"userId":1,"exception":"[object] (TypeError(code: 0): App\\Http\\Controllers\\Sale\\SaleController::payInstallment(): Argument #3 ($installment) must be of type App\\Models\\Sale\\SaleInstallment, string given, called in /home/mtsdrf/workspace/pegaticket-saas/api/vendor/laravel/framework/src/Illuminate/Routing/ControllerDispatcher.php on line 46 at /home/mtsdrf/workspace/pegaticket-saas/api/app/Http/Controllers/Sale/SaleController.php:310)
[stacktrace]
#0 /home/mtsdrf/workspace/pegaticket-saas/api/vendor/laravel/framework/src/Illuminate/Routing/ControllerDispatcher.php(46): App\\Http\\Controllers\\Sale\\SaleController->payInstallment()
#1 /home/mtsdrf/workspace/pegaticket-saas/api/vendor/laravel/framework/src/Illuminate/Routing/Route.php(275): Illuminate\\Routing\\ControllerDispatcher->dispatch()
#2 /home/mtsdrf/workspace/pegaticket-saas/api/vendor/laravel/framework/src/Illuminate/Routing/Route.php(215): Illuminate\\Routing\\Route->runController()
#3 /home/mtsdrf/workspace/pegaticket-saas/api/vendor/laravel/framework/src/Illuminate/Routing/Router.php(822): Illuminate\\Routing\\Route->run()
#4 /home/mtsdrf/workspace/pegaticket-saas/api/vendor/laravel/framework/src/Illuminate/Pipeline/Pipeline.php(180): Illuminate\\Routing\\Router->{closure:Illuminate\\Routing\\Router::runRouteWithinStack():821}()
#5 /home/mtsdrf/workspace/pegaticket-saas/api/app/Http/Middleware/ThrottleRequests.php(45): Illuminate\\Pipeline\\Pipeline->{closure:Illuminate\\Pipeline\\Pipeline::prepareDestination():178}()
#6 /home/mtsdrf/workspace/pegaticket-saas/api/vendor/laravel/framework/src/Illuminate/Pipeline/Pipeline.php(219): App\\Http\\Middleware\\ThrottleRequests->handle()
#7 /home/mtsdrf/workspace/pegaticket-saas/api/app/Http/Middleware/CheckPermission.php(58): Illuminate\\Pipeline\\Pipeline->{closure:{closure:Illuminate\\Pipeline\\Pipeline::carry():194}:195}()
#8 /home/mtsdrf/workspace/pegaticket-saas/api/vendor/laravel/framework/src/Illuminate/Pipeline/Pipeline.php(219): App\\Http\\Middleware\\CheckPermission->handle()
#9 /home/mtsdrf/workspace/pegaticket-saas/api/app/Http/Middleware/ResolveTenant.php(66): Illuminate\\Pipeline\\Pipeline->{closure:{closure:Illuminate\\Pipeline\\Pipeline::carry():194}:195}()
#10 /home/mtsdrf/workspace/pegaticket-saas/api/vendor/laravel/framework/src/Illuminate/Pipeline/Pipeline.php(219): App\\Http\\Middleware\\ResolveTenant->handle()
#11 /home/mtsdrf/workspace/pegaticket-saas/api/app/Http/Middleware/JwtAccessMiddleware.php(67): Illuminate\\Pipeline\\Pipeline->{closure:{closure:Illuminate\\Pipeline\\Pipeline::carry():194}:195}()
#12 /home/mtsdrf/workspace/pegaticket-saas/api/vendor/laravel/framework/src/Illuminate/Pipeline/Pipeline.php(219): App\\Http\\Middleware\\JwtAccessMiddleware->handle()
#13 /home/mtsdrf/workspace/pegaticket-saas/api/vendor/laravel/framework/src/Illuminate/Routing/Middleware/SubstituteBindings.php(52): Illuminate\\Pipeline\\Pipeline->{closure:{closure:Illuminate\\Pipeline\\Pipeline::carry():194}:195}()
#14 /home/mtsdrf/workspace/pegaticket-saas/api/vendor/laravel/framework/src/Illuminate/Pipeline/Pipeline.php(219): Illuminate\\Routing\\Middleware\\SubstituteBindings->handle()
#15 /home/mtsdrf/workspace/pegaticket-saas/api/vendor/laravel/framework/src/Illuminate/Pipeline/Pipeline.php(137): Illuminate\\Pipeline\\Pipeline->{closure:{closure:Illuminate\\Pipeline\\Pipeline::carry():194}:195}()
#16 /home/mtsdrf/workspace/pegaticket-saas/api/vendor/laravel/framework/src/Illuminate/Routing/Router.php(821): Illuminate\\Pipeline\\Pipeline->then()
#17 /home/mtsdrf/workspace/pegaticket-saas/api/vendor/laravel/framework/src/Illuminate/Routing/Router.php(800): Illuminate\\Routing\\Router->runRouteWithinStack()
#18 /home/mtsdrf/workspace/pegaticket-saas/api/vendor/laravel/framework/src/Illuminate/Routing/Router.php(764): Illuminate\\Routing\\Router->runRoute()
#19 /home/mtsdrf/workspace/pegaticket-saas/api/vendor/laravel/framework/src/Illuminate/Routing/Router.php(753): Illuminate\\Routing\\Router->dispatchToRoute()
#20 /home/mtsdrf/workspace/pegaticket-saas/api/vendor/laravel/framework/src/Illuminate/Foundation/Http/Kernel.php(200): Illuminate\\Routing\\Router->dispatch()
#21 /home/mtsdrf/workspace/pegaticket-saas/api/vendor/laravel/framework/src/Illuminate/Pipeline/Pipeline.php(180): Illuminate\\Foundation\\Http\\Kernel->{closure:Illuminate\\Foundation\\Http\\Kernel::dispatchToRouter():197}()
#22 /home/mtsdrf/workspace/pegaticket-saas/api/app/Http/Middleware/SetLocale.php(17): Illuminate\\Pipeline\\Pipeline->{closure:Illuminate\\Pipeline\\Pipeline::prepareDestination():178}()
#23 /home/mtsdrf/workspace/pegaticket-saas/api/vendor/laravel/framework/src/Illuminate/Pipeline/Pipeline.php(219): App\\Http\\Middleware\\SetLocale->handle()
#24 /home/mtsdrf/workspace/pegaticket-saas/api/app/Http/Middleware/ApplicationRequestLogger.php(15): Illuminate\\Pipeline\\Pipeline->{closure:{closure:Illuminate\\Pipeline\\Pipeline::carry():194}:195}()
#25 /home/mtsdrf/workspace/pegaticket-saas/api/vendor/laravel/framework/src/Illuminate/Pipeline/Pipeline.php(219): App\\Http\\Middleware\\ApplicationRequestLogger->handle()
#26 /home/mtsdrf/workspace/pegaticket-saas/api/app/Http/Middleware/RequestId.php(16): Illuminate\\Pipeline\\Pipeline->{closure:{closure:Illuminate\\Pipeline\\Pipeline::carry():194}:195}()
#27 /home/mtsdrf/workspace/pegaticket-saas/api/vendor/laravel/framework/src/Illuminate/Pipeline/Pipeline.php(219): App\\Http\\Middleware\\RequestId->handle()
#28 /home/mtsdrf/workspace/pegaticket-saas/api/app/Http/Middleware/ApiHardening.php(14): Illuminate\\Pipeline\\Pipeline->{closure:{closure:Illuminate\\Pipeline\\Pipeline::carry():194}:195}()
#29 /home/mtsdrf/workspace/pegaticket-saas/api/vendor/laravel/framework/src/Illuminate/Pipeline/Pipeline.php(219): App\\Http\\Middleware\\ApiHardening->handle()
#30 /home/mtsdrf/workspace/pegaticket-saas/api/vendor/laravel/framework/src/Illuminate/Foundation/Http/Middleware/TransformsRequest.php(21): Illuminate\\Pipeline\\Pipeline->{closure:{closure:Illuminate\\Pipeline\\Pipeline::carry():194}:195}()
#31 /home/mtsdrf/workspace/pegaticket-saas/api/vendor/laravel/framework/src/Illuminate/Foundation/Http/Middleware/ConvertEmptyStringsToNull.php(31): Illuminate\\Foundation\\Http\\Middleware\\TransformsRequest->handle()
#32 /home/mtsdrf/workspace/pegaticket-saas/api/vendor/laravel/framework/src/Illuminate/Pipeline/Pipeline.php(219): Illuminate\\Foundation\\Http\\Middleware\\ConvertEmptyStringsToNull->handle()
#33 /home/mtsdrf/workspace/pegaticket-saas/api/vendor/laravel/framework/src/Illuminate/Foundation/Http/Middleware/TransformsRequest.php(21): Illuminate\\Pipeline\\Pipeline->{closure:{closure:Illuminate\\Pipeline\\Pipeline::carry():194}:195}()
#34 /home/mtsdrf/workspace/pegaticket-saas/api/vendor/laravel/framework/src/Illuminate/Foundation/Http/Middleware/TrimStrings.php(51): Illuminate\\Foundation\\Http\\Middleware\\TransformsRequest->handle()
#35 /home/mtsdrf/workspace/pegaticket-saas/api/vendor/laravel/framework/src/Illuminate/Pipeline/Pipeline.php(219): Illuminate\\Foundation\\Http\\Middleware\\TrimStrings->handle()
#36 /home/mtsdrf/workspace/pegaticket-saas/api/vendor/laravel/framework/src/Illuminate/Http/Middleware/ValidatePostSize.php(27): Illuminate\\Pipeline\\Pipeline->{closure:{closure:Illuminate\\Pipeline\\Pipeline::carry():194}:195}()
#37 /home/mtsdrf/workspace/pegaticket-saas/api/vendor/laravel/framework/src/Illuminate/Pipeline/Pipeline.php(219): Illuminate\\Http\\Middleware\\ValidatePostSize->handle()
#38 /home/mtsdrf/workspace/pegaticket-saas/api/vendor/laravel/framework/src/Illuminate/Foundation/Http/Middleware/PreventRequestsDuringMaintenance.php(109): Illuminate\\Pipeline\\Pipeline->{closure:{closure:Illuminate\\Pipeline\\Pipeline::carry():194}:195}()
#39 /home/mtsdrf/workspace/pegaticket-saas/api/vendor/laravel/framework/src/Illuminate/Pipeline/Pipeline.php(219): Illuminate\\Foundation\\Http\\Middleware\\PreventRequestsDuringMaintenance->handle()
#40 /home/mtsdrf/workspace/pegaticket-saas/api/vendor/laravel/framework/src/Illuminate/Http/Middleware/HandleCors.php(74): Illuminate\\Pipeline\\Pipeline->{closure:{closure:Illuminate\\Pipeline\\Pipeline::carry():194}:195}()
#41 /home/mtsdrf/workspace/pegaticket-saas/api/vendor/laravel/framework/src/Illuminate/Pipeline/Pipeline.php(219): Illuminate\\Http\\Middleware\\HandleCors->handle()
#42 /home/mtsdrf/workspace/pegaticket-saas/api/vendor/laravel/framework/src/Illuminate/Http/Middleware/TrustProxies.php(58): Illuminate\\Pipeline\\Pipeline->{closure:{closure:Illuminate\\Pipeline\\Pipeline::carry():194}:195}()
#43 /home/mtsdrf/workspace/pegaticket-saas/api/vendor/laravel/framework/src/Illuminate/Pipeline/Pipeline.php(219): Illuminate\\Http\\Middleware\\TrustProxies->handle()
#44 /home/mtsdrf/workspace/pegaticket-saas/api/vendor/laravel/framework/src/Illuminate/Foundation/Http/Middleware/InvokeDeferredCallbacks.php(22): Illuminate\\Pipeline\\Pipeline->{closure:{closure:Illuminate\\Pipeline\\Pipeline::carry():194}:195}()
#45 /home/mtsdrf/workspace/pegaticket-saas/api/vendor/laravel/framework/src/Illuminate/Pipeline/Pipeline.php(219): Illuminate\\Foundation\\Http\\Middleware\\InvokeDeferredCallbacks->handle()
#46 /home/mtsdrf/workspace/pegaticket-saas/api/vendor/laravel/framework/src/Illuminate/Http/Middleware/ValidatePathEncoding.php(28): Illuminate\\Pipeline\\Pipeline->{closure:{closure:Illuminate\\Pipeline\\Pipeline::carry():194}:195}()
#47 /home/mtsdrf/workspace/pegaticket-saas/api/vendor/laravel/framework/src/Illuminate/Pipeline/Pipeline.php(219): Illuminate\\Http\\Middleware\\ValidatePathEncoding->handle()
#48 /home/mtsdrf/workspace/pegaticket-saas/api/vendor/laravel/framework/src/Illuminate/Pipeline/Pipeline.php(137): Illuminate\\Pipeline\\Pipeline->{closure:{closure:Illuminate\\Pipeline\\Pipeline::carry():194}:195}()
#49 /home/mtsdrf/workspace/pegaticket-saas/api/vendor/laravel/framework/src/Illuminate/Foundation/Http/Kernel.php(175): Illuminate\\Pipeline\\Pipeline->then()
#50 /home/mtsdrf/workspace/pegaticket-saas/api/vendor/laravel/framework/src/Illuminate/Foundation/Http/Kernel.php(144): Illuminate\\Foundation\\Http\\Kernel->sendRequestThroughRouter()
#51 /home/mtsdrf/workspace/pegaticket-saas/api/vendor/laravel/framework/src/Illuminate/Foundation/Testing/Concerns/MakesHttpRequests.php(607): Illuminate\\Foundation\\Http\\Kernel->handle()
#52 /home/mtsdrf/workspace/pegaticket-saas/api/vendor/laravel/framework/src/Illuminate/Foundation/Testing/Concerns/MakesHttpRequests.php(573): Illuminate\\Foundation\\Testing\\TestCase->call()
#53 /home/mtsdrf/workspace/pegaticket-saas/api/vendor/laravel/framework/src/Illuminate/Foundation/Testing/Concerns/MakesHttpRequests.php(471): Illuminate\\Foundation\\Testing\\TestCase->json()
#54 /home/mtsdrf/workspace/pegaticket-saas/api/tests/Feature/Sales/SaleInstallmentTest.php(447): Illuminate\\Foundation\\Testing\\TestCase->patchJson()
#55 /home/mtsdrf/workspace/pegaticket-saas/api/vendor/phpunit/phpunit/src/Framework/TestCase.php(1318): Tests\\Feature\\Sales\\SaleInstallmentTest->reallocate_rejects_payload_referencing_a_paid_installment()
#56 /home/mtsdrf/workspace/pegaticket-saas/api/vendor/phpunit/phpunit/src/Framework/TestCase.php(1355): PHPUnit\\Framework\\TestCase->invokeTestMethod()
#57 /home/mtsdrf/workspace/pegaticket-saas/api/vendor/phpunit/phpunit/src/Framework/TestCase.php(521): PHPUnit\\Framework\\TestCase->runTest()
#58 /home/mtsdrf/workspace/pegaticket-saas/api/vendor/phpunit/phpunit/src/Framework/TestRunner/TestRunner.php(99): PHPUnit\\Framework\\TestCase->runBare()
#59 /home/mtsdrf/workspace/pegaticket-saas/api/vendor/phpunit/phpunit/src/Framework/TestCase.php(361): PHPUnit\\Framework\\TestRunner->run()
#60 /home/mtsdrf/workspace/pegaticket-saas/api/vendor/phpunit/phpunit/src/Framework/TestSuite.php(374): PHPUnit\\Framework\\TestCase->run()
#61 /home/mtsdrf/workspace/pegaticket-saas/api/vendor/phpunit/phpunit/src/Framework/TestSuite.php(374): PHPUnit\\Framework\\TestSuite->run()
#62 /home/mtsdrf/workspace/pegaticket-saas/api/vendor/phpunit/phpunit/src/Framework/TestSuite.php(374): PHPUnit\\Framework\\TestSuite->run()
#63 /home/mtsdrf/workspace/pegaticket-saas/api/vendor/phpunit/phpunit/src/TextUI/TestRunner.php(64): PHPUnit\\Framework\\TestSuite->run()
#64 /home/mtsdrf/workspace/pegaticket-saas/api/vendor/phpunit/phpunit/src/TextUI/Application.php(229): PHPUnit\\TextUI\\TestRunner->run()
#65 /home/mtsdrf/workspace/pegaticket-saas/api/vendor/phpunit/phpunit/phpunit(104): PHPUnit\\TextUI\\Application->run()
#66 {main}
"} 
[2026-08-01 16:53:30] testing.ERROR: App\Http\Controllers\Sale\SaleController::payInstallment(): Argument #3 ($installment) must be of type App\Models\Sale\SaleInstallment, string given, called in /home/mtsdrf/workspace/pegaticket-saas/api/vendor/laravel/framework/src/Illuminate/Routing/ControllerDispatcher.php on line 46 {"userId":1,"exception":"[object] (TypeError(code: 0): App\\Http\\Controllers\\Sale\\SaleController::payInstallment(): Argument #3 ($installment) must be of type App\\Models\\Sale\\SaleInstallment, string given, called in /home/mtsdrf/workspace/pegaticket-saas/api/vendor/laravel/framework/src/Illuminate/Routing/ControllerDispatcher.php on line 46 at /home/mtsdrf/workspace/pegaticket-saas/api/app/Http/Controllers/Sale/SaleController.php:310)
[stacktrace]
#0 /home/mtsdrf/workspace/pegaticket-saas/api/vendor/laravel/framework/src/Illuminate/Routing/ControllerDispatcher.php(46): App\\Http\\Controllers\\Sale\\SaleController->payInstallment()
#1 /home/mtsdrf/workspace/pegaticket-saas/api/vendor/laravel/framework/src/Illuminate/Routing/Route.php(275): Illuminate\\Routing\\ControllerDispatcher->dispatch()
#2 /home/mtsdrf/workspace/pegaticket-saas/api/vendor/laravel/framework/src/Illuminate/Routing/Route.php(215): Illuminate\\Routing\\Route->runController()
#3 /home/mtsdrf/workspace/pegaticket-saas/api/vendor/laravel/framework/src/Illuminate/Routing/Router.php(822): Illuminate\\Routing\\Route->run()
#4 /home/mtsdrf/workspace/pegaticket-saas/api/vendor/laravel/framework/src/Illuminate/Pipeline/Pipeline.php(180): Illuminate\\Routing\\Router->{closure:Illuminate\\Routing\\Router::runRouteWithinStack():821}()
#5 /home/mtsdrf/workspace/pegaticket-saas/api/app/Http/Middleware/ThrottleRequests.php(45): Illuminate\\Pipeline\\Pipeline->{closure:Illuminate\\Pipeline\\Pipeline::prepareDestination():178}()
#6 /home/mtsdrf/workspace/pegaticket-saas/api/vendor/laravel/framework/src/Illuminate/Pipeline/Pipeline.php(219): App\\Http\\Middleware\\ThrottleRequests->handle()
#7 /home/mtsdrf/workspace/pegaticket-saas/api/app/Http/Middleware/CheckPermission.php(58): Illuminate\\Pipeline\\Pipeline->{closure:{closure:Illuminate\\Pipeline\\Pipeline::carry():194}:195}()
#8 /home/mtsdrf/workspace/pegaticket-saas/api/vendor/laravel/framework/src/Illuminate/Pipeline/Pipeline.php(219): App\\Http\\Middleware\\CheckPermission->handle()
#9 /home/mtsdrf/workspace/pegaticket-saas/api/app/Http/Middleware/ResolveTenant.php(66): Illuminate\\Pipeline\\Pipeline->{closure:{closure:Illuminate\\Pipeline\\Pipeline::carry():194}:195}()
#10 /home/mtsdrf/workspace/pegaticket-saas/api/vendor/laravel/framework/src/Illuminate/Pipeline/Pipeline.php(219): App\\Http\\Middleware\\ResolveTenant->handle()
#11 /home/mtsdrf/workspace/pegaticket-saas/api/app/Http/Middleware/JwtAccessMiddleware.php(67): Illuminate\\Pipeline\\Pipeline->{closure:{closure:Illuminate\\Pipeline\\Pipeline::carry():194}:195}()
#12 /home/mtsdrf/workspace/pegaticket-saas/api/vendor/laravel/framework/src/Illuminate/Pipeline/Pipeline.php(219): App\\Http\\Middleware\\JwtAccessMiddleware->handle()
#13 /home/mtsdrf/workspace/pegaticket-saas/api/vendor/laravel/framework/src/Illuminate/Routing/Middleware/SubstituteBindings.php(52): Illuminate\\Pipeline\\Pipeline->{closure:{closure:Illuminate\\Pipeline\\Pipeline::carry():194}:195}()
#14 /home/mtsdrf/workspace/pegaticket-saas/api/vendor/laravel/framework/src/Illuminate/Pipeline/Pipeline.php(219): Illuminate\\Routing\\Middleware\\SubstituteBindings->handle()
#15 /home/mtsdrf/workspace/pegaticket-saas/api/vendor/laravel/framework/src/Illuminate/Pipeline/Pipeline.php(137): Illuminate\\Pipeline\\Pipeline->{closure:{closure:Illuminate\\Pipeline\\Pipeline::carry():194}:195}()
#16 /home/mtsdrf/workspace/pegaticket-saas/api/vendor/laravel/framework/src/Illuminate/Routing/Router.php(821): Illuminate\\Pipeline\\Pipeline->then()
#17 /home/mtsdrf/workspace/pegaticket-saas/api/vendor/laravel/framework/src/Illuminate/Routing/Router.php(800): Illuminate\\Routing\\Router->runRouteWithinStack()
#18 /home/mtsdrf/workspace/pegaticket-saas/api/vendor/laravel/framework/src/Illuminate/Routing/Router.php(764): Illuminate\\Routing\\Router->runRoute()
#19 /home/mtsdrf/workspace/pegaticket-saas/api/vendor/laravel/framework/src/Illuminate/Routing/Router.php(753): Illuminate\\Routing\\Router->dispatchToRoute()
#20 /home/mtsdrf/workspace/pegaticket-saas/api/vendor/laravel/framework/src/Illuminate/Foundation/Http/Kernel.php(200): Illuminate\\Routing\\Router->dispatch()
#21 /home/mtsdrf/workspace/pegaticket-saas/api/vendor/laravel/framework/src/Illuminate/Pipeline/Pipeline.php(180): Illuminate\\Foundation\\Http\\Kernel->{closure:Illuminate\\Foundation\\Http\\Kernel::dispatchToRouter():197}()
#22 /home/mtsdrf/workspace/pegaticket-saas/api/app/Http/Middleware/SetLocale.php(17): Illuminate\\Pipeline\\Pipeline->{closure:Illuminate\\Pipeline\\Pipeline::prepareDestination():178}()
#23 /home/mtsdrf/workspace/pegaticket-saas/api/vendor/laravel/framework/src/Illuminate/Pipeline/Pipeline.php(219): App\\Http\\Middleware\\SetLocale->handle()
#24 /home/mtsdrf/workspace/pegaticket-saas/api/app/Http/Middleware/ApplicationRequestLogger.php(15): Illuminate\\Pipeline\\Pipeline->{closure:{closure:Illuminate\\Pipeline\\Pipeline::carry():194}:195}()
#25 /home/mtsdrf/workspace/pegaticket-saas/api/vendor/laravel/framework/src/Illuminate/Pipeline/Pipeline.php(219): App\\Http\\Middleware\\ApplicationRequestLogger->handle()
#26 /home/mtsdrf/workspace/pegaticket-saas/api/app/Http/Middleware/RequestId.php(16): Illuminate\\Pipeline\\Pipeline->{closure:{closure:Illuminate\\Pipeline\\Pipeline::carry():194}:195}()
#27 /home/mtsdrf/workspace/pegaticket-saas/api/vendor/laravel/framework/src/Illuminate/Pipeline/Pipeline.php(219): App\\Http\\Middleware\\RequestId->handle()
#28 /home/mtsdrf/workspace/pegaticket-saas/api/app/Http/Middleware/ApiHardening.php(14): Illuminate\\Pipeline\\Pipeline->{closure:{closure:Illuminate\\Pipeline\\Pipeline::carry():194}:195}()
#29 /home/mtsdrf/workspace/pegaticket-saas/api/vendor/laravel/framework/src/Illuminate/Pipeline/Pipeline.php(219): App\\Http\\Middleware\\ApiHardening->handle()
#30 /home/mtsdrf/workspace/pegaticket-saas/api/vendor/laravel/framework/src/Illuminate/Foundation/Http/Middleware/TransformsRequest.php(21): Illuminate\\Pipeline\\Pipeline->{closure:{closure:Illuminate\\Pipeline\\Pipeline::carry():194}:195}()
#31 /home/mtsdrf/workspace/pegaticket-saas/api/vendor/laravel/framework/src/Illuminate/Foundation/Http/Middleware/ConvertEmptyStringsToNull.php(31): Illuminate\\Foundation\\Http\\Middleware\\TransformsRequest->handle()
#32 /home/mtsdrf/workspace/pegaticket-saas/api/vendor/laravel/framework/src/Illuminate/Pipeline/Pipeline.php(219): Illuminate\\Foundation\\Http\\Middleware\\ConvertEmptyStringsToNull->handle()
#33 /home/mtsdrf/workspace/pegaticket-saas/api/vendor/laravel/framework/src/Illuminate/Foundation/Http/Middleware/TransformsRequest.php(21): Illuminate\\Pipeline\\Pipeline->{closure:{closure:Illuminate\\Pipeline\\Pipeline::carry():194}:195}()
#34 /home/mtsdrf/workspace/pegaticket-saas/api/vendor/laravel/framework/src/Illuminate/Foundation/Http/Middleware/TrimStrings.php(51): Illuminate\\Foundation\\Http\\Middleware\\TransformsRequest->handle()
#35 /home/mtsdrf/workspace/pegaticket-saas/api/vendor/laravel/framework/src/Illuminate/Pipeline/Pipeline.php(219): Illuminate\\Foundation\\Http\\Middleware\\TrimStrings->handle()
#36 /home/mtsdrf/workspace/pegaticket-saas/api/vendor/laravel/framework/src/Illuminate/Http/Middleware/ValidatePostSize.php(27): Illuminate\\Pipeline\\Pipeline->{closure:{closure:Illuminate\\Pipeline\\Pipeline::carry():194}:195}()
#37 /home/mtsdrf/workspace/pegaticket-saas/api/vendor/laravel/framework/src/Illuminate/Pipeline/Pipeline.php(219): Illuminate\\Http\\Middleware\\ValidatePostSize->handle()
#38 /home/mtsdrf/workspace/pegaticket-saas/api/vendor/laravel/framework/src/Illuminate/Foundation/Http/Middleware/PreventRequestsDuringMaintenance.php(109): Illuminate\\Pipeline\\Pipeline->{closure:{closure:Illuminate\\Pipeline\\Pipeline::carry():194}:195}()
#39 /home/mtsdrf/workspace/pegaticket-saas/api/vendor/laravel/framework/src/Illuminate/Pipeline/Pipeline.php(219): Illuminate\\Foundation\\Http\\Middleware\\PreventRequestsDuringMaintenance->handle()
#40 /home/mtsdrf/workspace/pegaticket-saas/api/vendor/laravel/framework/src/Illuminate/Http/Middleware/HandleCors.php(74): Illuminate\\Pipeline\\Pipeline->{closure:{closure:Illuminate\\Pipeline\\Pipeline::carry():194}:195}()
#41 /home/mtsdrf/workspace/pegaticket-saas/api/vendor/laravel/framework/src/Illuminate/Pipeline/Pipeline.php(219): Illuminate\\Http\\Middleware\\HandleCors->handle()
#42 /home/mtsdrf/workspace/pegaticket-saas/api/vendor/laravel/framework/src/Illuminate/Http/Middleware/TrustProxies.php(58): Illuminate\\Pipeline\\Pipeline->{closure:{closure:Illuminate\\Pipeline\\Pipeline::carry():194}:195}()
#43 /home/mtsdrf/workspace/pegaticket-saas/api/vendor/laravel/framework/src/Illuminate/Pipeline/Pipeline.php(219): Illuminate\\Http\\Middleware\\TrustProxies->handle()
#44 /home/mtsdrf/workspace/pegaticket-saas/api/vendor/laravel/framework/src/Illuminate/Foundation/Http/Middleware/InvokeDeferredCallbacks.php(22): Illuminate\\Pipeline\\Pipeline->{closure:{closure:Illuminate\\Pipeline\\Pipeline::carry():194}:195}()
#45 /home/mtsdrf/workspace/pegaticket-saas/api/vendor/laravel/framework/src/Illuminate/Pipeline/Pipeline.php(219): Illuminate\\Foundation\\Http\\Middleware\\InvokeDeferredCallbacks->handle()
#46 /home/mtsdrf/workspace/pegaticket-saas/api/vendor/laravel/framework/src/Illuminate/Http/Middleware/ValidatePathEncoding.php(28): Illuminate\\Pipeline\\Pipeline->{closure:{closure:Illuminate\\Pipeline\\Pipeline::carry():194}:195}()
#47 /home/mtsdrf/workspace/pegaticket-saas/api/vendor/laravel/framework/src/Illuminate/Pipeline/Pipeline.php(219): Illuminate\\Http\\Middleware\\ValidatePathEncoding->handle()
#48 /home/mtsdrf/workspace/pegaticket-saas/api/vendor/laravel/framework/src/Illuminate/Pipeline/Pipeline.php(137): Illuminate\\Pipeline\\Pipeline->{closure:{closure:Illuminate\\Pipeline\\Pipeline::carry():194}:195}()
#49 /home/mtsdrf/workspace/pegaticket-saas/api/vendor/laravel/framework/src/Illuminate/Foundation/Http/Kernel.php(175): Illuminate\\Pipeline\\Pipeline->then()
#50 /home/mtsdrf/workspace/pegaticket-saas/api/vendor/laravel/framework/src/Illuminate/Foundation/Http/Kernel.php(144): Illuminate\\Foundation\\Http\\Kernel->sendRequestThroughRouter()
#51 /home/mtsdrf/workspace/pegaticket-saas/api/vendor/laravel/framework/src/Illuminate/Foundation/Testing/Concerns/MakesHttpRequests.php(607): Illuminate\\Foundation\\Http\\Kernel->handle()
#52 /home/mtsdrf/workspace/pegaticket-saas/api/vendor/laravel/framework/src/Illuminate/Foundation/Testing/Concerns/MakesHttpRequests.php(573): Illuminate\\Foundation\\Testing\\TestCase->call()
#53 /home/mtsdrf/workspace/pegaticket-saas/api/vendor/laravel/framework/src/Illuminate/Foundation/Testing/Concerns/MakesHttpRequests.php(471): Illuminate\\Foundation\\Testing\\TestCase->json()
#54 /home/mtsdrf/workspace/pegaticket-saas/api/tests/Feature/Sales/SaleTest.php(299): Illuminate\\Foundation\\Testing\\TestCase->patchJson()
#55 /home/mtsdrf/workspace/pegaticket-saas/api/vendor/phpunit/phpunit/src/Framework/TestCase.php(1318): Tests\\Feature\\Sales\\SaleTest->paying_last_installment_cascades_to_order_paid_and_delivered()
#56 /home/mtsdrf/workspace/pegaticket-saas/api/vendor/phpunit/phpunit/src/Framework/TestCase.php(1355): PHPUnit\\Framework\\TestCase->invokeTestMethod()
#57 /home/mtsdrf/workspace/pegaticket-saas/api/vendor/phpunit/phpunit/src/Framework/TestCase.php(521): PHPUnit\\Framework\\TestCase->runTest()
#58 /home/mtsdrf/workspace/pegaticket-saas/api/vendor/phpunit/phpunit/src/Framework/TestRunner/TestRunner.php(99): PHPUnit\\Framework\\TestCase->runBare()
#59 /home/mtsdrf/workspace/pegaticket-saas/api/vendor/phpunit/phpunit/src/Framework/TestCase.php(361): PHPUnit\\Framework\\TestRunner->run()
#60 /home/mtsdrf/workspace/pegaticket-saas/api/vendor/phpunit/phpunit/src/Framework/TestSuite.php(374): PHPUnit\\Framework\\TestCase->run()
#61 /home/mtsdrf/workspace/pegaticket-saas/api/vendor/phpunit/phpunit/src/Framework/TestSuite.php(374): PHPUnit\\Framework\\TestSuite->run()
#62 /home/mtsdrf/workspace/pegaticket-saas/api/vendor/phpunit/phpunit/src/Framework/TestSuite.php(374): PHPUnit\\Framework\\TestSuite->run()
#63 /home/mtsdrf/workspace/pegaticket-saas/api/vendor/phpunit/phpunit/src/TextUI/TestRunner.php(64): PHPUnit\\Framework\\TestSuite->run()
#64 /home/mtsdrf/workspace/pegaticket-saas/api/vendor/phpunit/phpunit/src/TextUI/Application.php(229): PHPUnit\\TextUI\\TestRunner->run()
#65 /home/mtsdrf/workspace/pegaticket-saas/api/vendor/phpunit/phpunit/phpunit(104): PHPUnit\\TextUI\\Application->run()
#66 {main}
"} 
[2026-08-01 16:53:30] testing.ERROR: App\Http\Controllers\Sale\SaleController::payInstallment(): Argument #3 ($installment) must be of type App\Models\Sale\SaleInstallment, string given, called in /home/mtsdrf/workspace/pegaticket-saas/api/vendor/laravel/framework/src/Illuminate/Routing/ControllerDispatcher.php on line 46 {"userId":1,"exception":"[object] (TypeError(code: 0): App\\Http\\Controllers\\Sale\\SaleController::payInstallment(): Argument #3 ($installment) must be of type App\\Models\\Sale\\SaleInstallment, string given, called in /home/mtsdrf/workspace/pegaticket-saas/api/vendor/laravel/framework/src/Illuminate/Routing/ControllerDispatcher.php on line 46 at /home/mtsdrf/workspace/pegaticket-saas/api/app/Http/Controllers/Sale/SaleController.php:310)
[stacktrace]
#0 /home/mtsdrf/workspace/pegaticket-saas/api/vendor/laravel/framework/src/Illuminate/Routing/ControllerDispatcher.php(46): App\\Http\\Controllers\\Sale\\SaleController->payInstallment()
#1 /home/mtsdrf/workspace/pegaticket-saas/api/vendor/laravel/framework/src/Illuminate/Routing/Route.php(275): Illuminate\\Routing\\ControllerDispatcher->dispatch()
#2 /home/mtsdrf/workspace/pegaticket-saas/api/vendor/laravel/framework/src/Illuminate/Routing/Route.php(215): Illuminate\\Routing\\Route->runController()
#3 /home/mtsdrf/workspace/pegaticket-saas/api/vendor/laravel/framework/src/Illuminate/Routing/Router.php(822): Illuminate\\Routing\\Route->run()
#4 /home/mtsdrf/workspace/pegaticket-saas/api/vendor/laravel/framework/src/Illuminate/Pipeline/Pipeline.php(180): Illuminate\\Routing\\Router->{closure:Illuminate\\Routing\\Router::runRouteWithinStack():821}()
#5 /home/mtsdrf/workspace/pegaticket-saas/api/app/Http/Middleware/ThrottleRequests.php(45): Illuminate\\Pipeline\\Pipeline->{closure:Illuminate\\Pipeline\\Pipeline::prepareDestination():178}()
#6 /home/mtsdrf/workspace/pegaticket-saas/api/vendor/laravel/framework/src/Illuminate/Pipeline/Pipeline.php(219): App\\Http\\Middleware\\ThrottleRequests->handle()
#7 /home/mtsdrf/workspace/pegaticket-saas/api/app/Http/Middleware/CheckPermission.php(58): Illuminate\\Pipeline\\Pipeline->{closure:{closure:Illuminate\\Pipeline\\Pipeline::carry():194}:195}()
#8 /home/mtsdrf/workspace/pegaticket-saas/api/vendor/laravel/framework/src/Illuminate/Pipeline/Pipeline.php(219): App\\Http\\Middleware\\CheckPermission->handle()
#9 /home/mtsdrf/workspace/pegaticket-saas/api/app/Http/Middleware/ResolveTenant.php(66): Illuminate\\Pipeline\\Pipeline->{closure:{closure:Illuminate\\Pipeline\\Pipeline::carry():194}:195}()
#10 /home/mtsdrf/workspace/pegaticket-saas/api/vendor/laravel/framework/src/Illuminate/Pipeline/Pipeline.php(219): App\\Http\\Middleware\\ResolveTenant->handle()
#11 /home/mtsdrf/workspace/pegaticket-saas/api/app/Http/Middleware/JwtAccessMiddleware.php(67): Illuminate\\Pipeline\\Pipeline->{closure:{closure:Illuminate\\Pipeline\\Pipeline::carry():194}:195}()
#12 /home/mtsdrf/workspace/pegaticket-saas/api/vendor/laravel/framework/src/Illuminate/Pipeline/Pipeline.php(219): App\\Http\\Middleware\\JwtAccessMiddleware->handle()
#13 /home/mtsdrf/workspace/pegaticket-saas/api/vendor/laravel/framework/src/Illuminate/Routing/Middleware/SubstituteBindings.php(52): Illuminate\\Pipeline\\Pipeline->{closure:{closure:Illuminate\\Pipeline\\Pipeline::carry():194}:195}()
#14 /home/mtsdrf/workspace/pegaticket-saas/api/vendor/laravel/framework/src/Illuminate/Pipeline/Pipeline.php(219): Illuminate\\Routing\\Middleware\\SubstituteBindings->handle()
#15 /home/mtsdrf/workspace/pegaticket-saas/api/vendor/laravel/framework/src/Illuminate/Pipeline/Pipeline.php(137): Illuminate\\Pipeline\\Pipeline->{closure:{closure:Illuminate\\Pipeline\\Pipeline::carry():194}:195}()
#16 /home/mtsdrf/workspace/pegaticket-saas/api/vendor/laravel/framework/src/Illuminate/Routing/Router.php(821): Illuminate\\Pipeline\\Pipeline->then()
#17 /home/mtsdrf/workspace/pegaticket-saas/api/vendor/laravel/framework/src/Illuminate/Routing/Router.php(800): Illuminate\\Routing\\Router->runRouteWithinStack()
#18 /home/mtsdrf/workspace/pegaticket-saas/api/vendor/laravel/framework/src/Illuminate/Routing/Router.php(764): Illuminate\\Routing\\Router->runRoute()
#19 /home/mtsdrf/workspace/pegaticket-saas/api/vendor/laravel/framework/src/Illuminate/Routing/Router.php(753): Illuminate\\Routing\\Router->dispatchToRoute()
#20 /home/mtsdrf/workspace/pegaticket-saas/api/vendor/laravel/framework/src/Illuminate/Foundation/Http/Kernel.php(200): Illuminate\\Routing\\Router->dispatch()
#21 /home/mtsdrf/workspace/pegaticket-saas/api/vendor/laravel/framework/src/Illuminate/Pipeline/Pipeline.php(180): Illuminate\\Foundation\\Http\\Kernel->{closure:Illuminate\\Foundation\\Http\\Kernel::dispatchToRouter():197}()
#22 /home/mtsdrf/workspace/pegaticket-saas/api/app/Http/Middleware/SetLocale.php(17): Illuminate\\Pipeline\\Pipeline->{closure:Illuminate\\Pipeline\\Pipeline::prepareDestination():178}()
#23 /home/mtsdrf/workspace/pegaticket-saas/api/vendor/laravel/framework/src/Illuminate/Pipeline/Pipeline.php(219): App\\Http\\Middleware\\SetLocale->handle()
#24 /home/mtsdrf/workspace/pegaticket-saas/api/app/Http/Middleware/ApplicationRequestLogger.php(15): Illuminate\\Pipeline\\Pipeline->{closure:{closure:Illuminate\\Pipeline\\Pipeline::carry():194}:195}()
#25 /home/mtsdrf/workspace/pegaticket-saas/api/vendor/laravel/framework/src/Illuminate/Pipeline/Pipeline.php(219): App\\Http\\Middleware\\ApplicationRequestLogger->handle()
#26 /home/mtsdrf/workspace/pegaticket-saas/api/app/Http/Middleware/RequestId.php(16): Illuminate\\Pipeline\\Pipeline->{closure:{closure:Illuminate\\Pipeline\\Pipeline::carry():194}:195}()
#27 /home/mtsdrf/workspace/pegaticket-saas/api/vendor/laravel/framework/src/Illuminate/Pipeline/Pipeline.php(219): App\\Http\\Middleware\\RequestId->handle()
#28 /home/mtsdrf/workspace/pegaticket-saas/api/app/Http/Middleware/ApiHardening.php(14): Illuminate\\Pipeline\\Pipeline->{closure:{closure:Illuminate\\Pipeline\\Pipeline::carry():194}:195}()
#29 /home/mtsdrf/workspace/pegaticket-saas/api/vendor/laravel/framework/src/Illuminate/Pipeline/Pipeline.php(219): App\\Http\\Middleware\\ApiHardening->handle()
#30 /home/mtsdrf/workspace/pegaticket-saas/api/vendor/laravel/framework/src/Illuminate/Foundation/Http/Middleware/TransformsRequest.php(21): Illuminate\\Pipeline\\Pipeline->{closure:{closure:Illuminate\\Pipeline\\Pipeline::carry():194}:195}()
#31 /home/mtsdrf/workspace/pegaticket-saas/api/vendor/laravel/framework/src/Illuminate/Foundation/Http/Middleware/ConvertEmptyStringsToNull.php(31): Illuminate\\Foundation\\Http\\Middleware\\TransformsRequest->handle()
#32 /home/mtsdrf/workspace/pegaticket-saas/api/vendor/laravel/framework/src/Illuminate/Pipeline/Pipeline.php(219): Illuminate\\Foundation\\Http\\Middleware\\ConvertEmptyStringsToNull->handle()
#33 /home/mtsdrf/workspace/pegaticket-saas/api/vendor/laravel/framework/src/Illuminate/Foundation/Http/Middleware/TransformsRequest.php(21): Illuminate\\Pipeline\\Pipeline->{closure:{closure:Illuminate\\Pipeline\\Pipeline::carry():194}:195}()
#34 /home/mtsdrf/workspace/pegaticket-saas/api/vendor/laravel/framework/src/Illuminate/Foundation/Http/Middleware/TrimStrings.php(51): Illuminate\\Foundation\\Http\\Middleware\\TransformsRequest->handle()
#35 /home/mtsdrf/workspace/pegaticket-saas/api/vendor/laravel/framework/src/Illuminate/Pipeline/Pipeline.php(219): Illuminate\\Foundation\\Http\\Middleware\\TrimStrings->handle()
#36 /home/mtsdrf/workspace/pegaticket-saas/api/vendor/laravel/framework/src/Illuminate/Http/Middleware/ValidatePostSize.php(27): Illuminate\\Pipeline\\Pipeline->{closure:{closure:Illuminate\\Pipeline\\Pipeline::carry():194}:195}()
#37 /home/mtsdrf/workspace/pegaticket-saas/api/vendor/laravel/framework/src/Illuminate/Pipeline/Pipeline.php(219): Illuminate\\Http\\Middleware\\ValidatePostSize->handle()
#38 /home/mtsdrf/workspace/pegaticket-saas/api/vendor/laravel/framework/src/Illuminate/Foundation/Http/Middleware/PreventRequestsDuringMaintenance.php(109): Illuminate\\Pipeline\\Pipeline->{closure:{closure:Illuminate\\Pipeline\\Pipeline::carry():194}:195}()
#39 /home/mtsdrf/workspace/pegaticket-saas/api/vendor/laravel/framework/src/Illuminate/Pipeline/Pipeline.php(219): Illuminate\\Foundation\\Http\\Middleware\\PreventRequestsDuringMaintenance->handle()
#40 /home/mtsdrf/workspace/pegaticket-saas/api/vendor/laravel/framework/src/Illuminate/Http/Middleware/HandleCors.php(74): Illuminate\\Pipeline\\Pipeline->{closure:{closure:Illuminate\\Pipeline\\Pipeline::carry():194}:195}()
#41 /home/mtsdrf/workspace/pegaticket-saas/api/vendor/laravel/framework/src/Illuminate/Pipeline/Pipeline.php(219): Illuminate\\Http\\Middleware\\HandleCors->handle()
#42 /home/mtsdrf/workspace/pegaticket-saas/api/vendor/laravel/framework/src/Illuminate/Http/Middleware/TrustProxies.php(58): Illuminate\\Pipeline\\Pipeline->{closure:{closure:Illuminate\\Pipeline\\Pipeline::carry():194}:195}()
#43 /home/mtsdrf/workspace/pegaticket-saas/api/vendor/laravel/framework/src/Illuminate/Pipeline/Pipeline.php(219): Illuminate\\Http\\Middleware\\TrustProxies->handle()
#44 /home/mtsdrf/workspace/pegaticket-saas/api/vendor/laravel/framework/src/Illuminate/Foundation/Http/Middleware/InvokeDeferredCallbacks.php(22): Illuminate\\Pipeline\\Pipeline->{closure:{closure:Illuminate\\Pipeline\\Pipeline::carry():194}:195}()
#45 /home/mtsdrf/workspace/pegaticket-saas/api/vendor/laravel/framework/src/Illuminate/Pipeline/Pipeline.php(219): Illuminate\\Foundation\\Http\\Middleware\\InvokeDeferredCallbacks->handle()
#46 /home/mtsdrf/workspace/pegaticket-saas/api/vendor/laravel/framework/src/Illuminate/Http/Middleware/ValidatePathEncoding.php(28): Illuminate\\Pipeline\\Pipeline->{closure:{closure:Illuminate\\Pipeline\\Pipeline::carry():194}:195}()
#47 /home/mtsdrf/workspace/pegaticket-saas/api/vendor/laravel/framework/src/Illuminate/Pipeline/Pipeline.php(219): Illuminate\\Http\\Middleware\\ValidatePathEncoding->handle()
#48 /home/mtsdrf/workspace/pegaticket-saas/api/vendor/laravel/framework/src/Illuminate/Pipeline/Pipeline.php(137): Illuminate\\Pipeline\\Pipeline->{closure:{closure:Illuminate\\Pipeline\\Pipeline::carry():194}:195}()
#49 /home/mtsdrf/workspace/pegaticket-saas/api/vendor/laravel/framework/src/Illuminate/Foundation/Http/Kernel.php(175): Illuminate\\Pipeline\\Pipeline->then()
#50 /home/mtsdrf/workspace/pegaticket-saas/api/vendor/laravel/framework/src/Illuminate/Foundation/Http/Kernel.php(144): Illuminate\\Foundation\\Http\\Kernel->sendRequestThroughRouter()
#51 /home/mtsdrf/workspace/pegaticket-saas/api/vendor/laravel/framework/src/Illuminate/Foundation/Testing/Concerns/MakesHttpRequests.php(607): Illuminate\\Foundation\\Http\\Kernel->handle()
#52 /home/mtsdrf/workspace/pegaticket-saas/api/vendor/laravel/framework/src/Illuminate/Foundation/Testing/Concerns/MakesHttpRequests.php(573): Illuminate\\Foundation\\Testing\\TestCase->call()
#53 /home/mtsdrf/workspace/pegaticket-saas/api/vendor/laravel/framework/src/Illuminate/Foundation/Testing/Concerns/MakesHttpRequests.php(471): Illuminate\\Foundation\\Testing\\TestCase->json()
#54 /home/mtsdrf/workspace/pegaticket-saas/api/tests/Feature/Sales/SaleTest.php(418): Illuminate\\Foundation\\Testing\\TestCase->patchJson()
#55 /home/mtsdrf/workspace/pegaticket-saas/api/vendor/phpunit/phpunit/src/Framework/TestCase.php(1318): Tests\\Feature\\Sales\\SaleTest->paying_last_installment_with_explicit_paid_at_reflects_on_order_paid_at()
#56 /home/mtsdrf/workspace/pegaticket-saas/api/vendor/phpunit/phpunit/src/Framework/TestCase.php(1355): PHPUnit\\Framework\\TestCase->invokeTestMethod()
#57 /home/mtsdrf/workspace/pegaticket-saas/api/vendor/phpunit/phpunit/src/Framework/TestCase.php(521): PHPUnit\\Framework\\TestCase->runTest()
#58 /home/mtsdrf/workspace/pegaticket-saas/api/vendor/phpunit/phpunit/src/Framework/TestRunner/TestRunner.php(99): PHPUnit\\Framework\\TestCase->runBare()
#59 /home/mtsdrf/workspace/pegaticket-saas/api/vendor/phpunit/phpunit/src/Framework/TestCase.php(361): PHPUnit\\Framework\\TestRunner->run()
#60 /home/mtsdrf/workspace/pegaticket-saas/api/vendor/phpunit/phpunit/src/Framework/TestSuite.php(374): PHPUnit\\Framework\\TestCase->run()
#61 /home/mtsdrf/workspace/pegaticket-saas/api/vendor/phpunit/phpunit/src/Framework/TestSuite.php(374): PHPUnit\\Framework\\TestSuite->run()
#62 /home/mtsdrf/workspace/pegaticket-saas/api/vendor/phpunit/phpunit/src/Framework/TestSuite.php(374): PHPUnit\\Framework\\TestSuite->run()
#63 /home/mtsdrf/workspace/pegaticket-saas/api/vendor/phpunit/phpunit/src/TextUI/TestRunner.php(64): PHPUnit\\Framework\\TestSuite->run()
#64 /home/mtsdrf/workspace/pegaticket-saas/api/vendor/phpunit/phpunit/src/TextUI/Application.php(229): PHPUnit\\TextUI\\TestRunner->run()
#65 /home/mtsdrf/workspace/pegaticket-saas/api/vendor/phpunit/phpunit/phpunit(104): PHPUnit\\TextUI\\Application->run()
#66 {main}
"} 
[2026-08-01 16:53:30] testing.ERROR: App\Http\Controllers\Sale\SaleController::payInstallment(): Argument #3 ($installment) must be of type App\Models\Sale\SaleInstallment, string given, called in /home/mtsdrf/workspace/pegaticket-saas/api/vendor/laravel/framework/src/Illuminate/Routing/ControllerDispatcher.php on line 46 {"userId":1,"exception":"[object] (TypeError(code: 0): App\\Http\\Controllers\\Sale\\SaleController::payInstallment(): Argument #3 ($installment) must be of type App\\Models\\Sale\\SaleInstallment, string given, called in /home/mtsdrf/workspace/pegaticket-saas/api/vendor/laravel/framework/src/Illuminate/Routing/ControllerDispatcher.php on line 46 at /home/mtsdrf/workspace/pegaticket-saas/api/app/Http/Controllers/Sale/SaleController.php:310)
[stacktrace]
#0 /home/mtsdrf/workspace/pegaticket-saas/api/vendor/laravel/framework/src/Illuminate/Routing/ControllerDispatcher.php(46): App\\Http\\Controllers\\Sale\\SaleController->payInstallment()
#1 /home/mtsdrf/workspace/pegaticket-saas/api/vendor/laravel/framework/src/Illuminate/Routing/Route.php(275): Illuminate\\Routing\\ControllerDispatcher->dispatch()
#2 /home/mtsdrf/workspace/pegaticket-saas/api/vendor/laravel/framework/src/Illuminate/Routing/Route.php(215): Illuminate\\Routing\\Route->runController()
#3 /home/mtsdrf/workspace/pegaticket-saas/api/vendor/laravel/framework/src/Illuminate/Routing/Router.php(822): Illuminate\\Routing\\Route->run()
#4 /home/mtsdrf/workspace/pegaticket-saas/api/vendor/laravel/framework/src/Illuminate/Pipeline/Pipeline.php(180): Illuminate\\Routing\\Router->{closure:Illuminate\\Routing\\Router::runRouteWithinStack():821}()
#5 /home/mtsdrf/workspace/pegaticket-saas/api/app/Http/Middleware/ThrottleRequests.php(45): Illuminate\\Pipeline\\Pipeline->{closure:Illuminate\\Pipeline\\Pipeline::prepareDestination():178}()
#6 /home/mtsdrf/workspace/pegaticket-saas/api/vendor/laravel/framework/src/Illuminate/Pipeline/Pipeline.php(219): App\\Http\\Middleware\\ThrottleRequests->handle()
#7 /home/mtsdrf/workspace/pegaticket-saas/api/app/Http/Middleware/CheckPermission.php(58): Illuminate\\Pipeline\\Pipeline->{closure:{closure:Illuminate\\Pipeline\\Pipeline::carry():194}:195}()
#8 /home/mtsdrf/workspace/pegaticket-saas/api/vendor/laravel/framework/src/Illuminate/Pipeline/Pipeline.php(219): App\\Http\\Middleware\\CheckPermission->handle()
#9 /home/mtsdrf/workspace/pegaticket-saas/api/app/Http/Middleware/ResolveTenant.php(66): Illuminate\\Pipeline\\Pipeline->{closure:{closure:Illuminate\\Pipeline\\Pipeline::carry():194}:195}()
#10 /home/mtsdrf/workspace/pegaticket-saas/api/vendor/laravel/framework/src/Illuminate/Pipeline/Pipeline.php(219): App\\Http\\Middleware\\ResolveTenant->handle()
#11 /home/mtsdrf/workspace/pegaticket-saas/api/app/Http/Middleware/JwtAccessMiddleware.php(67): Illuminate\\Pipeline\\Pipeline->{closure:{closure:Illuminate\\Pipeline\\Pipeline::carry():194}:195}()
#12 /home/mtsdrf/workspace/pegaticket-saas/api/vendor/laravel/framework/src/Illuminate/Pipeline/Pipeline.php(219): App\\Http\\Middleware\\JwtAccessMiddleware->handle()
#13 /home/mtsdrf/workspace/pegaticket-saas/api/vendor/laravel/framework/src/Illuminate/Routing/Middleware/SubstituteBindings.php(52): Illuminate\\Pipeline\\Pipeline->{closure:{closure:Illuminate\\Pipeline\\Pipeline::carry():194}:195}()
#14 /home/mtsdrf/workspace/pegaticket-saas/api/vendor/laravel/framework/src/Illuminate/Pipeline/Pipeline.php(219): Illuminate\\Routing\\Middleware\\SubstituteBindings->handle()
#15 /home/mtsdrf/workspace/pegaticket-saas/api/vendor/laravel/framework/src/Illuminate/Pipeline/Pipeline.php(137): Illuminate\\Pipeline\\Pipeline->{closure:{closure:Illuminate\\Pipeline\\Pipeline::carry():194}:195}()
#16 /home/mtsdrf/workspace/pegaticket-saas/api/vendor/laravel/framework/src/Illuminate/Routing/Router.php(821): Illuminate\\Pipeline\\Pipeline->then()
#17 /home/mtsdrf/workspace/pegaticket-saas/api/vendor/laravel/framework/src/Illuminate/Routing/Router.php(800): Illuminate\\Routing\\Router->runRouteWithinStack()
#18 /home/mtsdrf/workspace/pegaticket-saas/api/vendor/laravel/framework/src/Illuminate/Routing/Router.php(764): Illuminate\\Routing\\Router->runRoute()
#19 /home/mtsdrf/workspace/pegaticket-saas/api/vendor/laravel/framework/src/Illuminate/Routing/Router.php(753): Illuminate\\Routing\\Router->dispatchToRoute()
#20 /home/mtsdrf/workspace/pegaticket-saas/api/vendor/laravel/framework/src/Illuminate/Foundation/Http/Kernel.php(200): Illuminate\\Routing\\Router->dispatch()
#21 /home/mtsdrf/workspace/pegaticket-saas/api/vendor/laravel/framework/src/Illuminate/Pipeline/Pipeline.php(180): Illuminate\\Foundation\\Http\\Kernel->{closure:Illuminate\\Foundation\\Http\\Kernel::dispatchToRouter():197}()
#22 /home/mtsdrf/workspace/pegaticket-saas/api/app/Http/Middleware/SetLocale.php(17): Illuminate\\Pipeline\\Pipeline->{closure:Illuminate\\Pipeline\\Pipeline::prepareDestination():178}()
#23 /home/mtsdrf/workspace/pegaticket-saas/api/vendor/laravel/framework/src/Illuminate/Pipeline/Pipeline.php(219): App\\Http\\Middleware\\SetLocale->handle()
#24 /home/mtsdrf/workspace/pegaticket-saas/api/app/Http/Middleware/ApplicationRequestLogger.php(15): Illuminate\\Pipeline\\Pipeline->{closure:{closure:Illuminate\\Pipeline\\Pipeline::carry():194}:195}()
#25 /home/mtsdrf/workspace/pegaticket-saas/api/vendor/laravel/framework/src/Illuminate/Pipeline/Pipeline.php(219): App\\Http\\Middleware\\ApplicationRequestLogger->handle()
#26 /home/mtsdrf/workspace/pegaticket-saas/api/app/Http/Middleware/RequestId.php(16): Illuminate\\Pipeline\\Pipeline->{closure:{closure:Illuminate\\Pipeline\\Pipeline::carry():194}:195}()
#27 /home/mtsdrf/workspace/pegaticket-saas/api/vendor/laravel/framework/src/Illuminate/Pipeline/Pipeline.php(219): App\\Http\\Middleware\\RequestId->handle()
#28 /home/mtsdrf/workspace/pegaticket-saas/api/app/Http/Middleware/ApiHardening.php(14): Illuminate\\Pipeline\\Pipeline->{closure:{closure:Illuminate\\Pipeline\\Pipeline::carry():194}:195}()
#29 /home/mtsdrf/workspace/pegaticket-saas/api/vendor/laravel/framework/src/Illuminate/Pipeline/Pipeline.php(219): App\\Http\\Middleware\\ApiHardening->handle()
#30 /home/mtsdrf/workspace/pegaticket-saas/api/vendor/laravel/framework/src/Illuminate/Foundation/Http/Middleware/TransformsRequest.php(21): Illuminate\\Pipeline\\Pipeline->{closure:{closure:Illuminate\\Pipeline\\Pipeline::carry():194}:195}()
#31 /home/mtsdrf/workspace/pegaticket-saas/api/vendor/laravel/framework/src/Illuminate/Foundation/Http/Middleware/ConvertEmptyStringsToNull.php(31): Illuminate\\Foundation\\Http\\Middleware\\TransformsRequest->handle()
#32 /home/mtsdrf/workspace/pegaticket-saas/api/vendor/laravel/framework/src/Illuminate/Pipeline/Pipeline.php(219): Illuminate\\Foundation\\Http\\Middleware\\ConvertEmptyStringsToNull->handle()
#33 /home/mtsdrf/workspace/pegaticket-saas/api/vendor/laravel/framework/src/Illuminate/Foundation/Http/Middleware/TransformsRequest.php(21): Illuminate\\Pipeline\\Pipeline->{closure:{closure:Illuminate\\Pipeline\\Pipeline::carry():194}:195}()
#34 /home/mtsdrf/workspace/pegaticket-saas/api/vendor/laravel/framework/src/Illuminate/Foundation/Http/Middleware/TrimStrings.php(51): Illuminate\\Foundation\\Http\\Middleware\\TransformsRequest->handle()
#35 /home/mtsdrf/workspace/pegaticket-saas/api/vendor/laravel/framework/src/Illuminate/Pipeline/Pipeline.php(219): Illuminate\\Foundation\\Http\\Middleware\\TrimStrings->handle()
#36 /home/mtsdrf/workspace/pegaticket-saas/api/vendor/laravel/framework/src/Illuminate/Http/Middleware/ValidatePostSize.php(27): Illuminate\\Pipeline\\Pipeline->{closure:{closure:Illuminate\\Pipeline\\Pipeline::carry():194}:195}()
#37 /home/mtsdrf/workspace/pegaticket-saas/api/vendor/laravel/framework/src/Illuminate/Pipeline/Pipeline.php(219): Illuminate\\Http\\Middleware\\ValidatePostSize->handle()
#38 /home/mtsdrf/workspace/pegaticket-saas/api/vendor/laravel/framework/src/Illuminate/Foundation/Http/Middleware/PreventRequestsDuringMaintenance.php(109): Illuminate\\Pipeline\\Pipeline->{closure:{closure:Illuminate\\Pipeline\\Pipeline::carry():194}:195}()
#39 /home/mtsdrf/workspace/pegaticket-saas/api/vendor/laravel/framework/src/Illuminate/Pipeline/Pipeline.php(219): Illuminate\\Foundation\\Http\\Middleware\\PreventRequestsDuringMaintenance->handle()
#40 /home/mtsdrf/workspace/pegaticket-saas/api/vendor/laravel/framework/src/Illuminate/Http/Middleware/HandleCors.php(74): Illuminate\\Pipeline\\Pipeline->{closure:{closure:Illuminate\\Pipeline\\Pipeline::carry():194}:195}()
#41 /home/mtsdrf/workspace/pegaticket-saas/api/vendor/laravel/framework/src/Illuminate/Pipeline/Pipeline.php(219): Illuminate\\Http\\Middleware\\HandleCors->handle()
#42 /home/mtsdrf/workspace/pegaticket-saas/api/vendor/laravel/framework/src/Illuminate/Http/Middleware/TrustProxies.php(58): Illuminate\\Pipeline\\Pipeline->{closure:{closure:Illuminate\\Pipeline\\Pipeline::carry():194}:195}()
#43 /home/mtsdrf/workspace/pegaticket-saas/api/vendor/laravel/framework/src/Illuminate/Pipeline/Pipeline.php(219): Illuminate\\Http\\Middleware\\TrustProxies->handle()
#44 /home/mtsdrf/workspace/pegaticket-saas/api/vendor/laravel/framework/src/Illuminate/Foundation/Http/Middleware/InvokeDeferredCallbacks.php(22): Illuminate\\Pipeline\\Pipeline->{closure:{closure:Illuminate\\Pipeline\\Pipeline::carry():194}:195}()
#45 /home/mtsdrf/workspace/pegaticket-saas/api/vendor/laravel/framework/src/Illuminate/Pipeline/Pipeline.php(219): Illuminate\\Foundation\\Http\\Middleware\\InvokeDeferredCallbacks->handle()
#46 /home/mtsdrf/workspace/pegaticket-saas/api/vendor/laravel/framework/src/Illuminate/Http/Middleware/ValidatePathEncoding.php(28): Illuminate\\Pipeline\\Pipeline->{closure:{closure:Illuminate\\Pipeline\\Pipeline::carry():194}:195}()
#47 /home/mtsdrf/workspace/pegaticket-saas/api/vendor/laravel/framework/src/Illuminate/Pipeline/Pipeline.php(219): Illuminate\\Http\\Middleware\\ValidatePathEncoding->handle()
#48 /home/mtsdrf/workspace/pegaticket-saas/api/vendor/laravel/framework/src/Illuminate/Pipeline/Pipeline.php(137): Illuminate\\Pipeline\\Pipeline->{closure:{closure:Illuminate\\Pipeline\\Pipeline::carry():194}:195}()
#49 /home/mtsdrf/workspace/pegaticket-saas/api/vendor/laravel/framework/src/Illuminate/Foundation/Http/Kernel.php(175): Illuminate\\Pipeline\\Pipeline->then()
#50 /home/mtsdrf/workspace/pegaticket-saas/api/vendor/laravel/framework/src/Illuminate/Foundation/Http/Kernel.php(144): Illuminate\\Foundation\\Http\\Kernel->sendRequestThroughRouter()
#51 /home/mtsdrf/workspace/pegaticket-saas/api/vendor/laravel/framework/src/Illuminate/Foundation/Testing/Concerns/MakesHttpRequests.php(607): Illuminate\\Foundation\\Http\\Kernel->handle()
#52 /home/mtsdrf/workspace/pegaticket-saas/api/vendor/laravel/framework/src/Illuminate/Foundation/Testing/Concerns/MakesHttpRequests.php(573): Illuminate\\Foundation\\Testing\\TestCase->call()
#53 /home/mtsdrf/workspace/pegaticket-saas/api/vendor/laravel/framework/src/Illuminate/Foundation/Testing/Concerns/MakesHttpRequests.php(471): Illuminate\\Foundation\\Testing\\TestCase->json()
#54 /home/mtsdrf/workspace/pegaticket-saas/api/tests/Feature/Sales/SaleTest.php(457): Illuminate\\Foundation\\Testing\\TestCase->patchJson()
#55 /home/mtsdrf/workspace/pegaticket-saas/api/vendor/phpunit/phpunit/src/Framework/TestCase.php(1318): Tests\\Feature\\Sales\\SaleTest->cancel_is_blocked_when_an_installment_is_already_paid()
#56 /home/mtsdrf/workspace/pegaticket-saas/api/vendor/phpunit/phpunit/src/Framework/TestCase.php(1355): PHPUnit\\Framework\\TestCase->invokeTestMethod()
#57 /home/mtsdrf/workspace/pegaticket-saas/api/vendor/phpunit/phpunit/src/Framework/TestCase.php(521): PHPUnit\\Framework\\TestCase->runTest()
#58 /home/mtsdrf/workspace/pegaticket-saas/api/vendor/phpunit/phpunit/src/Framework/TestRunner/TestRunner.php(99): PHPUnit\\Framework\\TestCase->runBare()
#59 /home/mtsdrf/workspace/pegaticket-saas/api/vendor/phpunit/phpunit/src/Framework/TestCase.php(361): PHPUnit\\Framework\\TestRunner->run()
#60 /home/mtsdrf/workspace/pegaticket-saas/api/vendor/phpunit/phpunit/src/Framework/TestSuite.php(374): PHPUnit\\Framework\\TestCase->run()
#61 /home/mtsdrf/workspace/pegaticket-saas/api/vendor/phpunit/phpunit/src/Framework/TestSuite.php(374): PHPUnit\\Framework\\TestSuite->run()
#62 /home/mtsdrf/workspace/pegaticket-saas/api/vendor/phpunit/phpunit/src/Framework/TestSuite.php(374): PHPUnit\\Framework\\TestSuite->run()
#63 /home/mtsdrf/workspace/pegaticket-saas/api/vendor/phpunit/phpunit/src/TextUI/TestRunner.php(64): PHPUnit\\Framework\\TestSuite->run()
#64 /home/mtsdrf/workspace/pegaticket-saas/api/vendor/phpunit/phpunit/src/TextUI/Application.php(229): PHPUnit\\TextUI\\TestRunner->run()
#65 /home/mtsdrf/workspace/pegaticket-saas/api/vendor/phpunit/phpunit/phpunit(104): PHPUnit\\TextUI\\Application->run()
#66 {main}
"} 
[2026-08-01 16:53:30] testing.ERROR: App\Http\Controllers\Sale\SaleController::payInstallment(): Argument #3 ($installment) must be of type App\Models\Sale\SaleInstallment, string given, called in /home/mtsdrf/workspace/pegaticket-saas/api/vendor/laravel/framework/src/Illuminate/Routing/ControllerDispatcher.php on line 46 {"userId":1,"exception":"[object] (TypeError(code: 0): App\\Http\\Controllers\\Sale\\SaleController::payInstallment(): Argument #3 ($installment) must be of type App\\Models\\Sale\\SaleInstallment, string given, called in /home/mtsdrf/workspace/pegaticket-saas/api/vendor/laravel/framework/src/Illuminate/Routing/ControllerDispatcher.php on line 46 at /home/mtsdrf/workspace/pegaticket-saas/api/app/Http/Controllers/Sale/SaleController.php:310)
[stacktrace]
#0 /home/mtsdrf/workspace/pegaticket-saas/api/vendor/laravel/framework/src/Illuminate/Routing/ControllerDispatcher.php(46): App\\Http\\Controllers\\Sale\\SaleController->payInstallment()
#1 /home/mtsdrf/workspace/pegaticket-saas/api/vendor/laravel/framework/src/Illuminate/Routing/Route.php(275): Illuminate\\Routing\\ControllerDispatcher->dispatch()
#2 /home/mtsdrf/workspace/pegaticket-saas/api/vendor/laravel/framework/src/Illuminate/Routing/Route.php(215): Illuminate\\Routing\\Route->runController()
#3 /home/mtsdrf/workspace/pegaticket-saas/api/vendor/laravel/framework/src/Illuminate/Routing/Router.php(822): Illuminate\\Routing\\Route->run()
#4 /home/mtsdrf/workspace/pegaticket-saas/api/vendor/laravel/framework/src/Illuminate/Pipeline/Pipeline.php(180): Illuminate\\Routing\\Router->{closure:Illuminate\\Routing\\Router::runRouteWithinStack():821}()
#5 /home/mtsdrf/workspace/pegaticket-saas/api/app/Http/Middleware/ThrottleRequests.php(45): Illuminate\\Pipeline\\Pipeline->{closure:Illuminate\\Pipeline\\Pipeline::prepareDestination():178}()
#6 /home/mtsdrf/workspace/pegaticket-saas/api/vendor/laravel/framework/src/Illuminate/Pipeline/Pipeline.php(219): App\\Http\\Middleware\\ThrottleRequests->handle()
#7 /home/mtsdrf/workspace/pegaticket-saas/api/app/Http/Middleware/CheckPermission.php(58): Illuminate\\Pipeline\\Pipeline->{closure:{closure:Illuminate\\Pipeline\\Pipeline::carry():194}:195}()
#8 /home/mtsdrf/workspace/pegaticket-saas/api/vendor/laravel/framework/src/Illuminate/Pipeline/Pipeline.php(219): App\\Http\\Middleware\\CheckPermission->handle()
#9 /home/mtsdrf/workspace/pegaticket-saas/api/app/Http/Middleware/ResolveTenant.php(66): Illuminate\\Pipeline\\Pipeline->{closure:{closure:Illuminate\\Pipeline\\Pipeline::carry():194}:195}()
#10 /home/mtsdrf/workspace/pegaticket-saas/api/vendor/laravel/framework/src/Illuminate/Pipeline/Pipeline.php(219): App\\Http\\Middleware\\ResolveTenant->handle()
#11 /home/mtsdrf/workspace/pegaticket-saas/api/app/Http/Middleware/JwtAccessMiddleware.php(67): Illuminate\\Pipeline\\Pipeline->{closure:{closure:Illuminate\\Pipeline\\Pipeline::carry():194}:195}()
#12 /home/mtsdrf/workspace/pegaticket-saas/api/vendor/laravel/framework/src/Illuminate/Pipeline/Pipeline.php(219): App\\Http\\Middleware\\JwtAccessMiddleware->handle()
#13 /home/mtsdrf/workspace/pegaticket-saas/api/vendor/laravel/framework/src/Illuminate/Routing/Middleware/SubstituteBindings.php(52): Illuminate\\Pipeline\\Pipeline->{closure:{closure:Illuminate\\Pipeline\\Pipeline::carry():194}:195}()
#14 /home/mtsdrf/workspace/pegaticket-saas/api/vendor/laravel/framework/src/Illuminate/Pipeline/Pipeline.php(219): Illuminate\\Routing\\Middleware\\SubstituteBindings->handle()
#15 /home/mtsdrf/workspace/pegaticket-saas/api/vendor/laravel/framework/src/Illuminate/Pipeline/Pipeline.php(137): Illuminate\\Pipeline\\Pipeline->{closure:{closure:Illuminate\\Pipeline\\Pipeline::carry():194}:195}()
#16 /home/mtsdrf/workspace/pegaticket-saas/api/vendor/laravel/framework/src/Illuminate/Routing/Router.php(821): Illuminate\\Pipeline\\Pipeline->then()
#17 /home/mtsdrf/workspace/pegaticket-saas/api/vendor/laravel/framework/src/Illuminate/Routing/Router.php(800): Illuminate\\Routing\\Router->runRouteWithinStack()
#18 /home/mtsdrf/workspace/pegaticket-saas/api/vendor/laravel/framework/src/Illuminate/Routing/Router.php(764): Illuminate\\Routing\\Router->runRoute()
#19 /home/mtsdrf/workspace/pegaticket-saas/api/vendor/laravel/framework/src/Illuminate/Routing/Router.php(753): Illuminate\\Routing\\Router->dispatchToRoute()
#20 /home/mtsdrf/workspace/pegaticket-saas/api/vendor/laravel/framework/src/Illuminate/Foundation/Http/Kernel.php(200): Illuminate\\Routing\\Router->dispatch()
#21 /home/mtsdrf/workspace/pegaticket-saas/api/vendor/laravel/framework/src/Illuminate/Pipeline/Pipeline.php(180): Illuminate\\Foundation\\Http\\Kernel->{closure:Illuminate\\Foundation\\Http\\Kernel::dispatchToRouter():197}()
#22 /home/mtsdrf/workspace/pegaticket-saas/api/app/Http/Middleware/SetLocale.php(17): Illuminate\\Pipeline\\Pipeline->{closure:Illuminate\\Pipeline\\Pipeline::prepareDestination():178}()
#23 /home/mtsdrf/workspace/pegaticket-saas/api/vendor/laravel/framework/src/Illuminate/Pipeline/Pipeline.php(219): App\\Http\\Middleware\\SetLocale->handle()
#24 /home/mtsdrf/workspace/pegaticket-saas/api/app/Http/Middleware/ApplicationRequestLogger.php(15): Illuminate\\Pipeline\\Pipeline->{closure:{closure:Illuminate\\Pipeline\\Pipeline::carry():194}:195}()
#25 /home/mtsdrf/workspace/pegaticket-saas/api/vendor/laravel/framework/src/Illuminate/Pipeline/Pipeline.php(219): App\\Http\\Middleware\\ApplicationRequestLogger->handle()
#26 /home/mtsdrf/workspace/pegaticket-saas/api/app/Http/Middleware/RequestId.php(16): Illuminate\\Pipeline\\Pipeline->{closure:{closure:Illuminate\\Pipeline\\Pipeline::carry():194}:195}()
#27 /home/mtsdrf/workspace/pegaticket-saas/api/vendor/laravel/framework/src/Illuminate/Pipeline/Pipeline.php(219): App\\Http\\Middleware\\RequestId->handle()
#28 /home/mtsdrf/workspace/pegaticket-saas/api/app/Http/Middleware/ApiHardening.php(14): Illuminate\\Pipeline\\Pipeline->{closure:{closure:Illuminate\\Pipeline\\Pipeline::carry():194}:195}()
#29 /home/mtsdrf/workspace/pegaticket-saas/api/vendor/laravel/framework/src/Illuminate/Pipeline/Pipeline.php(219): App\\Http\\Middleware\\ApiHardening->handle()
#30 /home/mtsdrf/workspace/pegaticket-saas/api/vendor/laravel/framework/src/Illuminate/Foundation/Http/Middleware/TransformsRequest.php(21): Illuminate\\Pipeline\\Pipeline->{closure:{closure:Illuminate\\Pipeline\\Pipeline::carry():194}:195}()
#31 /home/mtsdrf/workspace/pegaticket-saas/api/vendor/laravel/framework/src/Illuminate/Foundation/Http/Middleware/ConvertEmptyStringsToNull.php(31): Illuminate\\Foundation\\Http\\Middleware\\TransformsRequest->handle()
#32 /home/mtsdrf/workspace/pegaticket-saas/api/vendor/laravel/framework/src/Illuminate/Pipeline/Pipeline.php(219): Illuminate\\Foundation\\Http\\Middleware\\ConvertEmptyStringsToNull->handle()
#33 /home/mtsdrf/workspace/pegaticket-saas/api/vendor/laravel/framework/src/Illuminate/Foundation/Http/Middleware/TransformsRequest.php(21): Illuminate\\Pipeline\\Pipeline->{closure:{closure:Illuminate\\Pipeline\\Pipeline::carry():194}:195}()
#34 /home/mtsdrf/workspace/pegaticket-saas/api/vendor/laravel/framework/src/Illuminate/Foundation/Http/Middleware/TrimStrings.php(51): Illuminate\\Foundation\\Http\\Middleware\\TransformsRequest->handle()
#35 /home/mtsdrf/workspace/pegaticket-saas/api/vendor/laravel/framework/src/Illuminate/Pipeline/Pipeline.php(219): Illuminate\\Foundation\\Http\\Middleware\\TrimStrings->handle()
#36 /home/mtsdrf/workspace/pegaticket-saas/api/vendor/laravel/framework/src/Illuminate/Http/Middleware/ValidatePostSize.php(27): Illuminate\\Pipeline\\Pipeline->{closure:{closure:Illuminate\\Pipeline\\Pipeline::carry():194}:195}()
#37 /home/mtsdrf/workspace/pegaticket-saas/api/vendor/laravel/framework/src/Illuminate/Pipeline/Pipeline.php(219): Illuminate\\Http\\Middleware\\ValidatePostSize->handle()
#38 /home/mtsdrf/workspace/pegaticket-saas/api/vendor/laravel/framework/src/Illuminate/Foundation/Http/Middleware/PreventRequestsDuringMaintenance.php(109): Illuminate\\Pipeline\\Pipeline->{closure:{closure:Illuminate\\Pipeline\\Pipeline::carry():194}:195}()
#39 /home/mtsdrf/workspace/pegaticket-saas/api/vendor/laravel/framework/src/Illuminate/Pipeline/Pipeline.php(219): Illuminate\\Foundation\\Http\\Middleware\\PreventRequestsDuringMaintenance->handle()
#40 /home/mtsdrf/workspace/pegaticket-saas/api/vendor/laravel/framework/src/Illuminate/Http/Middleware/HandleCors.php(74): Illuminate\\Pipeline\\Pipeline->{closure:{closure:Illuminate\\Pipeline\\Pipeline::carry():194}:195}()
#41 /home/mtsdrf/workspace/pegaticket-saas/api/vendor/laravel/framework/src/Illuminate/Pipeline/Pipeline.php(219): Illuminate\\Http\\Middleware\\HandleCors->handle()
#42 /home/mtsdrf/workspace/pegaticket-saas/api/vendor/laravel/framework/src/Illuminate/Http/Middleware/TrustProxies.php(58): Illuminate\\Pipeline\\Pipeline->{closure:{closure:Illuminate\\Pipeline\\Pipeline::carry():194}:195}()
#43 /home/mtsdrf/workspace/pegaticket-saas/api/vendor/laravel/framework/src/Illuminate/Pipeline/Pipeline.php(219): Illuminate\\Http\\Middleware\\TrustProxies->handle()
#44 /home/mtsdrf/workspace/pegaticket-saas/api/vendor/laravel/framework/src/Illuminate/Foundation/Http/Middleware/InvokeDeferredCallbacks.php(22): Illuminate\\Pipeline\\Pipeline->{closure:{closure:Illuminate\\Pipeline\\Pipeline::carry():194}:195}()
#45 /home/mtsdrf/workspace/pegaticket-saas/api/vendor/laravel/framework/src/Illuminate/Pipeline/Pipeline.php(219): Illuminate\\Foundation\\Http\\Middleware\\InvokeDeferredCallbacks->handle()
#46 /home/mtsdrf/workspace/pegaticket-saas/api/vendor/laravel/framework/src/Illuminate/Http/Middleware/ValidatePathEncoding.php(28): Illuminate\\Pipeline\\Pipeline->{closure:{closure:Illuminate\\Pipeline\\Pipeline::carry():194}:195}()
#47 /home/mtsdrf/workspace/pegaticket-saas/api/vendor/laravel/framework/src/Illuminate/Pipeline/Pipeline.php(219): Illuminate\\Http\\Middleware\\ValidatePathEncoding->handle()
#48 /home/mtsdrf/workspace/pegaticket-saas/api/vendor/laravel/framework/src/Illuminate/Pipeline/Pipeline.php(137): Illuminate\\Pipeline\\Pipeline->{closure:{closure:Illuminate\\Pipeline\\Pipeline::carry():194}:195}()
#49 /home/mtsdrf/workspace/pegaticket-saas/api/vendor/laravel/framework/src/Illuminate/Foundation/Http/Kernel.php(175): Illuminate\\Pipeline\\Pipeline->then()
#50 /home/mtsdrf/workspace/pegaticket-saas/api/vendor/laravel/framework/src/Illuminate/Foundation/Http/Kernel.php(144): Illuminate\\Foundation\\Http\\Kernel->sendRequestThroughRouter()
#51 /home/mtsdrf/workspace/pegaticket-saas/api/vendor/laravel/framework/src/Illuminate/Foundation/Testing/Concerns/MakesHttpRequests.php(607): Illuminate\\Foundation\\Http\\Kernel->handle()
#52 /home/mtsdrf/workspace/pegaticket-saas/api/vendor/laravel/framework/src/Illuminate/Foundation/Testing/Concerns/MakesHttpRequests.php(573): Illuminate\\Foundation\\Testing\\TestCase->call()
#53 /home/mtsdrf/workspace/pegaticket-saas/api/vendor/laravel/framework/src/Illuminate/Foundation/Testing/Concerns/MakesHttpRequests.php(471): Illuminate\\Foundation\\Testing\\TestCase->json()
#54 /home/mtsdrf/workspace/pegaticket-saas/api/tests/Feature/Sales/SaleTest.php(789): Illuminate\\Foundation\\Testing\\TestCase->patchJson()
#55 /home/mtsdrf/workspace/pegaticket-saas/api/vendor/phpunit/phpunit/src/Framework/TestCase.php(1318): Tests\\Feature\\Sales\\SaleTest->unpay_installment_reverts_order_cascade_without_touching_delivery()
#56 /home/mtsdrf/workspace/pegaticket-saas/api/vendor/phpunit/phpunit/src/Framework/TestCase.php(1355): PHPUnit\\Framework\\TestCase->invokeTestMethod()
#57 /home/mtsdrf/workspace/pegaticket-saas/api/vendor/phpunit/phpunit/src/Framework/TestCase.php(521): PHPUnit\\Framework\\TestCase->runTest()
#58 /home/mtsdrf/workspace/pegaticket-saas/api/vendor/phpunit/phpunit/src/Framework/TestRunner/TestRunner.php(99): PHPUnit\\Framework\\TestCase->runBare()
#59 /home/mtsdrf/workspace/pegaticket-saas/api/vendor/phpunit/phpunit/src/Framework/TestCase.php(361): PHPUnit\\Framework\\TestRunner->run()
#60 /home/mtsdrf/workspace/pegaticket-saas/api/vendor/phpunit/phpunit/src/Framework/TestSuite.php(374): PHPUnit\\Framework\\TestCase->run()
#61 /home/mtsdrf/workspace/pegaticket-saas/api/vendor/phpunit/phpunit/src/Framework/TestSuite.php(374): PHPUnit\\Framework\\TestSuite->run()
#62 /home/mtsdrf/workspace/pegaticket-saas/api/vendor/phpunit/phpunit/src/Framework/TestSuite.php(374): PHPUnit\\Framework\\TestSuite->run()
#63 /home/mtsdrf/workspace/pegaticket-saas/api/vendor/phpunit/phpunit/src/TextUI/TestRunner.php(64): PHPUnit\\Framework\\TestSuite->run()
#64 /home/mtsdrf/workspace/pegaticket-saas/api/vendor/phpunit/phpunit/src/TextUI/Application.php(229): PHPUnit\\TextUI\\TestRunner->run()
#65 /home/mtsdrf/workspace/pegaticket-saas/api/vendor/phpunit/phpunit/phpunit(104): PHPUnit\\TextUI\\Application->run()
#66 {main}
"} 
[2026-08-01 16:53:30] testing.ERROR: App\Http\Controllers\Sale\SaleController::unpayInstallment(): Argument #2 ($installment) must be of type App\Models\Sale\SaleInstallment, string given, called in /home/mtsdrf/workspace/pegaticket-saas/api/vendor/laravel/framework/src/Illuminate/Routing/ControllerDispatcher.php on line 46 {"userId":1,"exception":"[object] (TypeError(code: 0): App\\Http\\Controllers\\Sale\\SaleController::unpayInstallment(): Argument #2 ($installment) must be of type App\\Models\\Sale\\SaleInstallment, string given, called in /home/mtsdrf/workspace/pegaticket-saas/api/vendor/laravel/framework/src/Illuminate/Routing/ControllerDispatcher.php on line 46 at /home/mtsdrf/workspace/pegaticket-saas/api/app/Http/Controllers/Sale/SaleController.php:326)
[stacktrace]
#0 /home/mtsdrf/workspace/pegaticket-saas/api/vendor/laravel/framework/src/Illuminate/Routing/ControllerDispatcher.php(46): App\\Http\\Controllers\\Sale\\SaleController->unpayInstallment()
#1 /home/mtsdrf/workspace/pegaticket-saas/api/vendor/laravel/framework/src/Illuminate/Routing/Route.php(275): Illuminate\\Routing\\ControllerDispatcher->dispatch()
#2 /home/mtsdrf/workspace/pegaticket-saas/api/vendor/laravel/framework/src/Illuminate/Routing/Route.php(215): Illuminate\\Routing\\Route->runController()
#3 /home/mtsdrf/workspace/pegaticket-saas/api/vendor/laravel/framework/src/Illuminate/Routing/Router.php(822): Illuminate\\Routing\\Route->run()
#4 /home/mtsdrf/workspace/pegaticket-saas/api/vendor/laravel/framework/src/Illuminate/Pipeline/Pipeline.php(180): Illuminate\\Routing\\Router->{closure:Illuminate\\Routing\\Router::runRouteWithinStack():821}()
#5 /home/mtsdrf/workspace/pegaticket-saas/api/app/Http/Middleware/ThrottleRequests.php(45): Illuminate\\Pipeline\\Pipeline->{closure:Illuminate\\Pipeline\\Pipeline::prepareDestination():178}()
#6 /home/mtsdrf/workspace/pegaticket-saas/api/vendor/laravel/framework/src/Illuminate/Pipeline/Pipeline.php(219): App\\Http\\Middleware\\ThrottleRequests->handle()
#7 /home/mtsdrf/workspace/pegaticket-saas/api/app/Http/Middleware/CheckPermission.php(58): Illuminate\\Pipeline\\Pipeline->{closure:{closure:Illuminate\\Pipeline\\Pipeline::carry():194}:195}()
#8 /home/mtsdrf/workspace/pegaticket-saas/api/vendor/laravel/framework/src/Illuminate/Pipeline/Pipeline.php(219): App\\Http\\Middleware\\CheckPermission->handle()
#9 /home/mtsdrf/workspace/pegaticket-saas/api/app/Http/Middleware/ResolveTenant.php(66): Illuminate\\Pipeline\\Pipeline->{closure:{closure:Illuminate\\Pipeline\\Pipeline::carry():194}:195}()
#10 /home/mtsdrf/workspace/pegaticket-saas/api/vendor/laravel/framework/src/Illuminate/Pipeline/Pipeline.php(219): App\\Http\\Middleware\\ResolveTenant->handle()
#11 /home/mtsdrf/workspace/pegaticket-saas/api/app/Http/Middleware/JwtAccessMiddleware.php(67): Illuminate\\Pipeline\\Pipeline->{closure:{closure:Illuminate\\Pipeline\\Pipeline::carry():194}:195}()
#12 /home/mtsdrf/workspace/pegaticket-saas/api/vendor/laravel/framework/src/Illuminate/Pipeline/Pipeline.php(219): App\\Http\\Middleware\\JwtAccessMiddleware->handle()
#13 /home/mtsdrf/workspace/pegaticket-saas/api/vendor/laravel/framework/src/Illuminate/Routing/Middleware/SubstituteBindings.php(52): Illuminate\\Pipeline\\Pipeline->{closure:{closure:Illuminate\\Pipeline\\Pipeline::carry():194}:195}()
#14 /home/mtsdrf/workspace/pegaticket-saas/api/vendor/laravel/framework/src/Illuminate/Pipeline/Pipeline.php(219): Illuminate\\Routing\\Middleware\\SubstituteBindings->handle()
#15 /home/mtsdrf/workspace/pegaticket-saas/api/vendor/laravel/framework/src/Illuminate/Pipeline/Pipeline.php(137): Illuminate\\Pipeline\\Pipeline->{closure:{closure:Illuminate\\Pipeline\\Pipeline::carry():194}:195}()
#16 /home/mtsdrf/workspace/pegaticket-saas/api/vendor/laravel/framework/src/Illuminate/Routing/Router.php(821): Illuminate\\Pipeline\\Pipeline->then()
#17 /home/mtsdrf/workspace/pegaticket-saas/api/vendor/laravel/framework/src/Illuminate/Routing/Router.php(800): Illuminate\\Routing\\Router->runRouteWithinStack()
#18 /home/mtsdrf/workspace/pegaticket-saas/api/vendor/laravel/framework/src/Illuminate/Routing/Router.php(764): Illuminate\\Routing\\Router->runRoute()
#19 /home/mtsdrf/workspace/pegaticket-saas/api/vendor/laravel/framework/src/Illuminate/Routing/Router.php(753): Illuminate\\Routing\\Router->dispatchToRoute()
#20 /home/mtsdrf/workspace/pegaticket-saas/api/vendor/laravel/framework/src/Illuminate/Foundation/Http/Kernel.php(200): Illuminate\\Routing\\Router->dispatch()
#21 /home/mtsdrf/workspace/pegaticket-saas/api/vendor/laravel/framework/src/Illuminate/Pipeline/Pipeline.php(180): Illuminate\\Foundation\\Http\\Kernel->{closure:Illuminate\\Foundation\\Http\\Kernel::dispatchToRouter():197}()
#22 /home/mtsdrf/workspace/pegaticket-saas/api/app/Http/Middleware/SetLocale.php(17): Illuminate\\Pipeline\\Pipeline->{closure:Illuminate\\Pipeline\\Pipeline::prepareDestination():178}()
#23 /home/mtsdrf/workspace/pegaticket-saas/api/vendor/laravel/framework/src/Illuminate/Pipeline/Pipeline.php(219): App\\Http\\Middleware\\SetLocale->handle()
#24 /home/mtsdrf/workspace/pegaticket-saas/api/app/Http/Middleware/ApplicationRequestLogger.php(15): Illuminate\\Pipeline\\Pipeline->{closure:{closure:Illuminate\\Pipeline\\Pipeline::carry():194}:195}()
#25 /home/mtsdrf/workspace/pegaticket-saas/api/vendor/laravel/framework/src/Illuminate/Pipeline/Pipeline.php(219): App\\Http\\Middleware\\ApplicationRequestLogger->handle()
#26 /home/mtsdrf/workspace/pegaticket-saas/api/app/Http/Middleware/RequestId.php(16): Illuminate\\Pipeline\\Pipeline->{closure:{closure:Illuminate\\Pipeline\\Pipeline::carry():194}:195}()
#27 /home/mtsdrf/workspace/pegaticket-saas/api/vendor/laravel/framework/src/Illuminate/Pipeline/Pipeline.php(219): App\\Http\\Middleware\\RequestId->handle()
#28 /home/mtsdrf/workspace/pegaticket-saas/api/app/Http/Middleware/ApiHardening.php(14): Illuminate\\Pipeline\\Pipeline->{closure:{closure:Illuminate\\Pipeline\\Pipeline::carry():194}:195}()
#29 /home/mtsdrf/workspace/pegaticket-saas/api/vendor/laravel/framework/src/Illuminate/Pipeline/Pipeline.php(219): App\\Http\\Middleware\\ApiHardening->handle()
#30 /home/mtsdrf/workspace/pegaticket-saas/api/vendor/laravel/framework/src/Illuminate/Foundation/Http/Middleware/TransformsRequest.php(21): Illuminate\\Pipeline\\Pipeline->{closure:{closure:Illuminate\\Pipeline\\Pipeline::carry():194}:195}()
#31 /home/mtsdrf/workspace/pegaticket-saas/api/vendor/laravel/framework/src/Illuminate/Foundation/Http/Middleware/ConvertEmptyStringsToNull.php(31): Illuminate\\Foundation\\Http\\Middleware\\TransformsRequest->handle()
#32 /home/mtsdrf/workspace/pegaticket-saas/api/vendor/laravel/framework/src/Illuminate/Pipeline/Pipeline.php(219): Illuminate\\Foundation\\Http\\Middleware\\ConvertEmptyStringsToNull->handle()
#33 /home/mtsdrf/workspace/pegaticket-saas/api/vendor/laravel/framework/src/Illuminate/Foundation/Http/Middleware/TransformsRequest.php(21): Illuminate\\Pipeline\\Pipeline->{closure:{closure:Illuminate\\Pipeline\\Pipeline::carry():194}:195}()
#34 /home/mtsdrf/workspace/pegaticket-saas/api/vendor/laravel/framework/src/Illuminate/Foundation/Http/Middleware/TrimStrings.php(51): Illuminate\\Foundation\\Http\\Middleware\\TransformsRequest->handle()
#35 /home/mtsdrf/workspace/pegaticket-saas/api/vendor/laravel/framework/src/Illuminate/Pipeline/Pipeline.php(219): Illuminate\\Foundation\\Http\\Middleware\\TrimStrings->handle()
#36 /home/mtsdrf/workspace/pegaticket-saas/api/vendor/laravel/framework/src/Illuminate/Http/Middleware/ValidatePostSize.php(27): Illuminate\\Pipeline\\Pipeline->{closure:{closure:Illuminate\\Pipeline\\Pipeline::carry():194}:195}()
#37 /home/mtsdrf/workspace/pegaticket-saas/api/vendor/laravel/framework/src/Illuminate/Pipeline/Pipeline.php(219): Illuminate\\Http\\Middleware\\ValidatePostSize->handle()
#38 /home/mtsdrf/workspace/pegaticket-saas/api/vendor/laravel/framework/src/Illuminate/Foundation/Http/Middleware/PreventRequestsDuringMaintenance.php(109): Illuminate\\Pipeline\\Pipeline->{closure:{closure:Illuminate\\Pipeline\\Pipeline::carry():194}:195}()
#39 /home/mtsdrf/workspace/pegaticket-saas/api/vendor/laravel/framework/src/Illuminate/Pipeline/Pipeline.php(219): Illuminate\\Foundation\\Http\\Middleware\\PreventRequestsDuringMaintenance->handle()
#40 /home/mtsdrf/workspace/pegaticket-saas/api/vendor/laravel/framework/src/Illuminate/Http/Middleware/HandleCors.php(74): Illuminate\\Pipeline\\Pipeline->{closure:{closure:Illuminate\\Pipeline\\Pipeline::carry():194}:195}()
#41 /home/mtsdrf/workspace/pegaticket-saas/api/vendor/laravel/framework/src/Illuminate/Pipeline/Pipeline.php(219): Illuminate\\Http\\Middleware\\HandleCors->handle()
#42 /home/mtsdrf/workspace/pegaticket-saas/api/vendor/laravel/framework/src/Illuminate/Http/Middleware/TrustProxies.php(58): Illuminate\\Pipeline\\Pipeline->{closure:{closure:Illuminate\\Pipeline\\Pipeline::carry():194}:195}()
#43 /home/mtsdrf/workspace/pegaticket-saas/api/vendor/laravel/framework/src/Illuminate/Pipeline/Pipeline.php(219): Illuminate\\Http\\Middleware\\TrustProxies->handle()
#44 /home/mtsdrf/workspace/pegaticket-saas/api/vendor/laravel/framework/src/Illuminate/Foundation/Http/Middleware/InvokeDeferredCallbacks.php(22): Illuminate\\Pipeline\\Pipeline->{closure:{closure:Illuminate\\Pipeline\\Pipeline::carry():194}:195}()
#45 /home/mtsdrf/workspace/pegaticket-saas/api/vendor/laravel/framework/src/Illuminate/Pipeline/Pipeline.php(219): Illuminate\\Foundation\\Http\\Middleware\\InvokeDeferredCallbacks->handle()
#46 /home/mtsdrf/workspace/pegaticket-saas/api/vendor/laravel/framework/src/Illuminate/Http/Middleware/ValidatePathEncoding.php(28): Illuminate\\Pipeline\\Pipeline->{closure:{closure:Illuminate\\Pipeline\\Pipeline::carry():194}:195}()
#47 /home/mtsdrf/workspace/pegaticket-saas/api/vendor/laravel/framework/src/Illuminate/Pipeline/Pipeline.php(219): Illuminate\\Http\\Middleware\\ValidatePathEncoding->handle()
#48 /home/mtsdrf/workspace/pegaticket-saas/api/vendor/laravel/framework/src/Illuminate/Pipeline/Pipeline.php(137): Illuminate\\Pipeline\\Pipeline->{closure:{closure:Illuminate\\Pipeline\\Pipeline::carry():194}:195}()
#49 /home/mtsdrf/workspace/pegaticket-saas/api/vendor/laravel/framework/src/Illuminate/Foundation/Http/Kernel.php(175): Illuminate\\Pipeline\\Pipeline->then()
#50 /home/mtsdrf/workspace/pegaticket-saas/api/vendor/laravel/framework/src/Illuminate/Foundation/Http/Kernel.php(144): Illuminate\\Foundation\\Http\\Kernel->sendRequestThroughRouter()
#51 /home/mtsdrf/workspace/pegaticket-saas/api/vendor/laravel/framework/src/Illuminate/Foundation/Testing/Concerns/MakesHttpRequests.php(607): Illuminate\\Foundation\\Http\\Kernel->handle()
#52 /home/mtsdrf/workspace/pegaticket-saas/api/vendor/laravel/framework/src/Illuminate/Foundation/Testing/Concerns/MakesHttpRequests.php(573): Illuminate\\Foundation\\Testing\\TestCase->call()
#53 /home/mtsdrf/workspace/pegaticket-saas/api/vendor/laravel/framework/src/Illuminate/Foundation/Testing/Concerns/MakesHttpRequests.php(471): Illuminate\\Foundation\\Testing\\TestCase->json()
#54 /home/mtsdrf/workspace/pegaticket-saas/api/tests/Feature/Sales/SaleTest.php(836): Illuminate\\Foundation\\Testing\\TestCase->patchJson()
#55 /home/mtsdrf/workspace/pegaticket-saas/api/vendor/phpunit/phpunit/src/Framework/TestCase.php(1318): Tests\\Feature\\Sales\\SaleTest->unpay_installment_is_blocked_when_installment_is_not_paid()
#56 /home/mtsdrf/workspace/pegaticket-saas/api/vendor/phpunit/phpunit/src/Framework/TestCase.php(1355): PHPUnit\\Framework\\TestCase->invokeTestMethod()
#57 /home/mtsdrf/workspace/pegaticket-saas/api/vendor/phpunit/phpunit/src/Framework/TestCase.php(521): PHPUnit\\Framework\\TestCase->runTest()
#58 /home/mtsdrf/workspace/pegaticket-saas/api/vendor/phpunit/phpunit/src/Framework/TestRunner/TestRunner.php(99): PHPUnit\\Framework\\TestCase->runBare()
#59 /home/mtsdrf/workspace/pegaticket-saas/api/vendor/phpunit/phpunit/src/Framework/TestCase.php(361): PHPUnit\\Framework\\TestRunner->run()
#60 /home/mtsdrf/workspace/pegaticket-saas/api/vendor/phpunit/phpunit/src/Framework/TestSuite.php(374): PHPUnit\\Framework\\TestCase->run()
#61 /home/mtsdrf/workspace/pegaticket-saas/api/vendor/phpunit/phpunit/src/Framework/TestSuite.php(374): PHPUnit\\Framework\\TestSuite->run()
#62 /home/mtsdrf/workspace/pegaticket-saas/api/vendor/phpunit/phpunit/src/Framework/TestSuite.php(374): PHPUnit\\Framework\\TestSuite->run()
#63 /home/mtsdrf/workspace/pegaticket-saas/api/vendor/phpunit/phpunit/src/TextUI/TestRunner.php(64): PHPUnit\\Framework\\TestSuite->run()
#64 /home/mtsdrf/workspace/pegaticket-saas/api/vendor/phpunit/phpunit/src/TextUI/Application.php(229): PHPUnit\\TextUI\\TestRunner->run()
#65 /home/mtsdrf/workspace/pegaticket-saas/api/vendor/phpunit/phpunit/phpunit(104): PHPUnit\\TextUI\\Application->run()
#66 {main}
"} 
[2026-08-01 16:53:33] testing.WARNING: Falha ao enviar Web Push notification {"push_subscription_id":1,"final_customer_id":1,"error":"timeout"} 
[2026-08-01 17:04:14] testing.WARNING: Web Push (VAPID) mal configurado — notificações push desativadas até corrigir o .env {"error":"[VAPID] You must provide a subject that is either a mailto: or a URL."} 
[2026-08-01 17:04:18] testing.WARNING: Falha ao enviar Web Push notification {"push_subscription_id":1,"final_customer_id":1,"error":"timeout"} 
